"","global","habitat","site","treatment","plot","trait","mean","variance","skewness","kurtosis"
"1","global","fen","1","control","D1C","CN_ratio",41.9318237241,333.090845811264,0.609884713850851,-0.937941836908658
"2","global","fen","1","control","D1C","LDMC",0.408328378501739,0.00253675060283105,-0.108147886422992,-0.138842776594239
"3","global","fen","1","control","D1C","SLA",104.262857463073,648.531775183146,0.957243572117156,1.55245936400399
"4","global","fen","1","control","D1C","d13C",-28.7381,1.09819938383838,-0.275837138513238,-0.654186420384013
"5","global","fen","1","control","D1C","d15N",-3.8205,11.6761603535354,0.14971901121868,-1.61615070387363
"6","global","fen","1","control","D1C","dweight",0.0599705833333333,0.00376581112156987,1.65891331807647,1.68190211426681
"7","global","fen","1","control","D1C","fweight",0.115588583333333,0.0147409734871703,2.49637124809442,5.95317051970399
"8","global","fen","1","control","D1C","height",8.33933333333333,69.7557590909091,2.68737834937563,8.89847530762775
"9","global","fen","1","control","D1C","leafa",5.5867858333525,22.6024411298481,1.69154739747931,1.99416063581631
"10","global","fen","1","control","D1C","wC",50.0732,7.96714925252525,-0.237367416746844,-1.37872376839664
"11","global","fen","1","control","D1C","wN",1.4276,0.244749737373737,0.0143507283080855,-0.997313288470558
"12","global","fen","1","snowfence","D1SF","CN_ratio",34.7789184915,232.478134317594,1.59041456896,1.64859123887606
"13","global","fen","1","snowfence","D1SF","LDMC",0.3965210367855,0.00295407934386582,-0.616388986695684,0.670285342218944
"14","global","fen","1","snowfence","D1SF","SLA",104.51193727518,498.492732898702,0.786285824694881,1.27169101937184
"15","global","fen","1","snowfence","D1SF","d13C",-28.772,1.47930101010101,-0.268265215424499,-0.866979966805726
"16","global","fen","1","snowfence","D1SF","d15N",-3.157,8.29997676767677,-0.42010004748039,-0.998791419639583
"17","global","fen","1","snowfence","D1SF","dweight",0.0405314166666667,0.000586074797776375,1.08989153512005,0.516977349401521
"18","global","fen","1","snowfence","D1SF","fweight",0.124959083333333,0.00928286083627245,2.39178438585633,8.85998993498016
"19","global","fen","1","snowfence","D1SF","height",8.56058333333333,39.1576751613356,2.10464155359441,7.16386581750357
"20","global","fen","1","snowfence","D1SF","leafa",4.68309016580917,7.06086095431357,2.18867399082739,5.5251491606215
"21","global","fen","1","snowfence","D1SF","wC",49.5559,5.55552948484848,0.131662496316593,-1.13033131012236
"22","global","fen","1","snowfence","D1SF","wN",1.6305,0.159164393939394,-0.900133338039465,0.523840409797112
"23","global","fen","2","control","D2C","CN_ratio",29.9033619444,62.3951180251872,2.05744271747522,5.4718494004639
"24","global","fen","2","control","D2C","LDMC",0.384112405487096,0.00200371531496171,-3.53054502527041,22.0408506073568
"25","global","fen","2","control","D2C","SLA",100.592560670369,725.039527802888,0.969770131899254,1.06532290614578
"26","global","fen","2","control","D2C","d13C",-28.0881,1.38239332323232,-0.972489418352233,0.214696174706541
"27","global","fen","2","control","D2C","d15N",-1.1274,4.04100327272727,-1.29001220124949,1.38389993062582
"28","global","fen","2","control","D2C","dweight",0.0536133333333333,0.00182984587822671,2.34699197166937,8.76224360798805
"29","global","fen","2","control","D2C","fweight",0.143291083333333,0.00859131513784371,0.361829543587668,-0.82965417839771
"30","global","fen","2","control","D2C","height",9.20091666666667,22.7295481130752,0.0803995675536872,-0.511831548752812
"31","global","fen","2","control","D2C","leafa",4.793473606955,7.55536363494936,0.51777356331556,0.355157633207247
"32","global","fen","2","control","D2C","wC",47.4138,6.27524804040404,-0.623943779301818,2.91600330633213
"33","global","fen","2","control","D2C","wN",1.7225,0.0997785353535354,-0.499987588282799,-0.597668171706209
"34","global","fen","2","snowfence","D2SF","CN_ratio",31.1032125701,104.78905808785,1.77152102270274,3.03081239094785
"35","global","fen","2","snowfence","D2SF","LDMC",0.379949726779323,0.00238954150917199,0.16215407360954,0.729450945011648
"36","global","fen","2","snowfence","D2SF","SLA",110.057948918701,739.792480259802,0.634307644383106,0.714541331654862
"37","global","fen","2","snowfence","D2SF","d13C",-28.1487,0.762435666666667,-0.547566236544062,0.472220438388261
"38","global","fen","2","snowfence","D2SF","d15N",-1.6229,6.16570160606061,-1.04236846107539,0.162586560091254
"39","global","fen","2","snowfence","D2SF","dweight",0.0431839166666667,0.000929435878584456,0.759886765609338,-0.70049246186172
"40","global","fen","2","snowfence","D2SF","fweight",0.113999275,0.00530535234167586,0.683898942011505,-0.643649230610788
"41","global","fen","2","snowfence","D2SF","height",6.75158333333333,19.8462159020763,1.02136220138493,0.765658479140555
"42","global","fen","2","snowfence","D2SF","leafa",3.72565051681333,6.92875636669842,0.907041076348845,-0.0294889457560585
"43","global","fen","2","snowfence","D2SF","wC",47.9349,5.69706968686869,-0.00483967349651013,1.25835723143533
"44","global","fen","2","snowfence","D2SF","wN",1.6216,0.133783272727273,-0.341289279570534,-0.560731641246352
"45","global","fen","3","control","D3C","CN_ratio",27.3604970188,39.6680698292007,3.86857416203598,22.7416490585104
"46","global","fen","3","control","D3C","LDMC",0.387573262945527,0.00137802961077091,0.135494625614138,1.02192047184721
"47","global","fen","3","control","D3C","SLA",100.241775459166,535.737641531668,0.968897011491002,1.98176117965412
"48","global","fen","3","control","D3C","d13C",-27.833,1.06025353535354,-1.46997993868428,2.11197148111919
"49","global","fen","3","control","D3C","d15N",-0.8002,3.83744844444444,-1.88982757658459,2.96753461118458
"50","global","fen","3","control","D3C","dweight",0.0460073333333333,0.00102868087160494,0.380082865006428,-1.281135408405
"51","global","fen","3","control","D3C","fweight",0.123424,0.00753385683681257,0.375427822745968,-1.404042855038
"52","global","fen","3","control","D3C","height",8.63133333333333,18.6852751402918,0.163699842388664,-1.11591244580322
"53","global","fen","3","control","D3C","leafa",4.35794597829333,6.11461754875586,0.229067138296231,-1.11629335890965
"54","global","fen","3","control","D3C","wC",47.2545,2.93837449494949,2.15052469674046,4.3646256356931
"55","global","fen","3","control","D3C","wN",1.7017,0.0892324343434343,-0.65934833777191,0.0802806288577864
"56","global","fen","3","snowfence","D3SF","CN_ratio",26.3702706772,19.6721697957879,1.6682754100908,3.74740811261786
"57","global","fen","3","snowfence","D3SF","LDMC",0.384004714088565,0.00164283909448833,-0.032000325818368,3.38696997839042
"58","global","fen","3","snowfence","D3SF","SLA",100.77688351068,647.400332431927,0.936573788536248,0.977718789943089
"59","global","fen","3","snowfence","D3SF","d13C",-27.7759,0.687161808080808,-0.750062340639099,0.490297651847916
"60","global","fen","3","snowfence","D3SF","d15N",-0.8845,4.0130148989899,-2.11067173717196,5.57023147508232
"61","global","fen","3","snowfence","D3SF","dweight",0.0613124166666667,0.00126468443672138,-0.0631610790092594,-1.14181009036212
"62","global","fen","3","snowfence","D3SF","fweight",0.156893808333333,0.00720878455701817,-0.234503550000867,-1.30773725720081
"63","global","fen","3","snowfence","D3SF","height",9.09825,16.6326687640292,0.303630995117296,0.249538642279699
"64","global","fen","3","snowfence","D3SF","leafa",5.3027935727125,9.71711189488871,0.925852393753499,2.52610245495777
"65","global","fen","3","snowfence","D3SF","wC",46.9604,4.00103014141414,-1.17027625011681,6.95773020005118
"66","global","fen","3","snowfence","D3SF","wN",1.715,0.0937262626262626,-0.639105174337718,0.8068917853766
"67","global","fen","4","control","D4C","CN_ratio",33.2304831431,208.629740243871,2.0218937015588,3.74759067610033
"68","global","fen","4","control","D4C","LDMC",0.393537447518935,0.00301859869303043,0.167637212030216,0.116273904691123
"69","global","fen","4","control","D4C","SLA",119.744545430044,1172.66821574017,0.309254350047266,-1.12820633426437
"70","global","fen","4","control","D4C","d13C",-28.1023,0.814492636363636,-0.317581780519779,-0.171505932231549
"71","global","fen","4","control","D4C","d15N",-1.6891,8.99366483838384,-0.889891605335447,-0.789831914432773
"72","global","fen","4","control","D4C","dweight",0.033683,0.000308079392424242,1.25103567398899,1.53389327903686
"73","global","fen","4","control","D4C","fweight",0.0741459833333333,0.00313111482015123,1.75368872751248,3.22341208698243
"74","global","fen","4","control","D4C","height",6.51083333333333,14.7468188832772,1.73048746332982,3.86161688314077
"75","global","fen","4","control","D4C","leafa",3.405026897465,4.7285840362374,0.630720654521702,-0.56484404206171
"76","global","fen","4","control","D4C","wC",48.4596,7.99565236363636,0.598332282037516,-1.17511469648762
"77","global","fen","4","control","D4C","wN",1.5526,0.20747195959596,-0.444190370387526,-0.87618032208
"78","global","fen","4","snowfence","D4SF","CN_ratio",40.3802012069,325.844693414558,0.575315082340196,-1.05979467074346
"79","global","fen","4","snowfence","D4SF","LDMC",0.400116982240368,0.0041483369269966,-0.223466483728409,-0.187981564513648
"80","global","fen","4","snowfence","D4SF","SLA",105.221542848869,668.433640603694,0.874738702625451,0.513259151547532
"81","global","fen","4","snowfence","D4SF","d13C",-28.3756,0.965287515151515,-0.739425914028269,-0.135099964788636
"82","global","fen","4","snowfence","D4SF","d15N",-2.4229,10.6517743333333,-0.461127673695124,-1.36517788254439
"83","global","fen","4","snowfence","D4SF","dweight",0.0403840833333333,0.000660821671008698,1.17983662402402,0.951492544644756
"84","global","fen","4","snowfence","D4SF","fweight",0.09982425,0.00354030259833754,1.18502869273196,0.577333938374936
"85","global","fen","4","snowfence","D4SF","height",5.776,9.57765751964085,1.04554417742242,0.560743618685975
"86","global","fen","4","snowfence","D4SF","leafa",3.71619033943583,3.7106934563494,0.604946589717182,-0.449648393595744
"87","global","fen","4","snowfence","D4SF","wC",49.4548,10.9927161212121,-0.478167583216205,-0.11323624863229
"88","global","fen","4","snowfence","D4SF","wN",1.4406,0.233128929292929,-0.0506752168171182,-0.970153604637418
"89","global","fen","5","control","D5C","CN_ratio",27.24995251702,46.7605810335162,0.463681305865297,0.779062539150314
"90","global","fen","5","control","D5C","LDMC",0.376763009708551,0.00300887340706688,-0.820732839411503,0.360964428124163
"91","global","fen","5","control","D5C","SLA",117.128040268847,1518.20188209926,0.704253594978271,-0.565193786413466
"92","global","fen","5","control","D5C","d13C",-28.6843,1.47158839393939,-0.108686980479988,-1.28257449984112
"93","global","fen","5","control","D5C","d15N",-1.7007,5.83905506060606,-1.09361200427548,0.679014835373603
"94","global","fen","5","control","D5C","dweight",0.062285,0.00257710420173962,1.61478950511903,2.53499119961172
"95","global","fen","5","control","D5C","fweight",0.140562816666667,0.0107411900017085,1.71335328029459,3.72863373659304
"96","global","fen","5","control","D5C","height",11.0180833333333,81.3364983936588,2.10447741719317,4.47268763415555
"97","global","fen","5","control","D5C","leafa",6.57958218609667,22.9212244163739,1.97024286445796,3.28603151965893
"98","global","fen","5","control","D5C","wC",48.3541,4.92660221212121,-0.643038083407346,2.69212038829482
"99","global","fen","5","control","D5C","wN",1.794,0.173606060606061,2.90481700855342,17.8989034886406
"100","global","fen","5","snowfence","D5SF","CN_ratio",38.02864609298,333.104086738246,0.846106914281598,-0.482366785926583
"101","global","fen","5","snowfence","D5SF","LDMC",0.417115479463179,0.00380521904743887,-1.21988860449314,2.1562111110855
"102","global","fen","5","snowfence","D5SF","SLA",108.694917154953,959.239263461289,1.79563431256439,3.876795056148
"103","global","fen","5","snowfence","D5SF","d13C",-28.7678,0.944995111111111,-0.404805617963025,-0.43359533515021
"104","global","fen","5","snowfence","D5SF","d15N",-3.7604,8.93336145454546,-0.274137639592365,-0.633052252388521
"105","global","fen","5","snowfence","D5SF","dweight",0.0676360833333333,0.00425961057246773,1.635669129407,1.37432242701309
"106","global","fen","5","snowfence","D5SF","fweight",0.17603225,0.0286131024153409,1.62089986647784,1.40609980429839
"107","global","fen","5","snowfence","D5SF","height",11.51525,153.732034308361,2.04791874154323,3.74588379004511
"108","global","fen","5","snowfence","D5SF","leafa",6.37617725328167,31.6737259933059,1.748210834448,2.1091821323884
"109","global","fen","5","snowfence","D5SF","wC",49.8872,9.10625874747475,-0.316402311700856,-1.12472862962231
"110","global","fen","5","snowfence","D5SF","wN",1.5657,0.520630818181818,1.51659888511372,4.2289506362587
"111","global","heath","1","control","E1C","CN_ratio",51.0147457477,222.122304634193,-0.584050625239489,-0.783275883558056
"112","global","heath","1","control","E1C","LDMC",0.43609726681816,0.00119324461099518,-0.983034542058362,1.68351781141806
"113","global","heath","1","control","E1C","SLA",98.4992355252168,251.74293941757,0.642337812487319,-0.147769316290397
"114","global","heath","1","control","E1C","d13C",-28.2868,1.54257551515152,-0.750978218404678,-0.483440280103332
"115","global","heath","1","control","E1C","d15N",-6.7605,2.49454823232323,0.510768291628899,-0.222512269659997
"116","global","heath","1","control","E1C","dweight",0.0402506666666667,0.000130457085690236,0.237031270806702,-0.347390591105759
"117","global","heath","1","control","E1C","fweight",0.0952445,0.000598466174551066,0.245172200474799,-0.651944906094626
"118","global","heath","1","control","E1C","height",7.38816666666667,7.67118150953984,2.17323619924721,10.0070135258708
"119","global","heath","1","control","E1C","leafa",3.96163978019417,1.07211979614515,0.229907095361413,-0.6585067900096
"120","global","heath","1","control","E1C","wC",52.0361,2.25056948484848,-0.273385748690227,0.0554418391111908
"121","global","heath","1","control","E1C","wN",1.0196,0.133805898989899,1.6985230167055,1.85018542928688
"122","global","heath","1","snowfence","E1SF","CN_ratio",48.02962905807,348.859113896073,0.04141245816399,-1.14706603038543
"123","global","heath","1","snowfence","E1SF","LDMC",0.429503234421797,0.00136118735347654,-1.42731816170477,5.73919486433148
"124","global","heath","1","snowfence","E1SF","SLA",102.453154868058,345.552145414124,0.505095638858636,-0.450517646091694
"125","global","heath","1","snowfence","E1SF","d13C",-28.7427,2.14468455555556,-0.569171658057655,-0.901463264874107
"126","global","heath","1","snowfence","E1SF","d15N",-6.1243,6.3190186969697,0.470895613783392,-0.0130472717658101
"127","global","heath","1","snowfence","E1SF","dweight",0.03841525,0.000117279962198373,0.464625056293506,-0.0836730734768718
"128","global","heath","1","snowfence","E1SF","fweight",0.0920428333333333,0.000759971014337823,0.728840457998627,1.5335723474286
"129","global","heath","1","snowfence","E1SF","height",9.23516666666667,18.9689514309764,1.20078546857774,1.5174499293907
"130","global","heath","1","snowfence","E1SF","leafa",4.12999145937583,1.82370353436634,-0.12200057503293,-0.431326469156571
"131","global","heath","1","snowfence","E1SF","wC",51.1186,3.64681014141414,-0.33384469320443,-0.346627567139005
"132","global","heath","1","snowfence","E1SF","wN",1.1783,0.221062737373737,0.961501280673105,-0.448387124696255
"133","global","heath","2","control","E2C","CN_ratio",56.2974170174,170.931461375897,-0.722209675019183,1.08777751888263
"134","global","heath","2","control","E2C","LDMC",0.44120050367242,0.000743397342496881,-0.37499682177274,-0.441814876261645
"135","global","heath","2","control","E2C","SLA",96.0315033096958,216.505249183768,1.094570303259,2.08015660209438
"136","global","heath","2","control","E2C","d13C",-28.2836,1.26259296969697,-1.02287670044257,0.0365616038980603
"137","global","heath","2","control","E2C","d15N",-7.0633,4.18497182828283,-0.00811122496114571,0.612714864644222
"138","global","heath","2","control","E2C","dweight",0.0456013333333333,0.000729273304882155,4.44113058899,25.3160469232337
"139","global","heath","2","control","E2C","fweight",0.0970675,0.000631489473204265,0.213893061428104,-0.89624989576153
"140","global","heath","2","control","E2C","height",7.4545,13.595532295174,2.34530629934567,6.92338214065759
"141","global","heath","2","control","E2C","leafa",3.86446801981583,1.86569629438697,4.09419644002729,28.2518200368252
"142","global","heath","2","control","E2C","wC",52.2066,2.12447317171717,-0.341785885723289,0.0259672769217754
"143","global","heath","2","control","E2C","wN",1.0413,0.112655868686869,1.86598507679117,2.54531909741311
"144","global","heath","2","snowfence","E2SF","CN_ratio",52.2226010123,211.065454516399,-0.400311452337658,-0.17419992932123
"145","global","heath","2","snowfence","E2SF","LDMC",0.433397857583225,0.00110637586315289,-0.0929079332469865,-0.770562214568002
"146","global","heath","2","snowfence","E2SF","SLA",101.735360977402,354.170280020936,0.753919849672023,-0.215091278036836
"147","global","heath","2","snowfence","E2SF","d13C",-28.431,1.36826565656566,-0.71166040131089,-0.360180547674633
"148","global","heath","2","snowfence","E2SF","d15N",-6.6963,4.66447809090909,0.894893876563638,1.28491321170752
"149","global","heath","2","snowfence","E2SF","dweight",0.0485629166666667,0.00103875571320847,4.00427107171322,18.4524313623403
"150","global","heath","2","snowfence","E2SF","fweight",0.139872583333333,0.0192756432369458,2.49226807122819,5.15494133722131
"151","global","heath","2","snowfence","E2SF","height",9.80341666666667,61.5188623667228,2.67047837098919,7.10866750556012
"152","global","heath","2","snowfence","E2SF","leafa",5.14248004863833,14.2603269164038,3.18964402854665,10.3917311749094
"153","global","heath","2","snowfence","E2SF","wC",51.8971,2.98419655555556,-0.600051899000172,0.112334517353756
"154","global","heath","2","snowfence","E2SF","wN",1.0442,0.158778141414141,1.43899278376222,0.898937375723027
"155","global","heath","3","control","E3C","CN_ratio",58.2700627616,155.346294426607,-0.122597700342091,0.658439573590285
"156","global","heath","3","control","E3C","LDMC",0.448956018456986,0.000909236634543879,-1.80061089070058,6.41915743882536
"157","global","heath","3","control","E3C","SLA",94.1696652421483,226.00378533535,1.21020096290043,3.17448467129331
"158","global","heath","3","control","E3C","d13C",-27.8716,0.677542868686869,-1.04186641611426,1.33844379340649
"159","global","heath","3","control","E3C","d15N",-7.0665,2.73430782828283,0.783343975267458,0.325462164471165
"160","global","heath","3","control","E3C","dweight",0.0413785833333333,0.000147334739414983,0.450631143952296,-0.89765790195796
"161","global","heath","3","control","E3C","fweight",0.095186,0.000785411059034792,0.177449540956196,-0.85342244191627
"162","global","heath","3","control","E3C","height",6.84875,7.01238688973064,2.5713635475696,13.3166168233665
"163","global","heath","3","control","E3C","leafa",4.04262414624833,1.06866767912266,0.0969773194493984,-0.890064213472055
"164","global","heath","3","control","E3C","wC",52.4375,2.4069946969697,-2.28233267804509,11.4558981419389
"165","global","heath","3","control","E3C","wN",0.9563,0.0899750606060606,2.27042945330672,5.53585628617184
"166","global","heath","3","snowfence","E3SF","CN_ratio",58.0432455928,163.675382023001,-0.551194889973456,0.900720538632711
"167","global","heath","3","snowfence","E3SF","LDMC",0.435840094303577,0.00091865953626762,-0.202167505019556,-0.490350630003848
"168","global","heath","3","snowfence","E3SF","SLA",101.40865007962,431.053356046393,1.28372906135662,1.2101183986317
"169","global","heath","3","snowfence","E3SF","d13C",-28.2068,1.29824016161616,-0.935298830626969,0.117563122468265
"170","global","heath","3","snowfence","E3SF","d15N",-6.6519,4.36261352525253,0.510585690452158,1.21768297812367
"171","global","heath","3","snowfence","E3SF","dweight",0.0424223333333333,0.000117915075589226,0.518559959194583,-0.536899038376814
"172","global","heath","3","snowfence","E3SF","fweight",0.0982968333333333,0.000634995859680135,0.433653834986792,-0.855436936778359
"173","global","heath","3","snowfence","E3SF","height",7.90175,16.4489847011785,1.96158636301806,4.29421436841926
"174","global","heath","3","snowfence","E3SF","leafa",4.17437850314917,1.38439858022621,1.08041077797719,3.32793449108368
"175","global","heath","3","snowfence","E3SF","wC",52.1027,2.49171485858586,-0.46053504725667,0.0469208656735791
"176","global","heath","3","snowfence","E3SF","wN",1.0172,0.121472888888889,1.76546258780966,2.07596342484312
"177","global","heath","4","control","E4C","CN_ratio",55.35599757557,215.723541857049,-0.733221758609483,0.616284002259065
"178","global","heath","4","control","E4C","LDMC",0.437432178653113,0.00198923342863126,-3.2198929761068,12.7194540925029
"179","global","heath","4","control","E4C","SLA",97.1463599175839,598.831384124782,3.76950894983828,17.524891473979
"180","global","heath","4","control","E4C","d13C",-28.0797,0.911132232323232,-1.16105921257471,1.45817005309202
"181","global","heath","4","control","E4C","d15N",-6.718,3.06564848484849,2.84988106411857,14.7573805143008
"182","global","heath","4","control","E4C","dweight",0.0400215,0.000127093117536476,0.124510817972287,0.211292920585319
"183","global","heath","4","control","E4C","fweight",0.0908046333333333,0.000740279948910213,0.495933889026942,-0.488108059254681
"184","global","heath","4","control","E4C","height",6.81091666666667,6.70719093013468,1.40013547836966,4.24924815741509
"185","global","heath","4","control","E4C","leafa",3.92980054947667,1.31332404796215,-0.211166953613918,-0.238360176714007
"186","global","heath","4","control","E4C","wC",51.9746,2.74635438383838,-1.52723470124994,3.90636769490222
"187","global","heath","4","control","E4C","wN",1.1322,0.391926424242424,3.71686031633561,16.3507883612094
"188","global","heath","4","snowfence","E4SF","CN_ratio",43.2775479703,305.05612618421,0.473066102292835,-1.12491021774491
"189","global","heath","4","snowfence","E4SF","LDMC",0.423342576263878,0.00106811092129256,0.177945258448842,-0.594545972615206
"190","global","heath","4","snowfence","E4SF","SLA",107.274711318051,352.990494773112,0.304158447717013,-1.05396114316084
"191","global","heath","4","snowfence","E4SF","d13C",-29.04,2.14306666666667,-0.0803368969602802,-1.22638633583673
"192","global","heath","4","snowfence","E4SF","d15N",-5.4048,6.20136864646465,0.300901282269036,-1.19601596759424
"193","global","heath","4","snowfence","E4SF","dweight",0.0524909166666667,0.00177440416820286,2.86372680614791,8.24620162808869
"194","global","heath","4","snowfence","E4SF","fweight",0.121936083333333,0.0116197681804924,3.20026071609965,10.0177285654457
"195","global","heath","4","snowfence","E4SF","height",9.63008333333333,34.7599942410213,2.30127871172413,6.64102782220209
"196","global","heath","4","snowfence","E4SF","leafa",5.58693139168583,16.0173641508443,2.33109597642655,4.92361350852283
"197","global","heath","4","snowfence","E4SF","wC",50.841,3.31778080808081,-0.311098936560587,0.756504088795819
"198","global","heath","4","snowfence","E4SF","wN",1.3657,0.24685304040404,0.125234711807642,-1.6392008561842
"199","global","heath","5","control","E5C","CN_ratio",54.5406550219,205.60305928106,-0.479337352811291,-0.0156324070074629
"200","global","heath","5","control","E5C","LDMC",0.438919319893359,0.000981673472965766,-0.771777780594678,-0.093317459708798
"201","global","heath","5","control","E5C","SLA",93.3993310289922,312.394514847466,0.0608949119479785,-1.14864921532502
"202","global","heath","5","control","E5C","d13C",-28.577,1.72387777777778,-0.356533365562273,-1.21253474304749
"203","global","heath","5","control","E5C","d15N",-6.9097,4.03930798989899,1.00721463190045,2.14916784723928
"204","global","heath","5","control","E5C","dweight",0.0415855,0.000143280114506173,0.510691961889939,-0.9076016168145
"205","global","heath","5","control","E5C","fweight",0.0950359166666667,0.000725675284364478,0.347335050050717,-0.883098125912255
"206","global","heath","5","control","E5C","height",7.06933333333333,12.7368138047138,1.99768430650996,5.49170427793622
"207","global","heath","5","control","E5C","leafa",3.80188616355083,1.32652175222238,0.214294709044405,-0.669404231962495
"208","global","heath","5","control","E5C","wC",51.7073,2.94930273737374,-1.90165675826961,9.19289124949471
"209","global","heath","5","control","E5C","wN",0.9887,0.0902457676767677,2.13507556753827,4.15523765242331
"210","global","heath","5","snowfence","E5SF","CN_ratio",47.6087724895,246.646060404064,-0.0718342951037795,-1.15721743510521
"211","global","heath","5","snowfence","E5SF","LDMC",0.43201777773812,0.00129400721300002,-0.568809441662105,-0.604340756721828
"212","global","heath","5","snowfence","E5SF","SLA",96.8162794494626,229.721812527505,0.809193817282875,0.65064203399583
"213","global","heath","5","snowfence","E5SF","d13C",-28.4322,1.31718501010101,-0.822373195364847,-0.0372238465042409
"214","global","heath","5","snowfence","E5SF","d15N",-5.8875,7.42157651515152,1.23134519064514,1.45361196743762
"215","global","heath","5","snowfence","E5SF","dweight",0.06035575,0.00268900774788861,2.34356617145013,4.64980345584885
"216","global","heath","5","snowfence","E5SF","fweight",0.14852825,0.0193347756900884,2.18377299326164,3.87311574092301
"217","global","heath","5","snowfence","E5SF","height",11.7815,98.5914514309764,1.87764346991395,2.58750428926341
"218","global","heath","5","snowfence","E5SF","leafa",5.83363669803333,20.7610925505697,2.21469151386853,4.25039782887817
"219","global","heath","5","snowfence","E5SF","wC",50.5886,15.8070242828283,-2.00550526153765,3.19376065456654
"220","global","heath","5","snowfence","E5SF","wN",1.1593,0.165180313131313,1.21902971097001,0.0319368178728383
"221","global","ridge","1","control","X1C","CN_ratio",61.3134037748,439.671426147015,-0.76934555263723,-1.02514079284378
"222","global","ridge","1","control","X1C","LDMC",0.467691393840076,0.000852585164434992,-0.274645894886505,-0.247008879781313
"223","global","ridge","1","control","X1C","SLA",93.2888715446092,404.971104735468,-0.312939795179415,0.999156033824373
"224","global","ridge","1","control","X1C","d13C",-28.9538,0.681872282828283,-0.827043340335893,-0.128672820627398
"225","global","ridge","1","control","X1C","d15N",-5.2281,3.40542968686869,1.28846454320664,1.99437210455088
"226","global","ridge","1","control","X1C","dweight",0.0352611666666667,6.59554773007856e-05,0.316260444867398,-0.0411793680587613
"227","global","ridge","1","control","X1C","fweight",0.0786757833333333,0.000469871959944164,0.142193184828884,-0.848033897771442
"228","global","ridge","1","control","X1C","height",3.24316666666667,3.90464980359147,3.49853066649698,15.5819193277569
"229","global","ridge","1","control","X1C","leafa",3.24398598640583,0.793297555034115,0.089705583909778,-0.106679547289431
"230","global","ridge","1","control","X1C","wC",51.9568,1.09537551515151,-0.743303788637427,0.054829427862126
"231","global","ridge","1","control","X1C","wN",0.8575,0.14162095959596,1.99200224996826,2.54312851576761
"232","global","ridge","1","snowfence","X1SF","CN_ratio",51.2153613781,423.427434454819,0.164026024919185,-1.41819816439451
"233","global","ridge","1","snowfence","X1SF","LDMC",0.444789930203139,0.00147103654699196,-1.49292525192828,3.37433108283233
"234","global","ridge","1","snowfence","X1SF","SLA",96.9645611501583,440.610176581511,-0.0147444463620608,-1.45740339534831
"235","global","ridge","1","snowfence","X1SF","d13C",-29.6332,0.809856323232323,0.27665413679937,-1.14209098865424
"236","global","ridge","1","snowfence","X1SF","d15N",-5.0409,11.1217315050505,0.250182757288863,-0.104403528659734
"237","global","ridge","1","snowfence","X1SF","dweight",0.03466025,9.79656788089226e-05,0.749229993339667,-0.508319417755468
"238","global","ridge","1","snowfence","X1SF","fweight",0.0820420333333333,0.000572476348615601,0.654322958034545,-0.183164003849467
"239","global","ridge","1","snowfence","X1SF","height",4.62558333333333,7.30638223204265,2.07648172044271,4.73072047217673
"240","global","ridge","1","snowfence","X1SF","leafa",3.36458050085667,1.01377500124489,0.438259159900836,-0.484405536810145
"241","global","ridge","1","snowfence","X1SF","wC",50.8763,2.197969,-1.12327000434954,3.22283664817115
"242","global","ridge","1","snowfence","X1SF","wN",1.1419,0.228231707070707,0.6284985636979,-1.12072049905679
"243","global","ridge","2","control","X2C","CN_ratio",65.2981958496,317.9391044304,-1.07189995920308,-0.0529538472517155
"244","global","ridge","2","control","X2C","LDMC",0.466616828976755,0.00133117553515063,-0.774982227615861,0.0612102801469794
"245","global","ridge","2","control","X2C","SLA",96.2167076754423,343.132547693728,0.0957954495650915,1.56292551757243
"246","global","ridge","2","control","X2C","d13C",-28.8824,0.609650747474747,-1.10030073901419,0.553423349724185
"247","global","ridge","2","control","X2C","d15N",-5.2707,3.61397829292929,1.55837784895547,2.66883123811099
"248","global","ridge","2","control","X2C","dweight",0.0349960833333333,0.00011407109631734,0.0579599274201442,-0.166192784725361
"249","global","ridge","2","control","X2C","fweight",0.0729830833333333,0.000477545191435185,0.243118216369713,-0.535969349904737
"250","global","ridge","2","control","X2C","height",2.86583333333333,2.24961349607183,4.23361432141311,28.5919857730724
"251","global","ridge","2","control","X2C","leafa",2.94094288162917,0.760020215805408,0.0249137710851348,-0.340158053118945
"252","global","ridge","2","control","X2C","wC",51.5154,3.15032206060606,-1.5285005544029,2.31749604213219
"253","global","ridge","2","control","X2C","wN",0.9332,0.156862383838384,1.3034463462873,0.128653397353724
"254","global","ridge","2","snowfence","X2SF","CN_ratio",51.8506883666,619.062585365327,0.23184995837691,-1.62938174530749
"255","global","ridge","2","snowfence","X2SF","LDMC",0.455474728197326,0.00135796618646864,0.0259474746049689,-1.15404322044619
"256","global","ridge","2","snowfence","X2SF","SLA",101.160582929298,662.487693841296,-0.873796321528015,0.383563198629507
"257","global","ridge","2","snowfence","X2SF","d13C",-29.2926,0.682043676767677,-0.139269837627518,-1.10139282684937
"258","global","ridge","2","snowfence","X2SF","d15N",-4.5572,3.57499814141414,1.02449309227542,1.30928335449813
"259","global","ridge","2","snowfence","X2SF","dweight",0.0324213333333333,9.30250509539843e-05,0.268589854421032,-0.187055673501539
"260","global","ridge","2","snowfence","X2SF","fweight",0.0705168416666667,0.000392111924260592,0.400858189979771,-0.360831167436728
"261","global","ridge","2","snowfence","X2SF","height",3.33808333333333,3.76354693462402,2.26969781205977,8.3374446899623
"262","global","ridge","2","snowfence","X2SF","leafa",3.0272181466675,1.165005754523,0.0406034534553174,-0.177793153327007
"263","global","ridge","2","snowfence","X2SF","wC",51.129,2.46294444444445,-0.48458648691581,-0.398974908138303
"264","global","ridge","2","snowfence","X2SF","wN",1.1336,0.273653575757576,0.511965383388339,-1.45289836573626
"265","global","ridge","3","control","X3C","CN_ratio",47.2057485021,503.334085065058,0.644577766904272,-1.31594766547392
"266","global","ridge","3","control","X3C","LDMC",0.439465707053484,0.00122068509926794,0.15732800620435,-1.05454161310234
"267","global","ridge","3","control","X3C","SLA",106.468877221363,347.526225670508,0.36425565666328,-0.887045904094194
"268","global","ridge","3","control","X3C","d13C",-29.4004,0.740989737373737,-0.0508421483208401,-1.17963468110666
"269","global","ridge","3","control","X3C","d15N",-4.5076,3.71319216161616,0.681524239562803,0.241897996773529
"270","global","ridge","3","control","X3C","dweight",0.0289795,0.000120664449242424,0.474990698895846,-0.421736519268261
"271","global","ridge","3","control","X3C","fweight",0.066931725,0.000433807439229167,0.61827977560226,0.12288374069511
"272","global","ridge","3","control","X3C","height",3.08516666666667,5.24558723344557,3.46276972078727,13.2855558805496
"273","global","ridge","3","control","X3C","leafa",3.33374592933833,0.978341223693911,0.282237376623836,-0.302160764990623
"274","global","ridge","3","control","X3C","wC",51.092,1.50264848484848,0.097671640604641,-1.20394849293674
"275","global","ridge","3","control","X3C","wN",1.2758,0.23206703030303,-0.150466903690062,-1.59989769436049
"276","global","ridge","3","snowfence","X3SF","CN_ratio",58.9905330061,502.425380698577,-0.439002859835738,-1.44298224606262
"277","global","ridge","3","snowfence","X3SF","LDMC",0.466318184863681,0.000926817121041292,-0.607417842356567,0.35257828366593
"278","global","ridge","3","snowfence","X3SF","SLA",99.1357383050447,483.551228952314,-0.66115437597843,0.664610652718712
"279","global","ridge","3","snowfence","X3SF","d13C",-29.0989,0.826939181818182,-0.641776808463001,-0.72357773101438
"280","global","ridge","3","snowfence","X3SF","d15N",-5.1992,3.12568218181818,1.44520026803808,2.75320477229091
"281","global","ridge","3","snowfence","X3SF","dweight",0.0332940833333333,0.000100268137338664,0.657817798467884,-0.151350015575133
"282","global","ridge","3","snowfence","X3SF","fweight",0.07344945,0.000422318490561448,0.244386718277808,-0.267929493801158
"283","global","ridge","3","snowfence","X3SF","height",3.43291666666667,5.83722134539843,2.69761892447893,8.78638154131793
"284","global","ridge","3","snowfence","X3SF","leafa",3.37627899460833,1.11368129691215,-0.286541872606712,0.206006632614902
"285","global","ridge","3","snowfence","X3SF","wC",51.4183,2.55207687878788,-1.04963907220509,0.370517879937309
"286","global","ridge","3","snowfence","X3SF","wN",1.006,0.236094949494949,1.06314579507433,-0.543398025466514
"287","global","ridge","4","control","X4C","CN_ratio",65.3481644004,324.070150141461,-1.09693381323688,-0.0702164465110462
"288","global","ridge","4","control","X4C","LDMC",0.471145064568084,0.00130157317105399,-2.7269391899238,14.2961267614551
"289","global","ridge","4","control","X4C","SLA",100.545507122786,621.579157482254,3.07047339323701,13.3566075657551
"290","global","ridge","4","control","X4C","d13C",-29.0156,0.646899636363637,-1.06798086893824,0.304367498397175
"291","global","ridge","4","control","X4C","d15N",-5.2681,2.40962766666667,0.56763929017898,-0.783284572457422
"292","global","ridge","4","control","X4C","dweight",0.0348644166666667,9.03489405934343e-05,0.12781264012739,0.111706100205803
"293","global","ridge","4","control","X4C","fweight",0.0780808333333333,0.000483768378928171,1.19318480410574,3.91795765663453
"294","global","ridge","4","control","X4C","height",3.28158333333333,2.64723947109989,3.3861329404511,17.5882335329902
"295","global","ridge","4","control","X4C","leafa",3.32047852287333,0.992863225103201,1.04243655403793,2.48715138978818
"296","global","ridge","4","control","X4C","wC",51.9753,1.10429182828283,-0.888846041630133,0.265027346625906
"297","global","ridge","4","control","X4C","wN",0.9374,0.270700242424242,2.42129953867205,6.53112656339434
"298","global","ridge","4","snowfence","X4SF","CN_ratio",54.7062611391,553.002812200084,-0.0521719024768694,-1.74559444264584
"299","global","ridge","4","snowfence","X4SF","LDMC",0.463680634205808,0.00109240593140015,-0.535821039183232,-0.168197252446837
"300","global","ridge","4","snowfence","X4SF","SLA",100.387875536569,290.356107759202,0.674141057537706,-0.624388380000825
"301","global","ridge","4","snowfence","X4SF","d13C",-29.2286,0.844014181818182,-0.414801919070861,-1.13271841943314
"302","global","ridge","4","snowfence","X4SF","d15N",-5.1043,3.08030758585859,0.996230937139855,0.962674202962293
"303","global","ridge","4","snowfence","X4SF","dweight",0.03485825,0.00010346853604798,0.597258825554806,-0.392049221182358
"304","global","ridge","4","snowfence","X4SF","fweight",0.074311725,0.0004769330061203,0.499819065060266,0.319672332717619
"305","global","ridge","4","snowfence","X4SF","height",3.49708333333333,4.50231113215488,2.87640314764769,10.284678014386
"306","global","ridge","4","snowfence","X4SF","leafa",3.28997995560667,0.713450152224146,0.0791361200397557,-0.441027325967826
"307","global","ridge","4","snowfence","X4SF","wC",51.4856,1.60792185858586,-0.349394810696649,-1.0573233791544
"308","global","ridge","4","snowfence","X4SF","wN",1.1298,0.278054505050505,0.559357014612543,-1.44619164833848
"309","global","ridge","5","control","X5C","CN_ratio",58.9549558557,372.248780870459,-0.419362609358044,-1.31371398349329
"310","global","ridge","5","control","X5C","LDMC",0.454117884362811,0.00155823687867909,-0.29446453760045,-0.667471243464462
"311","global","ridge","5","control","X5C","SLA",84.8868098881151,831.62053650695,-0.255652702003939,-0.714200678125086
"312","global","ridge","5","control","X5C","d13C",-28.9308,0.711445818181818,-0.80468765525396,-0.32032532640661
"313","global","ridge","5","control","X5C","d15N",-5.0655,2.18388964646465,0.728180968480788,0.174642004358822
"314","global","ridge","5","control","X5C","dweight",0.0306020833333333,0.000124507936833614,0.51674747074064,-0.318233466186084
"315","global","ridge","5","control","X5C","fweight",0.0652516666666667,0.00040846810325477,0.913421648236201,0.481319639950237
"316","global","ridge","5","control","X5C","height",2.16133333333333,0.994095847362514,0.22655380468102,-0.403802876428123
"317","global","ridge","5","control","X5C","leafa",2.409899577505,1.17953370362427,0.44020143408111,-0.546960291627215
"318","global","ridge","5","control","X5C","wC",50.6097,4.41988374747475,-0.324243150477903,-1.35897259651603
"319","global","ridge","5","control","X5C","wN",1.0223,0.171716878787879,0.724990938197594,-1.19794789510661
"320","global","ridge","5","snowfence","X5SF","CN_ratio",55.8168286917,529.311986362539,0.0426327144238832,-1.67501441551675
"321","global","ridge","5","snowfence","X5SF","LDMC",0.465289702869791,0.00181279250956418,-0.975838348058761,1.07132571449562
"322","global","ridge","5","snowfence","X5SF","SLA",101.964221672348,322.436023726701,-0.110584074078082,0.232108518910341
"323","global","ridge","5","snowfence","X5SF","d13C",-29.312,0.847323232323232,-0.329275807878943,-1.24083666873851
"324","global","ridge","5","snowfence","X5SF","d15N",-5.0943,3.67164495959596,1.50483859940904,2.542732844532
"325","global","ridge","5","snowfence","X5SF","dweight",0.0312258333333333,9.08104131593715e-05,0.645606000288449,0.661510601553851
"326","global","ridge","5","snowfence","X5SF","fweight",0.06684825,0.000380581206923401,0.480865660218341,0.21723565158091
"327","global","ridge","5","snowfence","X5SF","height",2.888,2.46506217732884,4.30251072866313,25.0482813672708
"328","global","ridge","5","snowfence","X5SF","leafa",3.16432503256417,1.17357699007871,0.000257486482601789,-0.605377937918803
"329","global","ridge","5","snowfence","X5SF","wC",51.2562,1.95215107070707,-0.918194445076152,0.582137658315176
"330","global","ridge","5","snowfence","X5SF","wN",1.0639,0.217531101010101,0.633687028961494,-1.16439975294158
"331","global","fen","1","control","D1C","CN_ratio",40.0997876253,293.3066072787,0.864263493320488,-0.268636442433744
"332","global","fen","1","control","D1C","LDMC",0.413524516509154,0.00272017237765879,-0.254645168715249,-0.813552831398271
"333","global","fen","1","control","D1C","SLA",105.276274508608,578.639160830925,0.998756023855466,1.8927606840718
"334","global","fen","1","control","D1C","d13C",-28.6906,1.14600973737374,-0.0716234197581228,-0.415783213688307
"335","global","fen","1","control","D1C","d15N",-3.5639,10.7874927171717,-0.0167010932540132,-1.13607905720544
"336","global","fen","1","control","D1C","dweight",0.0520723333333333,0.00242782869231201,2.23716321001424,5.16958273763987
"337","global","fen","1","control","D1C","fweight",0.123962666666667,0.0133820631221661,2.02396798359108,4.09152456101836
"338","global","fen","1","control","D1C","height",7.7455,35.2729102413019,2.17559420238168,7.11970752921685
"339","global","fen","1","control","D1C","leafa",3.82529397022667,6.62149283611452,1.87012356906627,4.0554178919933
"340","global","fen","1","control","D1C","wC",49.7897,8.42051203030303,-0.241433862734581,-1.55064734600761
"341","global","fen","1","control","D1C","wN",1.3518,0.208905818181818,0.393805656664185,-0.630620613720336
"342","global","fen","1","snowfence","D1SF","CN_ratio",34.8643273539,222.721647650505,1.65664760449309,1.99267893733968
"343","global","fen","1","snowfence","D1SF","LDMC",0.402992891307903,0.00275602942998659,-0.867242807579329,1.4368679660012
"344","global","fen","1","snowfence","D1SF","SLA",114.866914469918,845.258382001295,0.645527632368779,0.0755909630734282
"345","global","fen","1","snowfence","D1SF","d13C",-28.7042,1.36342864646465,-0.264476085479858,-0.883294974349051
"346","global","fen","1","snowfence","D1SF","d15N",-2.7094,7.29786428282828,-0.381849447650634,-0.767805922195473
"347","global","fen","1","snowfence","D1SF","dweight",0.047641,0.00154420605594837,3.10735679253985,11.5442373947102
"348","global","fen","1","snowfence","D1SF","fweight",0.115998883333333,0.00818496135898176,2.4890777323851,8.09848225131434
"349","global","fen","1","snowfence","D1SF","height",8.2815,55.2246711279461,3.35969862725593,15.8014239044216
"350","global","fen","1","snowfence","D1SF","leafa",4.24965286384417,3.40855278107695,0.363914060035766,-0.448715323420584
"351","global","fen","1","snowfence","D1SF","wC",49.1589,6.59096948484849,-0.268663789495797,0.706982285458823
"352","global","fen","1","snowfence","D1SF","wN",1.5736,0.236813171717172,-0.564243186412215,-0.864155965002315
"353","global","fen","2","control","D2C","CN_ratio",28.2632068428,52.1566658182303,2.97942010521847,14.2207310327097
"354","global","fen","2","control","D2C","LDMC",0.380506755391045,0.00147493521327658,-1.27967935605589,3.35568391769123
"355","global","fen","2","control","D2C","SLA",104.088869629223,1078.97573003765,1.04329096927579,0.338020878183852
"356","global","fen","2","control","D2C","d13C",-28.096,1.11176767676768,-1.20438473588626,0.94478625202821
"357","global","fen","2","control","D2C","d15N",-1.478,5.44867878787879,-1.83577904195963,3.2210509461073
"358","global","fen","2","control","D2C","dweight",0.0477380833333333,0.00167317792824776,2.41212080647949,8.9437338067884
"359","global","fen","2","control","D2C","fweight",0.148289333333333,0.00634334352424243,0.108943499438279,-1.43162432225652
"360","global","fen","2","control","D2C","height",8.42125,16.6623181467452,-0.0115982768655925,-1.11558285358548
"361","global","fen","2","control","D2C","leafa",4.977549792015,4.83810209380858,-0.118023643631655,-0.887595062057325
"362","global","fen","2","control","D2C","wC",47.1132,6.1790341010101,-0.496866386661308,3.38530330820786
"363","global","fen","2","control","D2C","wN",1.7456,0.101608727272727,-0.501470567105997,-0.562619604655209
"364","global","fen","2","snowfence","D2SF","CN_ratio",30.7443531525,79.6169934732353,2.08733342783125,5.04689282979461
"365","global","fen","2","snowfence","D2SF","LDMC",0.379217999260073,0.00389856631239929,-1.04130825096279,4.68415686168653
"366","global","fen","2","snowfence","D2SF","SLA",111.094570351281,977.723356350659,0.754278888599295,-0.0253548308043552
"367","global","fen","2","snowfence","D2SF","d13C",-28.1842,1.26086096969697,-0.407695731282183,-0.260247399398458
"368","global","fen","2","snowfence","D2SF","d15N",-1.5818,5.67518662626263,-0.976807761282297,-0.00712207599660974
"369","global","fen","2","snowfence","D2SF","dweight",0.03464125,0.000580899116687711,1.35913938910969,1.07748165081099
"370","global","fen","2","snowfence","D2SF","fweight",0.102084066666667,0.00578029982454097,0.915082168001912,-0.399351123423731
"371","global","fen","2","snowfence","D2SF","height",7.535,22.8073653198653,0.728443595322568,-0.220927073626748
"372","global","fen","2","snowfence","D2SF","leafa",4.1918765490225,5.28785133764783,0.34148143525986,-1.07148034604307
"373","global","fen","2","snowfence","D2SF","wC",47.7981,5.74024180808081,-0.0351199304052663,2.41826356424668
"374","global","fen","2","snowfence","D2SF","wN",1.6233,0.153076878787879,-0.584038407146102,-0.281330865816864
"375","global","fen","3","control","D3C","CN_ratio",28.3961119975,29.3998147158842,1.28585944891406,2.16492836868949
"376","global","fen","3","control","D3C","LDMC",0.384062803843761,0.00128808758094904,-0.437315122230169,2.4950803733941
"377","global","fen","3","control","D3C","SLA",98.7496922686244,485.005260429786,0.598126388645335,0.944266236184325
"378","global","fen","3","control","D3C","d13C",-27.8628,0.82507894949495,-1.09853075015926,1.25345271229608
"379","global","fen","3","control","D3C","d15N",-0.5883,3.08248091919192,-2.09692716681184,5.2140909763165
"380","global","fen","3","control","D3C","dweight",0.0520489166666667,0.00118193889822531,0.173508714646291,-1.40798222834305
"381","global","fen","3","control","D3C","fweight",0.14543575,0.00810355230119949,-0.0625471792263407,-1.51848978003144
"382","global","fen","3","control","D3C","height",9.47883333333333,17.7903555274972,0.0322029470349914,0.0957358136320452
"383","global","fen","3","control","D3C","leafa",4.18685928880167,6.2491590569997,0.283281723907411,-1.27413749891969
"384","global","fen","3","control","D3C","wC",47.3687,3.10036293939394,2.19439903384331,4.39778203690735
"385","global","fen","3","control","D3C","wN",1.7477,0.0813330404040404,-0.799779685433885,0.124505018018664
"386","global","fen","3","snowfence","D3SF","CN_ratio",27.9807836523,40.2387657986893,2.41443043182925,7.8522796085448
"387","global","fen","3","snowfence","D3SF","LDMC",0.380386831543379,0.00141527378967173,-0.660324557192165,4.11696422478788
"388","global","fen","3","snowfence","D3SF","SLA",96.6227434437463,692.335149295093,1.3119870370238,1.55679009023789
"389","global","fen","3","snowfence","D3SF","d13C",-27.9398,0.847878747474747,-1.17378263090979,0.885042486262447
"390","global","fen","3","snowfence","D3SF","d15N",-1.5793,6.70278233333333,-1.43358224352091,1.60378855805055
"391","global","fen","3","snowfence","D3SF","dweight",0.0552030833333333,0.00105469832723765,0.123646267374733,-1.2670018193422
"392","global","fen","3","snowfence","D3SF","fweight",0.16526575,0.00954615556522868,1.10057099851728,5.06906475920159
"393","global","fen","3","snowfence","D3SF","height",9.97341666666667,19.8434802118406,1.20220345775931,5.0211595688478
"394","global","fen","3","snowfence","D3SF","leafa",4.97057079311,10.6253932973329,1.82380257109964,6.78878083149287
"395","global","fen","3","snowfence","D3SF","wC",47.4237,3.38608617171717,1.10956572658235,3.34922941590844
"396","global","fen","3","snowfence","D3SF","wN",1.7701,0.0793787777777778,-0.479605144761846,0.609410728523613
"397","global","fen","4","control","D4C","CN_ratio",33.8465138573,228.757955211416,1.6955965965819,1.89324335162338
"398","global","fen","4","control","D4C","LDMC",0.38771735466168,0.00227135740560735,0.188967750936248,0.390558693213299
"399","global","fen","4","control","D4C","SLA",122.532204811958,920.910851134711,0.300363136123887,-0.567310620487055
"400","global","fen","4","control","D4C","d13C",-28.3621,1.03184706060606,-0.386153949555515,-0.317847779906281
"401","global","fen","4","control","D4C","d15N",-1.5779,10.0222349393939,-0.941324926752852,-0.680739946952833
"402","global","fen","4","control","D4C","dweight",0.0330866666666667,0.000543723779461279,1.34359759620199,1.21807416621098
"403","global","fen","4","control","D4C","fweight",0.08738475,0.00388079061736111,1.69091351871626,2.89111963780077
"404","global","fen","4","control","D4C","height",6.54583333333333,8.9870180976431,0.637521689019362,0.445881393741974
"405","global","fen","4","control","D4C","leafa",3.43585113031417,4.03155634987772,0.325247444282914,-1.19624037415098
"406","global","fen","4","control","D4C","wC",48.1679,8.02185514141414,0.82068252144699,-0.849114357068042
"407","global","fen","4","control","D4C","wN",1.6301,0.191273727272727,-0.260408174502465,-0.0693724965265465
"408","global","fen","4","snowfence","D4SF","CN_ratio",39.6487255828,343.707770255799,0.970318214910633,-0.312881705229103
"409","global","fen","4","snowfence","D4SF","LDMC",0.408868032390028,0.0028291553938949,-0.0728919754807974,-0.381336559117009
"410","global","fen","4","snowfence","D4SF","SLA",110.660914641273,891.546436087737,0.81805202584486,-0.111161338529988
"411","global","fen","4","snowfence","D4SF","d13C",-28.1835,0.854538131313131,-0.592669822882633,-0.0432064158969583
"412","global","fen","4","snowfence","D4SF","d15N",-3.2203,12.2719827373737,-0.0630327049775821,-1.62534949107803
"413","global","fen","4","snowfence","D4SF","dweight",0.0372636666666667,0.000446989370819304,1.06101890639876,0.979674482156457
"414","global","fen","4","snowfence","D4SF","fweight",0.08405325,0.00279862668896605,1.71617920706109,3.12193406494838
"415","global","fen","4","snowfence","D4SF","height",6.45208333333333,14.164955632716,1.43748894262025,2.94529374392083
"416","global","fen","4","snowfence","D4SF","leafa",3.81516133813167,3.68746945945755,0.576696206381561,-0.290717179240701
"417","global","fen","4","snowfence","D4SF","wC",49.584,14.0118080808081,-0.798351302999538,0.217092536675448
"418","global","fen","4","snowfence","D4SF","wN",1.4789,0.235587666666667,-0.0588377570161317,-1.13898661652525
"419","global","fen","5","control","D5C","CN_ratio",27.27323434087,38.2573779919136,0.542420769765864,2.14296990081026
"420","global","fen","5","control","D5C","LDMC",0.37023496147893,0.00328010491679905,-0.839934628227747,0.459064907069337
"421","global","fen","5","control","D5C","SLA",114.341714648723,929.428301741792,0.583016520868511,-0.464792937717409
"422","global","fen","5","control","D5C","d13C",-28.676,1.46726262626263,-0.225821403690703,-1.19747723297756
"423","global","fen","5","control","D5C","d15N",-2.1059,6.32256584848485,-0.696564443250533,-0.700538382713285
"424","global","fen","5","control","D5C","dweight",0.0495011666666667,0.00122862345401235,1.25107142815336,0.788590932665383
"425","global","fen","5","control","D5C","fweight",0.148492966666667,0.00926791278684512,1.24595184236122,1.56982765219581
"426","global","fen","5","control","D5C","height",10.2811666666667,61.3142334736251,2.94865236440219,11.9767805733829
"427","global","fen","5","control","D5C","leafa",6.602030256615,23.6819680831482,1.89132477983054,3.1666718473452
"428","global","fen","5","control","D5C","wC",47.9865,5.62966338383838,-0.43952273191103,0.849435935551264
"429","global","fen","5","control","D5C","wN",1.8148,0.180269656565657,2.77467142693239,16.2616441184084
"430","global","fen","5","snowfence","D5SF","CN_ratio",38.80054647763,406.716667398617,0.622991766267212,-0.697980038023956
"431","global","fen","5","snowfence","D5SF","LDMC",0.411815487072924,0.00303215747046232,-0.925292734474949,1.8383943801245
"432","global","fen","5","snowfence","D5SF","SLA",110.977548937581,1214.0860910217,1.77455655941776,3.82402665112462
"433","global","fen","5","snowfence","D5SF","d13C",-28.9855,1.13006136363636,-0.446839073665904,-0.509062229851391
"434","global","fen","5","snowfence","D5SF","d15N",-3.785,9.31874242424242,-0.262965963885455,-0.813592863494454
"435","global","fen","5","snowfence","D5SF","dweight",0.06057125,0.00294916899042508,2.06543818062439,3.48289728592756
"436","global","fen","5","snowfence","D5SF","fweight",0.15816015,0.0231371607733499,1.83734011000045,2.38501733709276
"437","global","fen","5","snowfence","D5SF","height",10.1064166666667,129.085835935746,2.44807748383971,5.68209702868198
"438","global","fen","5","snowfence","D5SF","leafa",7.49812625776333,36.8273666093772,1.29998755312841,0.437718338884348
"439","global","fen","5","snowfence","D5SF","wC",50.2623,6.34480172727273,-0.427512622912997,-0.752104703824652
"440","global","fen","5","snowfence","D5SF","wN",1.5843,0.558572232323232,1.36457444543125,3.52221836881668
"441","global","heath","1","control","E1C","CN_ratio",50.9832391023,257.962217940197,-0.293069776231181,-0.905123947647426
"442","global","heath","1","control","E1C","LDMC",0.432857845100578,0.00143077256392834,-1.07312684080556,1.19923764502586
"443","global","heath","1","control","E1C","SLA",100.79692054636,375.650641269903,0.415592070292977,-0.699921502355149
"444","global","heath","1","control","E1C","d13C",-28.2549,1.399001,-0.691102151257892,-0.657448186651065
"445","global","heath","1","control","E1C","d15N",-6.8754,3.18658468686869,1.02643010991138,3.42146271417175
"446","global","heath","1","control","E1C","dweight",0.0400964166666667,0.000174196848000842,0.0865956359892498,-0.786381831238049
"447","global","heath","1","control","E1C","fweight",0.09800375,0.000763060505576599,0.251892825142573,-1.18250519304218
"448","global","heath","1","control","E1C","height",7.39725,7.82706517255892,2.34781308809169,9.93061848971555
"449","global","heath","1","control","E1C","leafa",3.90026644438667,0.933781315574978,0.119400164789708,-0.609763767328848
"450","global","heath","1","control","E1C","wC",51.9224,2.81783458585859,-0.143718244236662,-0.955962368632479
"451","global","heath","1","control","E1C","wN",1.0758,0.144315515151515,1.3409434928604,0.457899301491318
"452","global","heath","1","snowfence","E1SF","CN_ratio",47.8142509545,300.80609035566,-0.100960083150749,-1.17292736509308
"453","global","heath","1","snowfence","E1SF","LDMC",0.4303691304386,0.00126149003028502,-1.21978599418702,2.66421464884627
"454","global","heath","1","snowfence","E1SF","SLA",104.815375473869,431.791103728257,0.552806183406946,-0.771762138055321
"455","global","heath","1","snowfence","E1SF","d13C",-28.8998,2.17586258585859,-0.358303594999936,-1.14241388736176
"456","global","heath","1","snowfence","E1SF","d15N",-6.3509,4.98617392929293,1.04255074121496,0.580780860638687
"457","global","heath","1","snowfence","E1SF","dweight",0.0391735,0.000112288607435466,0.474750527760289,0.233853711139028
"458","global","heath","1","snowfence","E1SF","fweight",0.09690925,0.000795834580380191,0.452096419460991,1.04597012194704
"459","global","heath","1","snowfence","E1SF","height",9.15008333333333,24.2848014800786,1.45216293125396,1.66657133135613
"460","global","heath","1","snowfence","E1SF","leafa",3.948728738645,0.926512898952565,-0.139030960166936,0.333029851966629
"461","global","heath","1","snowfence","E1SF","wC",50.6951,6.04270403030303,-0.940557781766386,0.581234883861692
"462","global","heath","1","snowfence","E1SF","wN",1.3302,0.387345414141414,1.82518056236101,6.00241271353671
"463","global","heath","2","control","E2C","CN_ratio",56.3395000683,172.117157909725,-0.650691075570249,0.767725251119982
"464","global","heath","2","control","E2C","LDMC",0.442657996302573,0.000893662997140916,-1.03633816148456,2.46839070565856
"465","global","heath","2","control","E2C","SLA",92.554150983046,152.754248516555,0.316314588945933,0.374249460668723
"466","global","heath","2","control","E2C","d13C",-28.0532,0.800761373737373,-1.39466466105445,2.29737052676108
"467","global","heath","2","control","E2C","d15N",-6.9185,4.08881691919192,0.553532802059801,0.794522370565798
"468","global","heath","2","control","E2C","dweight",0.043301,0.000149177449887767,0.387917265449031,-1.00304982161922
"469","global","heath","2","control","E2C","fweight",0.0963465833333333,0.000654255248449775,0.226427174912983,-0.679392163305133
"470","global","heath","2","control","E2C","height",6.40425,4.72634468995511,0.298072712071542,1.12986175117501
"471","global","heath","2","control","E2C","leafa",4.14149413949667,4.28675266191877,5.69593740434245,45.185475299793
"472","global","heath","2","control","E2C","wC",52.3526,2.0876355959596,-0.566424815602527,0.483092093705881
"473","global","heath","2","control","E2C","wN",1.0475,0.141952272727273,1.6831696886369,1.69117372231586
"474","global","heath","2","snowfence","E2SF","CN_ratio",52.0606908212,218.441139553142,-0.376961291464886,-0.386199679626261
"475","global","heath","2","snowfence","E2SF","LDMC",0.43246567053863,0.000991284261853306,-0.206437564749249,-0.87788716001208
"476","global","heath","2","snowfence","E2SF","SLA",100.046199403931,312.26516320754,0.497676718154169,-0.0574589467338114
"477","global","heath","2","snowfence","E2SF","d13C",-28.4142,1.34631551515151,-0.589397173993744,-0.843246724519149
"478","global","heath","2","snowfence","E2SF","d15N",-6.6571,4.12152988888889,1.12952571128785,0.783615161659902
"479","global","heath","2","snowfence","E2SF","dweight",0.0426405833333333,0.000320833800021044,2.1675206653553,10.3315318971082
"480","global","heath","2","snowfence","E2SF","fweight",0.0987145833333333,0.00310663275866302,7.18945024660283,61.5757094553016
"481","global","heath","2","snowfence","E2SF","height",8.20691666666667,38.2860284161055,3.34893454352196,13.2231091817539
"482","global","heath","2","snowfence","E2SF","leafa",4.3551930554475,5.71900492581057,5.0021887107787,32.837594459675
"483","global","heath","2","snowfence","E2SF","wC",52.0615,2.57120075757576,-0.668577652666136,0.0556703615868575
"484","global","heath","2","snowfence","E2SF","wN",1.0736,0.14429802020202,1.41259433556668,0.798117089835017
"485","global","heath","3","control","E3C","CN_ratio",57.2055208321,126.852531521505,-0.389311065491464,1.86319437470757
"486","global","heath","3","control","E3C","LDMC",0.445615100167568,0.000768440512475276,-1.22074937051212,4.00299730404874
"487","global","heath","3","control","E3C","SLA",93.535426541257,192.468072732954,0.317403899806566,-0.495659315418344
"488","global","heath","3","control","E3C","d13C",-28.0148,0.81910804040404,-1.34984364009516,2.03167291219018
"489","global","heath","3","control","E3C","d15N",-6.952,2.12103636363636,0.489453623433491,-0.18620262255294
"490","global","heath","3","control","E3C","dweight",0.0406340833333333,0.000140271314667508,0.663691758694969,-0.468135546153836
"491","global","heath","3","control","E3C","fweight",0.0951917333333333,0.00084989900942312,1.12753205141143,2.72978124099472
"492","global","heath","3","control","E3C","height",6.83683333333333,9.71428897306397,2.67764439610891,12.4195359920976
"493","global","heath","3","control","E3C","leafa",3.92954590206417,1.0568734166327,0.184315224611248,-0.511780222082797
"494","global","heath","3","control","E3C","wC",52.4033,1.84488495959596,-1.00014444366221,2.90431163371384
"495","global","heath","3","control","E3C","wN",0.9523,0.0605835454545455,2.22292561561636,5.80975222036333
"496","global","heath","3","snowfence","E3SF","CN_ratio",53.9140914099,264.274388066464,-0.330231447440285,-0.537564352360236
"497","global","heath","3","snowfence","E3SF","LDMC",0.44067336825919,0.000778993961470112,0.0285491359059812,-0.519120392882192
"498","global","heath","3","snowfence","E3SF","SLA",100.553806535782,274.900708846366,1.17285569188741,1.18459716015825
"499","global","heath","3","snowfence","E3SF","d13C",-28.299,1.43476262626263,-1.01480058089667,0.439277876881496
"500","global","heath","3","snowfence","E3SF","d15N",-6.3126,4.36830226262626,0.860300546786271,0.427898193851687
"501","global","heath","3","snowfence","E3SF","dweight",0.04100975,0.00012031937577862,0.404890176345847,-0.0117255996233379
"502","global","heath","3","snowfence","E3SF","fweight",0.0946203333333333,0.000591703994556678,0.224759972579609,-0.247315532126098
"503","global","heath","3","snowfence","E3SF","height",7.24933333333333,9.58278855218855,1.63520404973059,3.4290403999919
"504","global","heath","3","snowfence","E3SF","leafa",4.04341486848667,1.03026471328801,0.273759178373612,-0.879648808607479
"505","global","heath","3","snowfence","E3SF","wC",52.0868,2.9178138989899,-0.438041683578774,-0.285907158292366
"506","global","heath","3","snowfence","E3SF","wN",1.0853,0.138819101010101,1.35997539749303,0.628713460991003
"507","global","heath","4","control","E4C","CN_ratio",52.04961530604,258.316973752514,-0.736125196119985,0.208670935079052
"508","global","heath","4","control","E4C","LDMC",0.433892330836365,0.00136368081036315,-1.96645090685273,6.36657540923286
"509","global","heath","4","control","E4C","SLA",93.9172848238359,198.3279793202,1.43255999601334,3.85504296829358
"510","global","heath","4","control","E4C","d13C",-28.2303,1.1124393030303,-1.19452561907798,1.35932773803657
"511","global","heath","4","control","E4C","d15N",-6.7608,2.66086804040404,0.823136384790902,1.43935315299424
"512","global","heath","4","control","E4C","dweight",0.03963025,0.000162930134196128,0.502023531706973,-0.590477329947572
"513","global","heath","4","control","E4C","fweight",0.0958349,0.000735648311662177,0.286802823007329,-0.473213213173326
"514","global","heath","4","control","E4C","height",6.36375,4.10472976290685,0.138914458072655,-0.465356958115169
"515","global","heath","4","control","E4C","leafa",3.8291644856425,1.5033117135345,0.00819157161522902,-0.539726791527123
"516","global","heath","4","control","E4C","wC",52.2428,4.35013753535353,-2.98418135471355,13.700612281192
"517","global","heath","4","control","E4C","wN",1.1604,0.517856404040404,3.61700218770091,13.7989135325851
"518","global","heath","4","snowfence","E4SF","CN_ratio",41.0977247136,314.552508203236,0.592886127784332,-1.21073154027792
"519","global","heath","4","snowfence","E4SF","LDMC",0.424576366985397,0.000982951578567268,0.00626137143552798,-0.871639120915938
"520","global","heath","4","snowfence","E4SF","SLA",108.734510378624,410.403963151177,0.572356004383935,-0.815603763829078
"521","global","heath","4","snowfence","E4SF","d13C",-28.7435,1.83195429292929,-0.225446264733095,-0.892541020919078
"522","global","heath","4","snowfence","E4SF","d15N",-5.624,5.0650404040404,0.387485548773289,-1.01848927184342
"523","global","heath","4","snowfence","E4SF","dweight",0.0499789166666667,0.00182139228458894,2.98290280632396,8.79941040681533
"524","global","heath","4","snowfence","E4SF","fweight",0.14861875,0.020477604933186,2.20259481857765,3.7248553563191
"525","global","heath","4","snowfence","E4SF","height",11.16575,68.2972739828844,2.12027857582378,4.31474454356724
"526","global","heath","4","snowfence","E4SF","leafa",4.97957191020583,11.4017204116322,3.25000923773129,11.689288824912
"527","global","heath","4","snowfence","E4SF","wC",51.0224,3.94149923232323,-0.57047063868203,0.953941213752799
"528","global","heath","4","snowfence","E4SF","wN",1.3969,0.261397363636364,0.106356056137398,-1.56893784744887
"529","global","heath","5","control","E5C","CN_ratio",55.0252186583,166.133427082822,-0.48270877016701,0.346642094382975
"530","global","heath","5","control","E5C","LDMC",0.439539470106885,0.0011353222568785,-1.20809510531412,2.45300785122845
"531","global","heath","5","control","E5C","SLA",95.1266988078069,452.224668291576,0.709140759110007,-0.134615325040549
"532","global","heath","5","control","E5C","d13C",-28.7895,1.73489166666667,-0.249129209978136,-1.31587041937152
"533","global","heath","5","control","E5C","d15N",-6.8719,4.46372463636364,0.281028862357766,-0.139660277450586
"534","global","heath","5","control","E5C","dweight",0.0415884166666667,0.000123899336272447,0.387683056730367,-0.702904721252639
"535","global","heath","5","control","E5C","fweight",0.0966013333333333,0.00058175053973064,0.127337511616221,-0.749427995589996
"536","global","heath","5","control","E5C","height",6.79675,9.60342577861953,2.33966712750239,8.72939861564402
"537","global","heath","5","control","E5C","leafa",3.78647028147167,1.21509047393092,0.528608131678535,-0.34678109877316
"538","global","heath","5","control","E5C","wC",51.9223,1.56546435353535,0.0944339367743379,-0.384637828073264
"539","global","heath","5","control","E5C","wN",1.018,0.108660606060606,2.23066087849338,4.42598366952166
"540","global","heath","5","snowfence","E5SF","CN_ratio",48.2013113776,305.515303948429,-0.0943348525444171,-1.1774053589452
"541","global","heath","5","snowfence","E5SF","LDMC",0.429810003351499,0.00135463909807921,-0.00166779116409805,-1.01941285186691
"542","global","heath","5","snowfence","E5SF","SLA",99.8718220554809,319.959393630778,0.745461218812694,0.340759719251311
"543","global","heath","5","snowfence","E5SF","d13C",-28.317,1.36680303030303,-0.636261896285254,-0.624468961359232
"544","global","heath","5","snowfence","E5SF","d15N",-6.0126,6.12689822222222,0.5113251880659,-0.483822899042122
"545","global","heath","5","snowfence","E5SF","dweight",0.0590606666666667,0.00281421749450056,2.56221477508255,5.52129975452643
"546","global","heath","5","snowfence","E5SF","fweight",0.12430325,0.0130748908247685,2.85487961186248,7.81502270305087
"547","global","heath","5","snowfence","E5SF","height",10.7081666666667,86.6500631032548,2.12140361894828,3.82043171369976
"548","global","heath","5","snowfence","E5SF","leafa",4.9579774110075,14.3509833794745,2.79857375941894,8.21904979891088
"549","global","heath","5","snowfence","E5SF","wC",51.7021,2.41310766666667,-0.315174367494652,-0.277404514787333
"550","global","heath","5","snowfence","E5SF","wN",1.1595,0.184259343434343,1.00754418248351,-0.422521219946905
"551","global","ridge","1","control","X1C","CN_ratio",63.7620349072,416.760492714966,-0.95343482024867,-0.603595533871808
"552","global","ridge","1","control","X1C","LDMC",0.470517143720615,0.000935001172497768,-0.685383871974958,0.204212881611225
"553","global","ridge","1","control","X1C","SLA",98.0993540824208,268.28575141414,0.742070734222946,-0.36661083081726
"554","global","ridge","1","control","X1C","d13C",-28.9536,0.703096,-0.688531657305908,-0.220130018814852
"555","global","ridge","1","control","X1C","d15N",-5.1891,3.99381029292929,1.67858556647834,3.09109835975485
"556","global","ridge","1","control","X1C","dweight",0.03642175,8.56740276304714e-05,0.158227660998291,-0.0879015354465777
"557","global","ridge","1","control","X1C","fweight",0.0769149833333333,0.000428584492480079,0.347159824495244,-0.536250247809611
"558","global","ridge","1","control","X1C","height",3.95258333333333,9.29945664281706,2.48773632784892,5.51885529184451
"559","global","ridge","1","control","X1C","leafa",3.41131875463083,0.963249948770676,-0.021583861442002,-0.67554919162511
"560","global","ridge","1","control","X1C","wC",51.6313,1.43368213131313,-0.629318399956605,-0.536449957713752
"561","global","ridge","1","control","X1C","wN",0.9716,0.239809535353535,1.25020244852745,-0.275554252371522
"562","global","ridge","1","snowfence","X1SF","CN_ratio",49.8830064088,467.80569224826,0.330295283903801,-1.42201120299071
"563","global","ridge","1","snowfence","X1SF","LDMC",0.436007224062008,0.00183951617444503,-1.16729203328371,1.78379595192928
"564","global","ridge","1","snowfence","X1SF","SLA",97.5839051298559,437.834050587786,0.120036699110286,-1.27632813827702
"565","global","ridge","1","snowfence","X1SF","d13C",-29.635,0.787350505050505,0.477484146878982,-0.70888054403797
"566","global","ridge","1","snowfence","X1SF","d15N",-5.6711,9.87786039393939,0.121842148459777,-0.15745594559727
"567","global","ridge","1","snowfence","X1SF","dweight",0.0365855,0.000119014821296296,0.217967641568641,-0.774842409340799
"568","global","ridge","1","snowfence","X1SF","fweight",0.0816981833333333,0.000584947993117003,0.603676793054744,-0.0726400002470773
"569","global","ridge","1","snowfence","X1SF","height",4.525,7.64945286195286,2.09882785868333,4.42337512240404
"570","global","ridge","1","snowfence","X1SF","leafa",3.32773304884667,0.940526870326294,0.475217176652868,-0.174321823664226
"571","global","ridge","1","snowfence","X1SF","wC",51.0033,2.27592132323232,-1.20094300212928,3.30896949473624
"572","global","ridge","1","snowfence","X1SF","wN",1.2119,0.257431707070707,0.383267587992388,-1.48846226809264
"573","global","ridge","2","control","X2C","CN_ratio",65.24040529,336.330863270948,-0.992876454213971,-0.373190351451216
"574","global","ridge","2","control","X2C","LDMC",0.466169090979291,0.00259467499479601,-4.77636546726425,33.6640909437148
"575","global","ridge","2","control","X2C","SLA",96.6067158887662,378.125222318964,-0.0967526271155107,0.9279179866012
"576","global","ridge","2","control","X2C","d13C",-28.7633,0.545260717171717,-1.4548432178417,3.33518648500069
"577","global","ridge","2","control","X2C","d15N",-5.0736,2.70879498989899,0.604727338895645,-0.5290063175416
"578","global","ridge","2","control","X2C","dweight",0.0345486666666667,0.000110065298428732,-0.0201433988448249,-0.0256257777921132
"579","global","ridge","2","control","X2C","fweight",0.07575325,0.000483393097495791,0.203665315461564,-0.617741430335021
"580","global","ridge","2","control","X2C","height",2.511,0.932499831649832,0.452789237921191,0.918630488884965
"581","global","ridge","2","control","X2C","leafa",3.23524763757,0.793720528490299,0.0534750162053084,-0.580914569582922
"582","global","ridge","2","control","X2C","wC",51.5124,3.61866892929293,-1.73313252957065,3.10062649386097
"583","global","ridge","2","control","X2C","wN",0.9052,0.146233292929293,1.58929643644138,1.23492854788667
"584","global","ridge","2","snowfence","X2SF","CN_ratio",54.9678652796,532.004518398009,-0.132836641529134,-1.6821255804888
"585","global","ridge","2","snowfence","X2SF","LDMC",0.456458693669288,0.00117155765819927,-0.13273186997981,-0.511330252839688
"586","global","ridge","2","snowfence","X2SF","SLA",102.82019359534,680.622371179218,-0.73073799556614,0.231101839642891
"587","global","ridge","2","snowfence","X2SF","d13C",-29.2892,0.910415515151515,-0.280486557293715,-1.22303689038896
"588","global","ridge","2","snowfence","X2SF","d15N",-4.0286,6.2439858989899,1.04951983504144,0.31954574321712
"589","global","ridge","2","snowfence","X2SF","dweight",0.0315493333333333,0.000109683544725028,0.485290040002059,0.0398582200327402
"590","global","ridge","2","snowfence","X2SF","fweight",0.0703028916666667,0.000374895859602343,0.289695103995826,-0.370004834074244
"591","global","ridge","2","snowfence","X2SF","height",3.25225,3.77277196268238,2.25878144085971,8.50045547264476
"592","global","ridge","2","snowfence","X2SF","leafa",3.0734883911825,1.25271977612658,0.0522483563776741,-0.650389747181757
"593","global","ridge","2","snowfence","X2SF","wC",50.863,2.3221101010101,-0.284890850712198,-0.520307684625787
"594","global","ridge","2","snowfence","X2SF","wN",1.1853,0.265318090909091,0.315761062533998,-1.52373989233265
"595","global","ridge","3","control","X3C","CN_ratio",48.4161665348,452.754703561428,0.45812042753974,-1.49106387799416
"596","global","ridge","3","control","X3C","LDMC",0.445640484649192,0.00117956564179457,0.174708352796612,-0.812324304102677
"597","global","ridge","3","control","X3C","SLA",106.30280913513,293.384332699961,0.0426846227580105,-1.12114714073028
"598","global","ridge","3","control","X3C","d13C",-29.6896,0.85061195959596,0.257987328005096,-1.24782480001801
"599","global","ridge","3","control","X3C","d15N",-4.4035,3.7770654040404,0.863935347344791,0.723383792238893
"600","global","ridge","3","control","X3C","dweight",0.0298825,0.000101268705808081,0.446670222432816,0.0580450980727796
"601","global","ridge","3","control","X3C","fweight",0.070187925,0.000474337822607955,0.160486867496094,-0.617588878561068
"602","global","ridge","3","control","X3C","height",3.19316666666667,2.95884733445567,3.22520192808188,15.077533357307
"603","global","ridge","3","control","X3C","leafa",3.22590115469667,0.826880847461365,0.253341355712452,-0.549269471019988
"604","global","ridge","3","control","X3C","wC",50.9624,1.33516993939394,0.313554481530355,-1.0257452325077
"605","global","ridge","3","control","X3C","wN",1.2124,0.222226505050505,0.0205466218091859,-1.59591090744097
"606","global","ridge","3","snowfence","X3SF","CN_ratio",56.8268719058,534.735511745664,-0.336742776261622,-1.63647886722943
"607","global","ridge","3","snowfence","X3SF","LDMC",0.464981090334973,0.000678465331774361,-0.375378095922656,0.0480167768078097
"608","global","ridge","3","snowfence","X3SF","SLA",93.2664341053298,473.208442466279,-0.551052979939115,0.520444716408583
"609","global","ridge","3","snowfence","X3SF","d13C",-29.0332,0.739575515151515,-0.68424807508081,-0.424226071852863
"610","global","ridge","3","snowfence","X3SF","d15N",-5.0648,3.74186157575758,1.29991300686188,2.17400970893957
"611","global","ridge","3","snowfence","X3SF","dweight",0.03375325,0.000101494329257856,0.612165737955741,-0.0637357698158665
"612","global","ridge","3","snowfence","X3SF","fweight",0.0774034,0.000409411193962963,0.160784725289557,-0.228278084593916
"613","global","ridge","3","snowfence","X3SF","height",3.34908333333333,4.69481045875421,2.79665891938338,9.99775247500191
"614","global","ridge","3","snowfence","X3SF","leafa",3.24559998089,1.01458726119215,-0.204989393249832,0.0275505565812519
"615","global","ridge","3","snowfence","X3SF","wC",51.1898,2.84907066666667,-0.824020700877269,-0.19231852296018
"616","global","ridge","3","snowfence","X3SF","wN",1.0365,0.249489646464646,0.861157845460522,-0.955963678164196
"617","global","ridge","4","control","X4C","CN_ratio",62.98984023347,436.630276086734,-0.85270705008567,-0.789915672534974
"618","global","ridge","4","control","X4C","LDMC",0.466377232546502,0.000988337344154209,-0.853268070413326,0.604679839278084
"619","global","ridge","4","control","X4C","SLA",95.1875158912297,239.237432276894,1.04924371004131,0.311384173288883
"620","global","ridge","4","control","X4C","d13C",-29.0552,0.81709995959596,-0.65368337205005,-0.653476614436451
"621","global","ridge","4","control","X4C","d15N",-5.3609,2.59308302020202,1.31388160039532,2.38192456310117
"622","global","ridge","4","control","X4C","dweight",0.0368851666666667,0.000100053642789001,0.18877451901453,-0.190781084172921
"623","global","ridge","4","control","X4C","fweight",0.0764403916666667,0.000336533518061939,-0.122896706587759,0.0826575677469652
"624","global","ridge","4","control","X4C","height",3.07133333333333,1.51538484848485,1.35099661147245,1.90936175920067
"625","global","ridge","4","control","X4C","leafa",3.29742593212583,0.829293570120433,0.493694593912093,0.726569731375753
"626","global","ridge","4","control","X4C","wC",51.7003,2.06267566666667,-1.79019166676046,4.47869259370312
"627","global","ridge","4","control","X4C","wN",1.0214,0.318589939393939,2.8330205837416,13.5289332122944
"628","global","ridge","4","snowfence","X4SF","CN_ratio",62.670016915,404.998269036415,-0.870342090303494,-0.787086404353157
"629","global","ridge","4","snowfence","X4SF","LDMC",0.460721897152632,0.00107347267012151,-0.151805800361329,-0.603088084927687
"630","global","ridge","4","snowfence","X4SF","SLA",97.8312169578176,265.525092187921,0.734853466139293,-0.705268560400869
"631","global","ridge","4","snowfence","X4SF","d13C",-29.231,0.879138383838384,-0.356867010141521,-1.11416353783657
"632","global","ridge","4","snowfence","X4SF","d15N",-4.9495,4.38687954545455,1.32846671071232,1.65361513142543
"633","global","ridge","4","snowfence","X4SF","dweight",0.0346700833333333,0.000134806701872896,0.182024178124909,-0.34523417698522
"634","global","ridge","4","snowfence","X4SF","fweight",0.0743548416666667,0.000519822874238145,0.442542567435201,0.128235930373699
"635","global","ridge","4","snowfence","X4SF","height",3.67241666666667,6.30071225448934,2.89503461753269,8.98276690838798
"636","global","ridge","4","snowfence","X4SF","leafa",3.4552456524775,0.661749160688014,0.221344716818417,0.140176214115911
"637","global","ridge","4","snowfence","X4SF","wC",51.4919,1.84843372727273,-0.497938176739565,-1.12271638135151
"638","global","ridge","4","snowfence","X4SF","wN",1.0836,0.275964686868687,0.684749618431709,-1.33638009052636
"639","global","ridge","5","control","X5C","CN_ratio",58.2143939741,405.487254128471,-0.273406706597524,-1.43270612537897
"640","global","ridge","5","control","X5C","LDMC",0.449356509760762,0.00185775435905754,-0.758850763932343,0.347117469253399
"641","global","ridge","5","control","X5C","SLA",87.5981829546299,969.097614812442,-0.26893227033852,-1.00833920071195
"642","global","ridge","5","control","X5C","d13C",-29.0206,0.704044080808081,-0.738377830746386,-0.691686501335147
"643","global","ridge","5","control","X5C","d15N",-5.2032,1.5418341010101,1.16624034016143,2.17046376026569
"644","global","ridge","5","control","X5C","dweight",0.02835075,0.000119878511637205,0.96604379250735,0.372547845361136
"645","global","ridge","5","control","X5C","fweight",0.06423825,0.000449544475441919,0.900606218951813,0.545473546624102
"646","global","ridge","5","control","X5C","height",2.04108333333333,0.88810080667789,0.412779190564953,0.143087565018813
"647","global","ridge","5","control","X5C","leafa",2.50344205456,1.54783823184386,0.376786167601493,-1.12426745336508
"648","global","ridge","5","control","X5C","wC",50.5481,5.30883372727273,-0.353971975432839,-1.51961455210115
"649","global","ridge","5","control","X5C","wN",1.0173,0.181167383838384,0.69043793093481,-1.2694010620753
"650","global","ridge","5","snowfence","X5SF","CN_ratio",56.104040301,560.029260082544,-0.0112686851342872,-1.71424851232544
"651","global","ridge","5","snowfence","X5SF","LDMC",0.458789773064751,0.0013425589247191,-0.340929527406936,-0.10098654910127
"652","global","ridge","5","snowfence","X5SF","SLA",103.87614447332,431.109052778763,-0.245915170382662,0.234739936858841
"653","global","ridge","5","snowfence","X5SF","d13C",-29.2707,0.791800515151515,-0.258258422018752,-1.37167005969885
"654","global","ridge","5","snowfence","X5SF","d15N",-5.3642,3.45842258585859,1.55158532202595,2.42221154351825
"655","global","ridge","5","snowfence","X5SF","dweight",0.0321006666666667,0.00010549847037037,0.566499780943649,-0.113102527408974
"656","global","ridge","5","snowfence","X5SF","fweight",0.066129725,0.000490588829083263,0.714423763206819,-0.263562921623293
"657","global","ridge","5","snowfence","X5SF","height",2.76733333333333,2.24396560044893,4.76372856341196,31.0739566104806
"658","global","ridge","5","snowfence","X5SF","leafa",3.02042941907917,0.769336915427479,0.316870828420429,0.311722429879896
"659","global","ridge","5","snowfence","X5SF","wC",51.6058,1.22810541414141,-0.301291958379591,-1.01051899337462
"660","global","ridge","5","snowfence","X5SF","wN",0.9491,0.166509282828283,1.05689103733651,-0.0767531430061239
"661","global","fen","1","control","D1C","CN_ratio",39.9966830092,292.129994191525,1.04309406334118,0.11001912944504
"662","global","fen","1","control","D1C","LDMC",0.403072900035998,0.00310304274681071,-0.828629938173386,0.542199595500727
"663","global","fen","1","control","D1C","SLA",105.582667283361,695.483838760846,0.758328369930011,0.378187660630121
"664","global","fen","1","control","D1C","d13C",-28.4634,0.819097414141414,-0.350359117776953,0.0903122175492976
"665","global","fen","1","control","D1C","d15N",-3.5351,9.85288988888889,0.0659581179815043,-1.43606032995953
"666","global","fen","1","control","D1C","dweight",0.045596,0.00233774825544332,2.51386732327806,6.20792598142816
"667","global","fen","1","control","D1C","fweight",0.135580083333333,0.0193073700860901,2.34340433587287,5.19601074196039
"668","global","fen","1","control","D1C","height",9.83091666666667,101.936178865039,2.24629506944838,4.87108797403635
"669","global","fen","1","control","D1C","leafa",4.72173892294333,16.5904254232262,2.11955792402333,4.89723252680558
"670","global","fen","1","control","D1C","wC",50.2122,7.20920723232323,-0.440959769181782,-1.05389449895599
"671","global","fen","1","control","D1C","wN",1.4026,0.229829535353535,0.332845642518005,-0.586873810086963
"672","global","fen","1","snowfence","D1SF","CN_ratio",33.2610693122,252.11067899697,1.98731718899892,3.03742033712686
"673","global","fen","1","snowfence","D1SF","LDMC",0.395374802089609,0.00256865557374791,-0.450552887078057,0.585915438443322
"674","global","fen","1","snowfence","D1SF","SLA",102.580644613203,557.368967298327,0.12493716965238,0.0470183148039678
"675","global","fen","1","snowfence","D1SF","d13C",-28.9226,1.29594670707071,0.0554592341139201,-1.1787836707644
"676","global","fen","1","snowfence","D1SF","d15N",-2.7437,7.08853061616162,-0.44916400100446,-0.956793072803397
"677","global","fen","1","snowfence","D1SF","dweight",0.0502936666666667,0.00174960193619529,2.16532314749119,5.75724474056795
"678","global","fen","1","snowfence","D1SF","fweight",0.137961875,0.0146092170554907,2.10053785089388,4.90561983812547
"679","global","fen","1","snowfence","D1SF","height",8.07083333333333,26.6212086139169,1.30705904093998,3.80756322929054
"680","global","fen","1","snowfence","D1SF","leafa",6.11852909975833,19.8740866514728,2.21035643463532,5.14406334543603
"681","global","fen","1","snowfence","D1SF","wC",49.478,6.42747676767677,-0.58316399240558,0.909879320355655
"682","global","fen","1","snowfence","D1SF","wN",1.6079,0.199449080808081,-0.0778068016229244,-0.068539301472617
"683","global","fen","2","control","D2C","CN_ratio",29.0940402057,64.7567030012004,2.2968655118422,8.1181676896669
"684","global","fen","2","control","D2C","LDMC",0.386801836981742,0.000942921677897138,-0.783452152993587,0.561814174443076
"685","global","fen","2","control","D2C","SLA",99.2074047298775,810.359863009686,1.21743266932389,1.08128203289975
"686","global","fen","2","control","D2C","d13C",-27.9916,1.0450256969697,-1.1234684256183,0.572457706532528
"687","global","fen","2","control","D2C","d15N",-0.9303,3.82112011111111,-1.7458578794889,3.44121090324548
"688","global","fen","2","control","D2C","dweight",0.0590421666666667,0.000926971749186308,-0.116073972898399,-1.37302830317698
"689","global","fen","2","control","D2C","fweight",0.1229544,0.00523655197341582,0.510901106864216,-0.840022982368235
"690","global","fen","2","control","D2C","height",8.70133333333333,20.2128601571268,0.0479058513309631,-0.821878060236177
"691","global","fen","2","control","D2C","leafa",4.998800018315,8.17146404607752,1.81974166227095,8.66173760092099
"692","global","fen","2","control","D2C","wC",47.4667,3.60848495959596,-0.159893083146878,3.58451233338381
"693","global","fen","2","control","D2C","wN",1.6466,0.133180242424242,-0.289869269300716,-1.16185478619968
"694","global","fen","2","snowfence","D2SF","CN_ratio",31.7315255488,130.803387944942,2.36417880768107,6.66387139244728
"695","global","fen","2","snowfence","D2SF","LDMC",0.38521997733172,0.00283776414949497,-0.146939799934899,0.0904630397807016
"696","global","fen","2","snowfence","D2SF","SLA",116.198519108719,1287.25510934118,2.01678595752186,8.54237793075504
"697","global","fen","2","snowfence","D2SF","d13C",-28.2711,1.18752706060606,-0.684562545282995,-0.504762415603166
"698","global","fen","2","snowfence","D2SF","d15N",-1.7438,7.06645006060606,-0.913173153712993,-0.329813791770403
"699","global","fen","2","snowfence","D2SF","dweight",0.0382481666666667,0.000948970402048261,1.0223653507559,-0.349007203706954
"700","global","fen","2","snowfence","D2SF","fweight",0.101275233333333,0.00532232621896857,0.934374766416973,-0.350214476041913
"701","global","fen","2","snowfence","D2SF","height",7.05341666666667,18.2117607954545,0.561918634598389,-0.550353449861306
"702","global","fen","2","snowfence","D2SF","leafa",3.89390770450917,5.24271421118992,0.762601012536692,-0.38865028300886
"703","global","fen","2","snowfence","D2SF","wC",47.5334,4.7658065050505,0.231057954474507,1.1400943728127
"704","global","fen","2","snowfence","D2SF","wN",1.6689,0.124171505050505,-0.467179390180681,-0.312335803862962
"705","global","fen","3","control","D3C","CN_ratio",29.3169839597,70.1631659159284,3.77936958458756,21.9814498870011
"706","global","fen","3","control","D3C","LDMC",0.385265023667147,0.00151024270365769,-0.526908242456159,2.87789199547998
"707","global","fen","3","control","D3C","SLA",100.551433674391,560.208585819385,0.923259063364928,1.72014951191183
"708","global","fen","3","control","D3C","d13C",-27.9361,0.587139181818182,-0.838723235981181,0.482109907597647
"709","global","fen","3","control","D3C","d15N",-1.072,6.00825656565657,-2.21150128571166,4.67965650146497
"710","global","fen","3","control","D3C","dweight",0.055102,0.00106068026251403,-0.0900991406008271,-1.35988042418033
"711","global","fen","3","control","D3C","fweight",0.128506816666667,0.00675538308833305,0.145119948845085,-1.51380948504923
"712","global","fen","3","control","D3C","height",8.43358333333333,18.5864540614478,-0.104382583427367,-1.1651493107469
"713","global","fen","3","control","D3C","leafa",4.61913916721667,5.42076075652407,0.0282773659699511,-1.10804167091009
"714","global","fen","3","control","D3C","wC",47.3338,2.28065814141414,2.04494050167771,4.66722121430631
"715","global","fen","3","control","D3C","wN",1.7037,0.104296272727273,-0.25530868824517,-0.908485467041993
"716","global","fen","3","snowfence","D3SF","CN_ratio",27.7731305544,49.5244516942037,1.46723890156914,2.40891670104409
"717","global","fen","3","snowfence","D3SF","LDMC",0.392527795693475,0.000956181388638486,1.22115419264666,3.96139120540589
"718","global","fen","3","snowfence","D3SF","SLA",98.7851670098987,532.275404877056,0.752693396904166,0.641413757261229
"719","global","fen","3","snowfence","D3SF","d13C",-27.9075,0.813507828282828,-1.52560970680713,2.96686926115983
"720","global","fen","3","snowfence","D3SF","d15N",-0.882,3.18318585858586,-1.79251506947743,3.46925073339926
"721","global","fen","3","snowfence","D3SF","dweight",0.0567001666666667,0.00104270094834456,0.111313868547582,-0.888155956785376
"722","global","fen","3","snowfence","D3SF","fweight",0.160113916666667,0.00995941945013328,0.808023779927535,2.41094381001592
"723","global","fen","3","snowfence","D3SF","height",9.43391666666667,15.0078903689675,-0.234848038830563,-1.10249280562043
"724","global","fen","3","snowfence","D3SF","leafa",4.7064939190225,6.82008066951683,0.615713647720232,0.886501735341327
"725","global","fen","3","snowfence","D3SF","wC",47.5052,2.72966359595959,1.71317663520102,2.40179712722104
"726","global","fen","3","snowfence","D3SF","wN",1.7823,0.0844643535353535,-0.552181153882067,1.10835619374051
"727","global","fen","4","control","D4C","CN_ratio",32.4152321401,169.228979025772,2.00936057056885,3.74671800991474
"728","global","fen","4","control","D4C","LDMC",0.390378082609404,0.0026562761058105,0.140759631784097,0.235767409991354
"729","global","fen","4","control","D4C","SLA",114.159690493702,840.173589928974,0.478715043548307,-0.446044717857824
"730","global","fen","4","control","D4C","d13C",-28.328,1.18016565656566,-0.381281622610395,-0.502378657539772
"731","global","fen","4","control","D4C","d15N",-2.1464,11.3210333737374,-0.537995444293789,-1.38416473719983
"732","global","fen","4","control","D4C","dweight",0.03142625,0.000329262184869529,1.72075318888962,4.31744159675349
"733","global","fen","4","control","D4C","fweight",0.0797550833333333,0.00293641524536336,1.74538534763272,3.31220143564662
"734","global","fen","4","control","D4C","height",6.6055,9.2659907687991,0.72344268292994,0.415085532210706
"735","global","fen","4","control","D4C","leafa",3.73506914548583,3.9933008083694,0.20222735347299,-0.981913231137182
"736","global","fen","4","control","D4C","wC",48.2317,7.62103041414141,0.612746130752231,-1.27681905214536
"737","global","fen","4","control","D4C","wN",1.601,0.211637373737374,-0.785063265284731,-0.678134383769221
"738","global","fen","4","snowfence","D4SF","CN_ratio",39.143544754,326.585501728551,1.13205475129337,0.066187821469526
"739","global","fen","4","snowfence","D4SF","LDMC",0.413554985546442,0.00278676484979276,0.0476178808064432,-0.971234708986982
"740","global","fen","4","snowfence","D4SF","SLA",105.795127806526,793.269123442352,1.06539466984968,0.574737725090311
"741","global","fen","4","snowfence","D4SF","d13C",-28.2759,0.724301202020202,-0.643473910401631,-0.115306500801679
"742","global","fen","4","snowfence","D4SF","d15N",-3.4911,11.4860745353535,-0.0235686153619902,-1.49619690910275
"743","global","fen","4","snowfence","D4SF","dweight",0.0359635833333333,0.000446917426564254,1.43821393987742,1.75433197885358
"744","global","fen","4","snowfence","D4SF","fweight",0.0937136666666667,0.00376180513260382,1.37254383847356,1.65531990577581
"745","global","fen","4","snowfence","D4SF","height",7.01533333333333,12.6882305274972,0.871161770017673,0.356565647970723
"746","global","fen","4","snowfence","D4SF","leafa",3.84601284941667,3.67014690082034,0.663443435044465,0.158030318786626
"747","global","fen","4","snowfence","D4SF","wC",49.2045,11.2989704545455,-0.379001451179393,-0.264973293967721
"748","global","fen","4","snowfence","D4SF","wN",1.5371,0.235828878787879,-0.565610570286752,-1.07221123262681
"749","global","fen","5","control","D5C","CN_ratio",28.33526904914,46.9668059053924,0.468822659449453,1.58942587115519
"750","global","fen","5","control","D5C","LDMC",0.378952556514655,0.00327305704249332,-1.08268897904535,0.976238963439653
"751","global","fen","5","control","D5C","SLA",118.522345803562,1800.76795916816,1.15799630824616,1.18075595933835
"752","global","fen","5","control","D5C","d13C",-28.4471,1.10707938383838,-0.379739625301483,-0.909197929724275
"753","global","fen","5","control","D5C","d15N",-1.9701,5.39945352525253,-0.893379837550913,0.00480119325121242
"754","global","fen","5","control","D5C","dweight",0.05041025,0.00112738859828143,1.0879849166886,0.116927686890109
"755","global","fen","5","control","D5C","fweight",0.162673,0.0175741621332632,1.72792443383962,2.91467338928764
"756","global","fen","5","control","D5C","height",10.9353333333333,87.8835355218855,2.16056530076127,5.34238668475714
"757","global","fen","5","control","D5C","leafa",6.32654058634667,14.8985199772521,1.68904477699921,3.11076532257857
"758","global","fen","5","control","D5C","wC",48.2374,6.22542549494949,-0.719880775001826,1.43943538920992
"759","global","fen","5","control","D5C","wN",1.8451,0.31580504040404,2.49087280544381,9.15190783067396
"760","global","fen","5","snowfence","D5SF","CN_ratio",38.89758622764,370.407577613837,0.632313194787895,-0.783140200953111
"761","global","fen","5","snowfence","D5SF","LDMC",0.413582125407344,0.00442130318867637,-1.34859817139047,1.59250926618786
"762","global","fen","5","snowfence","D5SF","SLA",113.309022299785,1327.94532058528,1.95433634361555,4.79610855465682
"763","global","fen","5","snowfence","D5SF","d13C",-29.0684,1.54421357575758,-0.43404832433637,-0.654270797888535
"764","global","fen","5","snowfence","D5SF","d15N",-3.6429,7.96142281818182,0.0327162703541413,-1.23201673560474
"765","global","fen","5","snowfence","D5SF","dweight",0.0559318333333333,0.00225144668824355,2.1418113638424,3.71364663122052
"766","global","fen","5","snowfence","D5SF","fweight",0.158401125,0.0184238517359059,1.56332128895866,1.71988227837218
"767","global","fen","5","snowfence","D5SF","height",10.0439166666667,100.251924600168,2.49885691341395,7.0329692673574
"768","global","fen","5","snowfence","D5SF","leafa",7.01843587207167,33.5690526278475,1.44768857827097,0.866346536320659
"769","global","fen","5","snowfence","D5SF","wC",49.9848,7.61982925252525,-0.357732215220113,-0.927053910561487
"770","global","fen","5","snowfence","D5SF","wN",1.4645,0.365002777777778,1.19492163769393,4.16164589549749
"771","global","heath","1","control","E1C","CN_ratio",51.8748200403,219.679819455042,-0.374080880544477,-0.33798985478923
"772","global","heath","1","control","E1C","LDMC",0.434440486480161,0.00158714670035612,-0.817463085977946,0.792347148266046
"773","global","heath","1","control","E1C","SLA",98.7865666486111,305.210222381967,0.239660788110029,-0.897586324551257
"774","global","heath","1","control","E1C","d13C",-28.3939,1.59094524242424,-0.554818703554997,-1.12002493306969
"775","global","heath","1","control","E1C","d15N",-6.8925,3.49774217171717,0.577214787409705,0.505309687553968
"776","global","heath","1","control","E1C","dweight",0.0409285833333333,0.000159174291884119,0.139328731469911,-0.533935697365465
"777","global","heath","1","control","E1C","fweight",0.09575625,0.00060874861584596,0.434289151760712,-0.465618500265299
"778","global","heath","1","control","E1C","height",7.32983333333333,7.08788745791246,2.45861444083742,12.0780050084342
"779","global","heath","1","control","E1C","leafa",3.92549641942083,1.07868172987171,0.217853529310046,-0.467220923401086
"780","global","heath","1","control","E1C","wC",52.0016,2.10188226262626,-0.0112192091162701,-0.592805742149823
"781","global","heath","1","control","E1C","wN",1.0534,0.135875191919192,1.43180487918893,0.744151758099233
"782","global","heath","1","snowfence","E1SF","CN_ratio",48.0082385629,326.636654407885,0.128074934010529,-1.19311385419444
"783","global","heath","1","snowfence","E1SF","LDMC",0.430871479443019,0.000905241034569996,-0.73980292056239,2.01411669782484
"784","global","heath","1","snowfence","E1SF","SLA",107.535903711973,541.816220213336,1.70261435764596,6.45449726999194
"785","global","heath","1","snowfence","E1SF","d13C",-28.8573,1.87475122222222,-0.500301946014649,-0.925276485047722
"786","global","heath","1","snowfence","E1SF","d15N",-6.0584,5.13497721212121,0.773903453553109,-0.350943273268604
"787","global","heath","1","snowfence","E1SF","dweight",0.0414553333333333,0.000139132020931538,0.600983319665359,-0.510467834002461
"788","global","heath","1","snowfence","E1SF","fweight",0.0912969166666667,0.00039321856292789,0.828843360415497,0.41617219252701
"789","global","heath","1","snowfence","E1SF","height",8.63625,25.4527656776094,1.51885901214311,1.66701783505649
"790","global","heath","1","snowfence","E1SF","leafa",3.98284421672417,1.42443252244862,-0.135811339565019,-0.876538362837912
"791","global","heath","1","snowfence","E1SF","wC",51.2924,4.76672145454545,-0.916957939565056,0.873361729970726
"792","global","heath","1","snowfence","E1SF","wN",1.2081,0.226492313131313,0.741557610023281,-0.838004711922304
"793","global","heath","2","control","E2C","CN_ratio",59.2336579862,180.105632141253,-0.488591874006396,0.727035157143665
"794","global","heath","2","control","E2C","LDMC",0.440603115894557,0.00133903201797126,-1.63678603697176,3.74604034212423
"795","global","heath","2","control","E2C","SLA",97.0043065737691,241.107109603244,0.346764882881033,-0.0835090146460145
"796","global","heath","2","control","E2C","d13C",-28.1394,1.02678347474748,-0.767365693721098,-0.189547647313328
"797","global","heath","2","control","E2C","d15N",-6.9469,3.25602564646465,1.06994602114284,0.999894250571487
"798","global","heath","2","control","E2C","dweight",0.045345,0.000539150331088664,4.91353441392598,36.6411672286429
"799","global","heath","2","control","E2C","fweight",0.10537725,0.00299173117123317,7.30345215961996,62.9692014417687
"800","global","heath","2","control","E2C","height",6.69733333333333,5.88699197530864,0.807212029095138,2.45682611127123
"801","global","heath","2","control","E2C","leafa",4.0095661594775,1.60552358038265,1.74296544214589,9.93081671785282
"802","global","heath","2","control","E2C","wC",51.9547,2.45425950505051,-0.499225125262089,-0.0518188273539004
"803","global","heath","2","control","E2C","wN",0.9689,0.0796704949494949,1.85201583562993,3.24531914492239
"804","global","heath","2","snowfence","E2SF","CN_ratio",54.5864772313,210.100632240222,-0.349108761040359,-0.185483436844031
"805","global","heath","2","snowfence","E2SF","LDMC",0.441818511518601,0.000835865672875872,-0.629581854106641,0.117566182255345
"806","global","heath","2","snowfence","E2SF","SLA",96.9783531554665,205.598318613605,0.477653917843424,-0.19634740968512
"807","global","heath","2","snowfence","E2SF","d13C",-28.4473,1.4327593030303,-0.797095313864477,-0.0427530334463371
"808","global","heath","2","snowfence","E2SF","d15N",-6.2593,5.03665708080808,0.549381977812453,-0.0765658964412657
"809","global","heath","2","snowfence","E2SF","dweight",0.048547,0.000963507434792368,4.20811307742332,21.1427547203433
"810","global","heath","2","snowfence","E2SF","fweight",0.0960235833333333,0.000717920008494669,1.4708253987708,4.25052425339315
"811","global","heath","2","snowfence","E2SF","height",7.65608333333333,21.8833794262065,3.84983869308966,20.9992557369466
"812","global","heath","2","snowfence","E2SF","leafa",4.361694873435,8.98059383884001,4.16618537166052,19.7320231144915
"813","global","heath","2","snowfence","E2SF","wC",52.0434,2.47067923232323,-0.0801882350407708,-0.780324764142128
"814","global","heath","2","snowfence","E2SF","wN",1.1141,0.154119383838384,1.09150790532129,-0.129038677695211
"815","global","heath","3","control","E3C","CN_ratio",57.9416098287,84.373568353203,0.158954920028158,2.80014741672608
"816","global","heath","3","control","E3C","LDMC",0.446637059532325,0.000815160900179059,-1.15385980523432,3.66269436493472
"817","global","heath","3","control","E3C","SLA",92.7224986124644,175.926814939159,1.4987779486083,4.72049458407278
"818","global","heath","3","control","E3C","d13C",-28.0567,0.941632434343434,-1.50067754193317,2.259230189947
"819","global","heath","3","control","E3C","d15N",-7.0932,1.98027046464647,0.498832344300855,-0.0429158890344068
"820","global","heath","3","control","E3C","dweight",0.0432580833333333,0.000148767102209596,0.353748075130252,-1.04462781914434
"821","global","heath","3","control","E3C","fweight",0.0989318333333333,0.000652730766526375,0.205298083567657,-0.98126296714365
"822","global","heath","3","control","E3C","height",6.68516666666667,4.13523790684624,0.356087692875628,1.40190355810855
"823","global","heath","3","control","E3C","leafa",4.02060625969583,1.2038666056716,0.0262827228270549,-1.05971643418634
"824","global","heath","3","control","E3C","wC",52.404,1.59274545454546,-0.589019016842316,1.47031131751061
"825","global","heath","3","control","E3C","wN",0.9542,0.0500852121212121,3.36527684852137,14.2969498274648
"826","global","heath","3","snowfence","E3SF","CN_ratio",50.2891934232,286.790749621409,-0.144029696699271,-1.00199703109249
"827","global","heath","3","snowfence","E3SF","LDMC",0.443580296780115,0.000714489164720427,-0.48072624329545,0.218207380502906
"828","global","heath","3","snowfence","E3SF","SLA",101.309757690294,298.72386701681,0.70269318289392,-0.310448366004853
"829","global","heath","3","snowfence","E3SF","d13C",-27.9811,1.16616948484848,-1.59095070902093,2.33181312443752
"830","global","heath","3","snowfence","E3SF","d15N",-6.6383,3.5588991010101,1.66929723368842,4.16871081000319
"831","global","heath","3","snowfence","E3SF","dweight",0.044661,0.000141440788271605,0.161285117389483,-0.697226211297522
"832","global","heath","3","snowfence","E3SF","fweight",0.0979604166666667,0.0006754940226922,0.44799816131518,-1.01004764330554
"833","global","heath","3","snowfence","E3SF","height",7.638,17.0612939393939,1.75987115669405,2.58703032098395
"834","global","heath","3","snowfence","E3SF","leafa",4.21618871656,1.17762040021362,0.149043112223699,-1.04087047270925
"835","global","heath","3","snowfence","E3SF","wC",51.9242,2.55510137373737,-0.729528191065616,0.564485363046405
"836","global","heath","3","snowfence","E3SF","wN",1.0737,0.138692232323232,1.44491066764823,0.886195918341815
"837","global","heath","4","control","E4C","CN_ratio",55.70751723764,229.722688937666,-0.752957140678562,0.877093994194734
"838","global","heath","4","control","E4C","LDMC",0.436083347016277,0.0022506028588778,-2.88785206551542,10.6078070260729
"839","global","heath","4","control","E4C","SLA",99.5002695178629,669.976237567594,2.99955494944268,12.3748219383081
"840","global","heath","4","control","E4C","d13C",-28.0905,0.893990656565657,-1.18179050509455,1.67797864050495
"841","global","heath","4","control","E4C","d15N",-6.6276,4.10844670707071,1.52356533954076,2.6567114794812
"842","global","heath","4","control","E4C","dweight",0.0380733333333333,0.00017904879349046,0.621178878289599,-0.340270531294192
"843","global","heath","4","control","E4C","fweight",0.0951719833333333,0.000607989707446408,0.506982631858549,0.107225449820774
"844","global","heath","4","control","E4C","height",7.18541666666667,10.4757230289001,2.73014047092862,10.3600019273887
"845","global","heath","4","control","E4C","leafa",4.068949917395,1.66655986411276,0.0402670103454002,-0.794559276046183
"846","global","heath","4","control","E4C","wC",52.1629,3.91438241414141,-1.64050939420444,2.89460370513788
"847","global","heath","4","control","E4C","wN",1.0985,0.37242297979798,4.01933958618258,19.2592191596683
"848","global","heath","4","snowfence","E4SF","CN_ratio",44.592258226,299.841217075621,0.326875259699092,-1.18967647498418
"849","global","heath","4","snowfence","E4SF","LDMC",0.415073066094596,0.00131857276052111,0.25086709853719,-0.76936750150133
"850","global","heath","4","snowfence","E4SF","SLA",108.851048472509,407.541889253558,0.619933025988577,-0.640593418693416
"851","global","heath","4","snowfence","E4SF","d13C",-28.6329,1.57855009090909,-0.471877067525175,-0.947698790479488
"852","global","heath","4","snowfence","E4SF","d15N",-5.4439,6.13670685858586,0.3304413951745,-1.22850486940413
"853","global","heath","4","snowfence","E4SF","dweight",0.05758325,0.00278274888256874,2.46481783391175,5.00601308242053
"854","global","heath","4","snowfence","E4SF","fweight",0.131067,0.0160166391441077,3.0250208982571,8.17673403805907
"855","global","heath","4","snowfence","E4SF","height",10.7306666666667,50.6394049943883,2.48619670386103,6.75623266914737
"856","global","heath","4","snowfence","E4SF","leafa",5.7585272539525,24.6471837139057,2.33721256501771,4.49288414683284
"857","global","heath","4","snowfence","E4SF","wC",50.9744,3.63711781818182,0.125604826422446,-0.907178701892037
"858","global","heath","4","snowfence","E4SF","wN",1.3879,0.243788474747475,-0.00454772898439124,-1.63827148515857
"859","global","heath","5","control","E5C","CN_ratio",54.6841646558,195.260339922869,-0.388004464409972,0.0437666637466654
"860","global","heath","5","control","E5C","LDMC",0.434016198378503,0.00172373593993632,-1.11559671748737,1.33665949456882
"861","global","heath","5","control","E5C","SLA",92.3164809585016,420.821367090115,0.660330654659263,-0.114132216037996
"862","global","heath","5","control","E5C","d13C",-28.5451,1.40834847474747,-0.507192069022522,-1.03991384440656
"863","global","heath","5","control","E5C","d15N",-6.8971,4.0530612020202,0.472820382627423,1.04915210308014
"864","global","heath","5","control","E5C","dweight",0.0404630833333333,0.000150431344353255,0.352636588624496,-0.874336828583415
"865","global","heath","5","control","E5C","fweight",0.0948025,0.000749456459736251,0.226070502114968,-0.97511164997721
"866","global","heath","5","control","E5C","height",6.75666666666667,8.11558361391695,2.46700081726124,11.5569354498686
"867","global","heath","5","control","E5C","leafa",3.75014471864917,0.915222821205173,0.612958505285585,0.0276033395521322
"868","global","heath","5","control","E5C","wC",51.7409,3.50144261616162,-1.30418646083759,3.57068349762903
"869","global","heath","5","control","E5C","wN",1.0244,0.0989642828282828,1.6505326820182,2.0328946300264
"870","global","heath","5","snowfence","E5SF","CN_ratio",48.0490214103,261.082716530364,-0.0848952222779145,-1.16497158988501
"871","global","heath","5","snowfence","E5SF","LDMC",0.428684670834681,0.00134604284013773,-0.0937156676661612,-0.907825591044953
"872","global","heath","5","snowfence","E5SF","SLA",101.168909697213,317.502268686763,0.819535334896309,-0.141660184727538
"873","global","heath","5","snowfence","E5SF","d13C",-28.3922,1.13876076767677,-0.394988972220817,-0.473439431378134
"874","global","heath","5","snowfence","E5SF","d15N",-5.8239,9.34581594949495,1.13987765364162,1.04532317588871
"875","global","heath","5","snowfence","E5SF","dweight",0.0583599166666667,0.00237149630428591,2.59320753878736,6.00720440425983
"876","global","heath","5","snowfence","E5SF","fweight",0.121594566666667,0.00979709071473737,2.67579076256595,7.08403205720566
"877","global","heath","5","snowfence","E5SF","height",9.26883333333333,50.5183299943883,2.83600715410984,8.86870280778195
"878","global","heath","5","snowfence","E5SF","leafa",5.4763424416175,17.9127781542631,2.36029035775498,5.4004057457086
"879","global","heath","5","snowfence","E5SF","wC",51.9299,3.49853029292929,-0.615872076874599,-0.202822837750286
"880","global","heath","5","snowfence","E5SF","wN",1.1576,0.186824484848485,0.91275707788175,-0.620572274282354
"881","global","ridge","1","control","X1C","CN_ratio",62.9441671695,462.763969490448,-0.767145003817663,-1.02323023233731
"882","global","ridge","1","control","X1C","LDMC",0.467700406418894,0.000835336397389688,-0.513401789265415,0.203451093410633
"883","global","ridge","1","control","X1C","SLA",93.3399072441148,364.000374255526,-0.0678634025519686,0.801988399090037
"884","global","ridge","1","control","X1C","d13C",-28.9822,0.808706222222222,-0.681121886437956,-0.382845376692767
"885","global","ridge","1","control","X1C","d15N",-5.1398,3.2105837979798,1.25401313522697,2.14041801370804
"886","global","ridge","1","control","X1C","dweight",0.0351035,8.88487797138047e-05,0.505526854117841,-0.234891311778951
"887","global","ridge","1","control","X1C","fweight",0.074644,0.000415382834006734,0.429304443342088,-0.481259646222876
"888","global","ridge","1","control","X1C","height",3.279,4.10711767676768,3.27580275277759,13.8515494771569
"889","global","ridge","1","control","X1C","leafa",3.38603629411667,0.598617179875316,0.43989265862957,-0.398849972754405
"890","global","ridge","1","control","X1C","wC",51.663,1.69487777777778,-0.349445299772713,-1.01075980463304
"891","global","ridge","1","control","X1C","wN",0.9898,0.245935313131313,1.17958128524456,-0.404759214774997
"892","global","ridge","1","snowfence","X1SF","CN_ratio",45.5768624685,419.911815921081,0.487206116725746,-1.37540796903889
"893","global","ridge","1","snowfence","X1SF","LDMC",0.445416987608389,0.00167404799525032,-1.60067978128059,3.1818330719148
"894","global","ridge","1","snowfence","X1SF","SLA",99.6164391080065,479.048605476164,-0.0532679809571871,-1.53036702164174
"895","global","ridge","1","snowfence","X1SF","d13C",-29.6841,0.787971909090909,0.370520732646084,-0.928924582222572
"896","global","ridge","1","snowfence","X1SF","d15N",-5.1441,10.5013274646465,0.126246701805812,-0.160482394472015
"897","global","ridge","1","snowfence","X1SF","dweight",0.03521875,0.000104284285037879,0.531492360175593,-0.258473682054291
"898","global","ridge","1","snowfence","X1SF","fweight",0.0762186166666667,0.000558048487306678,1.17177793409157,0.984063449312536
"899","global","ridge","1","snowfence","X1SF","height",3.9535,4.80977157687991,2.37366723678842,7.15125103708014
"900","global","ridge","1","snowfence","X1SF","leafa",3.4202927417075,0.958341666192763,0.370667239480729,-0.615791189293874
"901","global","ridge","1","snowfence","X1SF","wC",50.7453,2.06338071717172,-1.09477760599421,3.49493952830881
"902","global","ridge","1","snowfence","X1SF","wN",1.1502,0.226365616161616,0.63150771427697,-1.10698578658244
"903","global","ridge","2","control","X2C","CN_ratio",62.8477173351,357.938402259477,-0.616607515990815,-1.05925013297442
"904","global","ridge","2","control","X2C","LDMC",0.469268292091632,0.00112872995804627,-0.575581846870747,-0.589410388950142
"905","global","ridge","2","control","X2C","SLA",98.5982869710372,2674.58127916974,8.01726265322332,71.8175606619021
"906","global","ridge","2","control","X2C","d13C",-28.9296,0.662248323232323,-0.623700685415043,-0.350844229198984
"907","global","ridge","2","control","X2C","d15N",-5.37,3.37934949494949,1.80521402346196,4.20459551597733
"908","global","ridge","2","control","X2C","dweight",0.0346883333333333,0.000109279875140292,0.285844912633523,0.0324634560899399
"909","global","ridge","2","control","X2C","fweight",0.0758914166666667,0.000446048555632716,0.109266896364096,-0.386618463403523
"910","global","ridge","2","control","X2C","height",2.69566666666667,1.18559551066218,2.3961600981913,11.6086002479769
"911","global","ridge","2","control","X2C","leafa",3.06426412663833,0.761282797585648,0.0805531099460522,0.13669728082073
"912","global","ridge","2","control","X2C","wC",51.5175,3.06795833333334,-1.46911251396649,2.20017773980465
"913","global","ridge","2","control","X2C","wN",0.9293,0.171358090909091,1.23286584764189,-0.101369348405946
"914","global","ridge","2","snowfence","X2SF","CN_ratio",53.4916442648,588.503282098959,0.0544036536027044,-1.721539497664
"915","global","ridge","2","snowfence","X2SF","LDMC",0.451911065213715,0.00100072034633153,-0.0209575015371327,-0.452209587027035
"916","global","ridge","2","snowfence","X2SF","SLA",101.178550883167,576.988482878475,-0.814212510901617,0.433348406219923
"917","global","ridge","2","snowfence","X2SF","d13C",-29.2718,0.815091676767677,-0.168302613917462,-1.06916487518964
"918","global","ridge","2","snowfence","X2SF","d15N",-4.5605,3.76092196969697,1.03998378689544,0.985798478517186
"919","global","ridge","2","snowfence","X2SF","dweight",0.0331676666666667,0.000109852604208754,0.40662718453208,-0.194497340912934
"920","global","ridge","2","snowfence","X2SF","fweight",0.06653365,0.000291814687160213,0.455609692783813,-0.256164205244667
"921","global","ridge","2","snowfence","X2SF","height",3.46733333333333,5.21082025813693,2.33443862967538,7.34326090156212
"922","global","ridge","2","snowfence","X2SF","leafa",3.07378044084,1.00863396321902,-0.194183904771849,-0.291299160399502
"923","global","ridge","2","snowfence","X2SF","wC",51.104,2.86874747474748,-0.586385690900651,-0.639288560437811
"924","global","ridge","2","snowfence","X2SF","wN",1.1767,0.304678898989899,0.363104767891845,-1.67933634017588
"925","global","ridge","3","control","X3C","CN_ratio",47.3832288911,463.033955278938,0.565986720782838,-1.3639822589615
"926","global","ridge","3","control","X3C","LDMC",0.442413507830978,0.0013970364781602,0.343851476998675,-1.01957042576042
"927","global","ridge","3","control","X3C","SLA",108.708999078923,271.940634122313,-0.317157892210689,-0.892191767175561
"928","global","ridge","3","control","X3C","d13C",-29.5039,0.788032111111111,0.135516168771228,-0.905076523111425
"929","global","ridge","3","control","X3C","d15N",-4.6266,3.47353983838384,0.84539845406401,0.723941896921508
"930","global","ridge","3","control","X3C","dweight",0.0306385,0.000115789045707071,0.320787048704934,-0.565563382090799
"931","global","ridge","3","control","X3C","fweight",0.0690593166666667,0.000454555303007576,0.564640976075041,-0.569489499322599
"932","global","ridge","3","control","X3C","height",3.26458333333333,4.14000894360269,3.28145138495191,13.6898873859194
"933","global","ridge","3","control","X3C","leafa",3.1049656981925,0.902557616299206,0.419497620429254,-0.107856836565765
"934","global","ridge","3","control","X3C","wC",50.9069,1.62099332323232,0.186449382992073,-1.09324030436244
"935","global","ridge","3","control","X3C","wN",1.2876,0.237913373737374,-0.0828418172819042,-1.51242666723718
"936","global","ridge","3","snowfence","X3SF","CN_ratio",61.0530089975,496.030341308311,-0.495994222445363,-1.37006231840159
"937","global","ridge","3","snowfence","X3SF","LDMC",0.471827389815081,0.000769223903586925,-0.263399277985142,-0.260881961623273
"938","global","ridge","3","snowfence","X3SF","SLA",95.2515531990142,531.67493099947,-0.886441589108967,0.596491642930879
"939","global","ridge","3","snowfence","X3SF","d13C",-29.0049,0.678142414141414,-0.522811778588372,-0.912966418663103
"940","global","ridge","3","snowfence","X3SF","d15N",-5.0259,4.2557214040404,1.34026803424349,2.00837523010075
"941","global","ridge","3","snowfence","X3SF","dweight",0.0338409166666667,9.5537818595679e-05,0.559830965992645,0.0328330452837684
"942","global","ridge","3","snowfence","X3SF","fweight",0.0730663333333333,0.000378603183108866,0.407238792676345,-0.54095933070931
"943","global","ridge","3","snowfence","X3SF","height",3.18191666666667,3.99950063832772,3.51473630542698,15.4075757401849
"944","global","ridge","3","snowfence","X3SF","leafa",3.29803216586417,1.00506378269298,-0.0221632706005738,-0.0734217815969473
"945","global","ridge","3","snowfence","X3SF","wC",51.4059,2.61042241414142,-0.832369961974797,0.0530554966314845
"946","global","ridge","3","snowfence","X3SF","wN",1.1269,0.282583222222222,0.515900189368306,-1.4784176928452
"947","global","ridge","4","control","X4C","CN_ratio",62.25006503237,451.678169526999,-0.782521754936477,-0.917427036841914
"948","global","ridge","4","control","X4C","LDMC",0.461837744434895,0.00196990590329381,-1.69436123519414,6.21212824892485
"949","global","ridge","4","control","X4C","SLA",95.6493577298081,234.673630962231,1.26746438822626,1.33737143650063
"950","global","ridge","4","control","X4C","d13C",-28.8587,0.687692232323232,-0.931930726856767,0.319583775978629
"951","global","ridge","4","control","X4C","d15N",-5.3451,2.86526564646465,1.26409676672094,1.82999902215579
"952","global","ridge","4","control","X4C","dweight",0.03419825,0.000116810331502525,0.229053075846741,-0.305401764962745
"953","global","ridge","4","control","X4C","fweight",0.0757380833333333,0.000397438640930135,0.349618821375071,-0.66211476148132
"954","global","ridge","4","control","X4C","height",3.04958333333333,1.69230692340067,1.61322616746032,2.93712190022911
"955","global","ridge","4","control","X4C","leafa",3.29643825233833,0.815325913671636,0.513745695630834,-0.536620438529699
"956","global","ridge","4","control","X4C","wC",51.685,1.9555101010101,-1.92866762008407,5.84905408135772
"957","global","ridge","4","control","X4C","wN",0.9389,0.296460393939394,3.46877268065026,17.9350549662458
"958","global","ridge","4","snowfence","X4SF","CN_ratio",59.9798578224,546.230682535945,-0.416747929781638,-1.54113882977272
"959","global","ridge","4","snowfence","X4SF","LDMC",0.461735192010632,0.00122016123736023,-0.349860287471829,0.251928313588525
"960","global","ridge","4","snowfence","X4SF","SLA",98.2768946071512,299.356249881321,0.533191513064149,-1.01402081751963
"961","global","ridge","4","snowfence","X4SF","d13C",-29.1433,0.935242535353535,-0.439572582798444,-1.03891059302469
"962","global","ridge","4","snowfence","X4SF","d15N",-4.747,3.89508383838384,0.791257910874796,0.264541136096306
"963","global","ridge","4","snowfence","X4SF","dweight",0.0343994166666667,0.000120624865677609,0.358035714598128,-0.323983350639494
"964","global","ridge","4","snowfence","X4SF","fweight",0.0735970333333333,0.000394427604171156,0.205765784111389,-0.576777947216136
"965","global","ridge","4","snowfence","X4SF","height",3.60741666666667,4.95516259118968,3.23491652326771,11.9584552166109
"966","global","ridge","4","snowfence","X4SF","leafa",3.284441426645,0.779226203873208,0.0592027640540335,0.142341283455283
"967","global","ridge","4","snowfence","X4SF","wC",51.5466,1.38330549494949,-0.43694114638117,-1.00376450427634
"968","global","ridge","4","snowfence","X4SF","wN",1.0257,0.224202535353535,0.990022152597673,-0.691987565262892
"969","global","ridge","5","control","X5C","CN_ratio",59.9973308329,326.354582090215,-0.547883902421355,-1.0124982196027
"970","global","ridge","5","control","X5C","LDMC",0.446774039560526,0.00205174635480925,-0.602165623590243,-0.142469384155176
"971","global","ridge","5","control","X5C","SLA",83.591765534685,1081.03544286753,-0.0484924024133218,-1.15497605540179
"972","global","ridge","5","control","X5C","d13C",-29.0406,0.712128929292929,-0.537457793173534,-0.829093381324191
"973","global","ridge","5","control","X5C","d15N",-4.8979,2.55711372727273,0.908463878704522,0.265917518491705
"974","global","ridge","5","control","X5C","dweight",0.0296045833333333,0.000100922890537318,0.832869935479911,0.419339731840057
"975","global","ridge","5","control","X5C","fweight",0.0654046666666667,0.000429294884006734,0.997557746851229,0.546652149566253
"976","global","ridge","5","control","X5C","height",2.06016666666667,1.11653841189675,0.78303973586573,0.438448309436605
"977","global","ridge","5","control","X5C","leafa",2.45295034843667,1.31083628677876,0.440929500033943,-0.72661397506676
"978","global","ridge","5","control","X5C","wC",50.6611,4.16074120202021,-0.484466999936969,-1.11408745401652
"979","global","ridge","5","control","X5C","wN",1.0207,0.158093444444444,0.682764040415593,-1.16417471893523
"980","global","ridge","5","snowfence","X5SF","CN_ratio",60.5149082554,542.147471639242,-0.298125065741963,-1.56699245557017
"981","global","ridge","5","snowfence","X5SF","LDMC",0.460436412682331,0.00120823914718112,-0.299338498369308,-0.475809441995253
"982","global","ridge","5","snowfence","X5SF","SLA",98.6341726260567,407.319051609122,0.0973217218731336,0.0942000056701753
"983","global","ridge","5","snowfence","X5SF","d13C",-28.9987,0.721407383838384,-0.657104992372249,-0.55604680309734
"984","global","ridge","5","snowfence","X5SF","d15N",-5.0616,4.43987216161616,1.3444942003803,1.84346119405323
"985","global","ridge","5","snowfence","X5SF","dweight",0.031225,8.73806116722783e-05,0.337450012586396,-0.18462976176647
"986","global","ridge","5","snowfence","X5SF","fweight",0.0686448083333333,0.000361502960772377,0.8789110409992,0.584812498555537
"987","global","ridge","5","snowfence","X5SF","height",2.88108333333333,2.39360529601571,4.03031327688236,25.1263700587141
"988","global","ridge","5","snowfence","X5SF","leafa",3.19324627456,0.788081463360007,0.19092812932625,0.422780880349849
"989","global","ridge","5","snowfence","X5SF","wC",51.2891,2.44147695959596,-1.41017825070474,2.44355754105159
"990","global","ridge","5","snowfence","X5SF","wN",1.0497,0.227901929292929,0.715002806079608,-1.08605690713583
"991","global","fen","1","control","D1C","CN_ratio",38.3860947026,320.930740030481,1.34044789634495,0.710563635627331
"992","global","fen","1","control","D1C","LDMC",0.398957264216408,0.00300915428236241,-0.226931987559359,-0.0860108529086041
"993","global","fen","1","control","D1C","SLA",104.765320863167,727.9736702879,1.25037964542494,1.75807961022884
"994","global","fen","1","control","D1C","d13C",-28.5997,1.15831607070707,-0.585867661029448,0.315974753801161
"995","global","fen","1","control","D1C","d15N",-3.3836,9.08974852525253,-0.0689229431738959,-1.32683220672473
"996","global","fen","1","control","D1C","dweight",0.04709725,0.001867589677406,2.60607005129824,8.11630847611044
"997","global","fen","1","control","D1C","fweight",0.1161457,0.0109449648651616,2.42177277152598,7.40387708172236
"998","global","fen","1","control","D1C","height",8.06366666666667,67.4279693041526,3.09741585597668,11.8986529607271
"999","global","fen","1","control","D1C","leafa",4.80259864994167,16.9698494082736,1.98541644587881,4.04006651864086
"1000","global","fen","1","control","D1C","wC",49.7916,6.06967014141414,-0.369777073012299,-1.25773784464592
"1001","global","fen","1","control","D1C","wN",1.447,0.228320202020202,-0.126343918832391,-1.3848729133743
"1002","global","fen","1","snowfence","D1SF","CN_ratio",37.1385623636,285.130187319984,1.42075533360854,0.789368383298624
"1003","global","fen","1","snowfence","D1SF","LDMC",0.400687003398872,0.00293497899297224,-0.651978008445192,1.77432247913979
"1004","global","fen","1","snowfence","D1SF","SLA",105.360874058205,724.317799816102,0.729262751574328,0.428505061710596
"1005","global","fen","1","snowfence","D1SF","d13C",-28.7584,1.61362367676768,-0.183938451469606,-0.926398301120157
"1006","global","fen","1","snowfence","D1SF","d15N",-2.7101,7.40823736363636,-0.476634545094139,-1.06555782789057
"1007","global","fen","1","snowfence","D1SF","dweight",0.0472840833333333,0.000928299319718014,1.44634359441181,2.39566223553701
"1008","global","fen","1","snowfence","D1SF","fweight",0.125033116666667,0.0106282747071636,2.54320877780097,8.9352577452811
"1009","global","fen","1","snowfence","D1SF","height",9.20733333333333,41.6792666666667,1.60236929108788,4.13150814915576
"1010","global","fen","1","snowfence","D1SF","leafa",4.67449546196333,10.7547103855692,3.02914085942265,11.6299345877318
"1011","global","fen","1","snowfence","D1SF","wC",49.5511,6.29487655555556,0.00896661605404668,-1.2851508413801
"1012","global","fen","1","snowfence","D1SF","wN",1.5595,0.24142297979798,-0.20588176545244,-0.778786087005816
"1013","global","fen","2","control","D2C","CN_ratio",29.1461845053,47.315024704562,1.64824512802305,3.26591493938884
"1014","global","fen","2","control","D2C","LDMC",0.392073212687468,0.00145212381902379,0.488282070916158,1.30260305508922
"1015","global","fen","2","control","D2C","SLA",104.484894050593,1366.51011992044,2.86221899912034,13.4229784241197
"1016","global","fen","2","control","D2C","d13C",-28.0852,1.1052938989899,-1.25704555934544,1.00139062557025
"1017","global","fen","2","control","D2C","d15N",-1.385,4.98866363636364,-1.3781338210215,1.27509919709597
"1018","global","fen","2","control","D2C","dweight",0.0543640833333333,0.000910128606474467,0.114442046059087,-1.31755988979963
"1019","global","fen","2","control","D2C","fweight",0.143380225,0.00815372770032064,0.862663077641451,1.10162038758523
"1020","global","fen","2","control","D2C","height",8.66641666666667,34.5371807730079,1.71588873769397,7.95618914757801
"1021","global","fen","2","control","D2C","leafa",5.04982684939833,9.28648689324331,1.71894490837146,6.70054460015827
"1022","global","fen","2","control","D2C","wC",46.9668,5.37382602020202,-0.88996715645578,4.61818910705709
"1023","global","fen","2","control","D2C","wN",1.7594,0.151209737373737,-1.01621295431425,0.504042017853402
"1024","global","fen","2","snowfence","D2SF","CN_ratio",31.9268856614,108.253269625174,2.29209065778171,5.87961114158024
"1025","global","fen","2","snowfence","D2SF","LDMC",0.385837976857692,0.00212559238529117,-0.094879220455286,1.1886187369779
"1026","global","fen","2","snowfence","D2SF","SLA",111.704105599456,1085.9370495198,2.71807074487825,13.8464110731703
"1027","global","fen","2","snowfence","D2SF","d13C",-28.2569,1.14028827272727,-0.738369581320095,-0.145914380388414
"1028","global","fen","2","snowfence","D2SF","d15N",-1.4289,6.19498564646465,-1.14241722805669,0.300059144146019
"1029","global","fen","2","snowfence","D2SF","dweight",0.0420299166666667,0.000820898187563131,0.928274265383573,-0.341779943142713
"1030","global","fen","2","snowfence","D2SF","fweight",0.105427333333333,0.0056647117523569,0.78492127318121,-0.804274636871007
"1031","global","fen","2","snowfence","D2SF","height",7.491,20.7118205387205,0.792548818280009,0.343276499079463
"1032","global","fen","2","snowfence","D2SF","leafa",3.65571993344,5.90461596092056,0.945057164419013,0.44805460075873
"1033","global","fen","2","snowfence","D2SF","wC",47.5303,5.57373425252525,0.105205918974863,2.10826408497213
"1034","global","fen","2","snowfence","D2SF","wN",1.5752,0.138980767676768,-0.54445551223262,-0.337787888009901
"1035","global","fen","3","control","D3C","CN_ratio",28.4857932689,50.395942357731,2.81209267178579,12.6934985976543
"1036","global","fen","3","control","D3C","LDMC",0.387962931059268,0.0013374004560812,0.50835551435323,1.49484515283567
"1037","global","fen","3","control","D3C","SLA",98.2183756405294,548.999124603265,0.817525260820784,0.70319457438967
"1038","global","fen","3","control","D3C","d13C",-27.7794,0.537967313131313,-0.438848777230174,0.642035810441515
"1039","global","fen","3","control","D3C","d15N",-0.9055,4.05196237373737,-1.81227789690437,3.39266932850174
"1040","global","fen","3","control","D3C","dweight",0.0548983333333333,0.00111474468855219,0.0537036453091927,-1.45051807195767
"1041","global","fen","3","control","D3C","fweight",0.135524583333333,0.00838077268992003,0.252023948333772,-1.50535552471926
"1042","global","fen","3","control","D3C","height",8.12958333333333,16.4255715137486,0.176887911554308,-0.824737671003986
"1043","global","fen","3","control","D3C","leafa",4.05728084434583,6.09486899286392,0.272588369919789,-1.15799518521689
"1044","global","fen","3","control","D3C","wC",47.579,3.35454848484848,1.68810498171653,2.41257725577132
"1045","global","fen","3","control","D3C","wN",1.7079,0.0895824141414141,-0.317460784485571,-0.911921966759855
"1046","global","fen","3","snowfence","D3SF","CN_ratio",28.7029520196,46.1787988589856,1.50680414770328,1.80748246951414
"1047","global","fen","3","snowfence","D3SF","LDMC",0.386604705942425,0.0018113629501797,0.106582118580821,1.6625717427124
"1048","global","fen","3","snowfence","D3SF","SLA",93.0478088984466,496.322129899344,1.38923945262773,2.92700199469313
"1049","global","fen","3","snowfence","D3SF","d13C",-27.8153,0.777582737373738,-1.16223612383184,1.54966468484342
"1050","global","fen","3","snowfence","D3SF","d15N",-0.9468,3.85308056565657,-0.906097606006775,1.23318286935466
"1051","global","fen","3","snowfence","D3SF","dweight",0.0524865,0.00102687481871493,0.133333142580683,-1.35683360794487
"1052","global","fen","3","snowfence","D3SF","fweight",0.131817216666667,0.00909360049119276,0.736429129358432,0.367369377601648
"1053","global","fen","3","snowfence","D3SF","height",9.656,20.4485719416386,1.15584465423391,4.7699292650813
"1054","global","fen","3","snowfence","D3SF","leafa",4.84892596044417,5.67364304212752,-0.0522245211130958,-0.987576761586987
"1055","global","fen","3","snowfence","D3SF","wC",47.3697,4.07774031313131,0.109495827362364,3.64680901843735
"1056","global","fen","3","snowfence","D3SF","wN",1.7367,0.0851132424242424,-0.786010715054477,0.384002899994857
"1057","global","fen","4","control","D4C","CN_ratio",31.368494815,150.459264742438,2.35265467680817,4.8636690817429
"1058","global","fen","4","control","D4C","LDMC",0.395483172640725,0.00242248209948684,0.332944037526539,-0.235898051897015
"1059","global","fen","4","control","D4C","SLA",115.296086697476,978.154436582646,0.496319588710285,-0.705249240051102
"1060","global","fen","4","control","D4C","d13C",-28.4362,1.13690258585859,-0.443160108494279,-0.258917842608663
"1061","global","fen","4","control","D4C","d15N",-1.8606,11.1668137777778,-0.82660199663387,-0.898000565210546
"1062","global","fen","4","control","D4C","dweight",0.0323170833333333,0.000427174263994108,1.66454152255289,3.4364044324414
"1063","global","fen","4","control","D4C","fweight",0.0805350833333333,0.00358963597684484,1.72047777522156,3.1926507191949
"1064","global","fen","4","control","D4C","height",6.72291666666667,11.3556290333894,1.02964212648122,1.01526022116889
"1065","global","fen","4","control","D4C","leafa",3.34178717555583,4.17759514171328,0.631414063476602,-0.410861373857311
"1066","global","fen","4","control","D4C","wC",47.6158,6.16868723232323,1.24240482927084,0.11146673700012
"1067","global","fen","4","control","D4C","wN",1.5807,0.170063141414141,-0.695217245314491,-0.656283995643235
"1068","global","fen","4","snowfence","D4SF","CN_ratio",40.8479505871,355.385968768121,0.730926865071212,-0.87093362214756
"1069","global","fen","4","snowfence","D4SF","LDMC",0.409389906004803,0.00277881945662572,0.064808187817026,-0.239682289422085
"1070","global","fen","4","snowfence","D4SF","SLA",103.018917838595,571.135675126983,0.903938143326763,0.677502677670741
"1071","global","fen","4","snowfence","D4SF","d13C",-28.4461,0.965401808080808,-0.425460462615606,-0.376685792708232
"1072","global","fen","4","snowfence","D4SF","d15N",-2.9055,10.8665340909091,-0.228589759569616,-1.53360395270384
"1073","global","fen","4","snowfence","D4SF","dweight",0.0352710833333333,0.00040187762970679,1.31783990881727,2.23398539129022
"1074","global","fen","4","snowfence","D4SF","fweight",0.0941771666666667,0.00283835258364198,1.74233647189167,3.23674210347976
"1075","global","fen","4","snowfence","D4SF","height",6.1795,12.8811832491582,1.4883353542641,2.54525739425141
"1076","global","fen","4","snowfence","D4SF","leafa",3.65601787986583,3.64287724328754,0.723387665216837,0.112710188690165
"1077","global","fen","4","snowfence","D4SF","wC",49.3278,12.2090779393939,-0.576478508626629,0.141120800137809
"1078","global","fen","4","snowfence","D4SF","wN",1.4287,0.256722535353535,-0.158549142826036,-1.25636881878783
"1079","global","fen","5","control","D5C","CN_ratio",26.36017677398,38.655168408907,-0.222459862819757,0.958818273043252
"1080","global","fen","5","control","D5C","LDMC",0.374970516306661,0.00263683801789241,-1.3189212984204,1.08111091917799
"1081","global","fen","5","control","D5C","SLA",116.60212156474,1539.54293215534,0.965367570345672,1.02842959097547
"1082","global","fen","5","control","D5C","d13C",-28.8517,1.49118192929293,-0.0955342748803416,-1.04811055558538
"1083","global","fen","5","control","D5C","d15N",-2.1931,5.96829635353535,-0.975286328785942,0.372312503732476
"1084","global","fen","5","control","D5C","dweight",0.0501514166666667,0.00139522390159231,1.79767539794866,3.15755950181538
"1085","global","fen","5","control","D5C","fweight",0.189589808333333,0.0224986355404862,1.4059662599665,1.49546799395926
"1086","global","fen","5","control","D5C","height",12.226,110.801434175084,1.81308546994894,3.123577578153
"1087","global","fen","5","control","D5C","leafa",5.74400001992,13.8212456464875,2.19548307905698,6.65352519290347
"1088","global","fen","5","control","D5C","wC",48.4483,4.99334354545454,-0.450126711704913,1.21255841995168
"1089","global","fen","5","control","D5C","wN",1.8155,0.239956313131313,2.23645039989662,8.45759346685782
"1090","global","fen","5","snowfence","D5SF","CN_ratio",40.07712099656,388.998009538702,0.494099705311172,-0.894890679387021
"1091","global","fen","5","snowfence","D5SF","LDMC",0.395453131446908,0.00488438825187564,-1.06932700993509,0.460621187664041
"1092","global","fen","5","snowfence","D5SF","SLA",110.298754426792,945.468214871274,1.67188297841515,3.47978735471162
"1093","global","fen","5","snowfence","D5SF","d13C",-29.1467,1.26982839393939,-0.339482107089673,-0.441024219285007
"1094","global","fen","5","snowfence","D5SF","d15N",-3.9687,9.27555081818182,-0.0499250711173091,-1.14701068389354
"1095","global","fen","5","snowfence","D5SF","dweight",0.0560464166666667,0.00212387397342172,1.91883937203046,2.98307746150205
"1096","global","fen","5","snowfence","D5SF","fweight",0.157691575,0.0234283454698358,1.98773306086607,2.76741256021314
"1097","global","fen","5","snowfence","D5SF","height",11.8054166666667,157.434461805556,1.87704646802462,2.79844711066513
"1098","global","fen","5","snowfence","D5SF","leafa",6.748059745555,32.4730576689996,1.52738436622215,1.28537648309818
"1099","global","fen","5","snowfence","D5SF","wC",50.5346,6.32080286868687,-0.529291152347318,-0.558551761074129
"1100","global","fen","5","snowfence","D5SF","wN",1.5374,0.75457094949495,1.65429552844801,3.30610799255819
"1101","global","heath","1","control","E1C","CN_ratio",52.4746712208,225.116301851416,-0.387938172812453,-0.358494987474723
"1102","global","heath","1","control","E1C","LDMC",0.432012771617492,0.00106844853934813,-1.15450737488081,1.77182292592505
"1103","global","heath","1","control","E1C","SLA",98.3344461557562,307.625091204402,0.545686735329308,-0.282226220926308
"1104","global","heath","1","control","E1C","d13C",-28.5342,1.75478824242424,-0.591534677460662,-0.9861962901144
"1105","global","heath","1","control","E1C","d15N",-7.1963,2.91771243434343,0.360066036129324,0.457579501491387
"1106","global","heath","1","control","E1C","dweight",0.04265725,0.000153543902434063,0.221239122079319,-0.77747381363427
"1107","global","heath","1","control","E1C","fweight",0.0930788333333333,0.000692268917536476,0.466629007654354,-0.96795669372436
"1108","global","heath","1","control","E1C","height",7.70916666666667,12.8746471661055,1.37465493060861,1.66758127684827
"1109","global","heath","1","control","E1C","leafa",3.92959244328667,1.25334548406493,0.162475805982142,-0.654810213736726
"1110","global","heath","1","control","E1C","wC",51.6726,2.30836286868687,-0.0995088223330692,-0.0407204052098069
"1111","global","heath","1","control","E1C","wN",1.0798,0.162333292929293,1.34615419678014,0.388080580802523
"1112","global","heath","1","snowfence","E1SF","CN_ratio",48.2758041953,226.953521703815,-0.395108605729463,-1.13773503951183
"1113","global","heath","1","snowfence","E1SF","LDMC",0.431031802861848,0.00130861473646841,-1.00918754869719,1.5479236808668
"1114","global","heath","1","snowfence","E1SF","SLA",101.740131845344,336.544317643873,0.00712243760953333,-0.37981442225319
"1115","global","heath","1","snowfence","E1SF","d13C",-28.982,2.41983636363636,-0.251899482544568,-1.07292979686497
"1116","global","heath","1","snowfence","E1SF","d15N",-6.2055,5.10776439393939,0.323446300320346,0.158867606641448
"1117","global","heath","1","snowfence","E1SF","dweight",0.0385268333333333,0.000118315814506173,0.463296869334303,-0.0235163886028644
"1118","global","heath","1","snowfence","E1SF","fweight",0.0938895833333333,0.000519541951985129,0.329497052670415,-0.189807916329353
"1119","global","heath","1","snowfence","E1SF","height",9.50466666666667,22.2998405162738,1.20529010729139,0.958857283290556
"1120","global","heath","1","snowfence","E1SF","leafa",3.88533075352917,1.03786154971748,0.039338197651721,-0.0474168074866577
"1121","global","heath","1","snowfence","E1SF","wC",51.2659,4.80178807070707,-0.950460228099965,0.968699835679417
"1122","global","heath","1","snowfence","E1SF","wN",1.1591,0.177089080808081,0.845970976810507,-0.758312827800999
"1123","global","heath","2","control","E2C","CN_ratio",54.9638344229,194.675465492984,-0.642656764745477,0.3317750629668
"1124","global","heath","2","control","E2C","LDMC",0.444069687430104,0.00093332517965774,-1.14304217905198,2.71439838125649
"1125","global","heath","2","control","E2C","SLA",96.1073229864597,299.217000951636,1.03593599328812,0.932855897580807
"1126","global","heath","2","control","E2C","d13C",-28.339,1.29973232323232,-0.733504026757711,-0.536783198857332
"1127","global","heath","2","control","E2C","d15N",-6.8475,3.91562904040404,1.44193482980103,2.64298146894733
"1128","global","heath","2","control","E2C","dweight",0.0447323333333333,0.000501174237205387,6.19509258495511,50.0055078122614
"1129","global","heath","2","control","E2C","fweight",0.0924781666666667,0.00053234653869248,0.535677837587593,-0.225069757025385
"1130","global","heath","2","control","E2C","height",7.21008333333333,11.4134207281145,1.90522164377082,5.31482869495277
"1131","global","heath","2","control","E2C","leafa",3.85075329123667,1.22966252742645,0.303392503897537,-0.812016018515256
"1132","global","heath","2","control","E2C","wC",52.3611,2.19421594949495,-0.417166489594752,-0.0886465623052088
"1133","global","heath","2","control","E2C","wN",0.9548,0.059873696969697,2.20527531946416,5.67841769982504
"1134","global","heath","2","snowfence","E2SF","CN_ratio",51.6268121404,250.029632470668,-0.398307525002311,-0.698798424773289
"1135","global","heath","2","snowfence","E2SF","LDMC",0.43504546949009,0.00123847231085805,-1.1043400181342,1.42652213276093
"1136","global","heath","2","snowfence","E2SF","SLA",96.3400312971096,353.343783065888,0.89356335395211,0.405089416521958
"1137","global","heath","2","snowfence","E2SF","d13C",-28.2699,1.34187170707071,-0.790359856541783,-0.0837557193238361
"1138","global","heath","2","snowfence","E2SF","d15N",-6.7489,3.46492908080808,0.559559299988994,0.820776793071047
"1139","global","heath","2","snowfence","E2SF","dweight",0.0471224166666667,0.00138130115697952,4.07127667932497,17.4423252232736
"1140","global","heath","2","snowfence","E2SF","fweight",0.112585166666667,0.00605014817561729,3.79931185401938,16.7433463320346
"1141","global","heath","2","snowfence","E2SF","height",8.135,23.1570987654321,3.33414803499466,16.9870241623151
"1142","global","heath","2","snowfence","E2SF","leafa",3.946311259375,1.92571171463397,3.83690672091729,25.4385776158154
"1143","global","heath","2","snowfence","E2SF","wC",52.0614,1.72417377777778,0.00412040957107057,-0.419525606432206
"1144","global","heath","2","snowfence","E2SF","wN",1.0495,0.137006818181818,1.45233072769792,0.964228963213425
"1145","global","heath","3","control","E3C","CN_ratio",58.2225929499,94.8902158765131,-0.435057324504617,2.6789806916574
"1146","global","heath","3","control","E3C","LDMC",0.441069091236596,0.00181475797769545,-2.46706303692372,8.29313047230744
"1147","global","heath","3","control","E3C","SLA",92.6875788695969,199.736477232698,0.693087207064191,1.42902979021776
"1148","global","heath","3","control","E3C","d13C",-28.0884,0.999377212121212,-1.01316157435072,0.341724321896113
"1149","global","heath","3","control","E3C","d15N",-7.0732,2.69509672727273,0.994288516577527,1.50161121482375
"1150","global","heath","3","control","E3C","dweight",0.042732,0.000147098267003367,0.368231236741448,-1.01350663483144
"1151","global","heath","3","control","E3C","fweight",0.0943978333333333,0.000690709988243546,0.47405865459543,-0.872660646199073
"1152","global","heath","3","control","E3C","height",6.95716666666667,4.40576602132436,0.518988068145831,2.35873723904506
"1153","global","heath","3","control","E3C","leafa",4.038371259725,1.05277029176847,0.242875060504813,-0.931559207728621
"1154","global","heath","3","control","E3C","wC",52.2477,1.66059768686869,0.0225654437805272,-0.366394013132935
"1155","global","heath","3","control","E3C","wN",0.9686,0.0542424646464646,3.55924571025982,14.865603187863
"1156","global","heath","3","snowfence","E3SF","CN_ratio",54.1780084303,216.220049328425,-0.424247775683092,-0.26144141816434
"1157","global","heath","3","snowfence","E3SF","LDMC",0.443018340329053,0.000806630482298166,-1.13939660886689,3.42916522470416
"1158","global","heath","3","snowfence","E3SF","SLA",97.4372468519671,240.867804330516,0.692165503481133,0.155700621497146
"1159","global","heath","3","snowfence","E3SF","d13C",-28.2396,1.25255135353535,-0.82334306579862,0.881359820434422
"1160","global","heath","3","snowfence","E3SF","d15N",-6.6803,3.04177465656566,0.717959994778989,-0.0158375572381506
"1161","global","heath","3","snowfence","E3SF","dweight",0.0426244166666667,0.000138547073870651,0.337949139237815,-0.705553127134761
"1162","global","heath","3","snowfence","E3SF","fweight",0.0930758333333333,0.000527451062710438,0.402948546719392,-0.118817138571118
"1163","global","heath","3","snowfence","E3SF","height",8.28041666666667,13.4890521534792,1.90668424911469,4.54967280701099
"1164","global","heath","3","snowfence","E3SF","leafa",4.157096879065,1.02573031030076,-0.0705358765227374,-0.798370828131314
"1165","global","heath","3","snowfence","E3SF","wC",52.0908,2.86375490909091,-0.52371110599127,-0.471214683479008
"1166","global","heath","3","snowfence","E3SF","wN",1.0593,0.148695464646465,1.72147283266024,1.67873634241631
"1167","global","heath","4","control","E4C","CN_ratio",52.43639019864,299.622578760135,-0.480396905735693,-0.349324320950275
"1168","global","heath","4","control","E4C","LDMC",0.445137225865179,0.0013764716851026,-2.7278281857528,14.5022531516514
"1169","global","heath","4","control","E4C","SLA",99.7152489058443,633.60262492654,4.23104014878839,23.1067156663256
"1170","global","heath","4","control","E4C","d13C",-28.1223,0.810987585858586,-1.15573872962836,1.24006914343277
"1171","global","heath","4","control","E4C","d15N",-6.972,2.75925858585859,1.05237725178854,1.17176817139439
"1172","global","heath","4","control","E4C","dweight",0.0415955833333333,0.000168620734364478,0.213713712118504,-0.768821142575131
"1173","global","heath","4","control","E4C","fweight",0.092831,0.000859993480751964,0.247179823133965,-0.533565810809117
"1174","global","heath","4","control","E4C","height",6.96508333333333,5.64692297278339,1.4104309308011,3.59250526162393
"1175","global","heath","4","control","E4C","leafa",3.76777031295833,1.47693710014394,0.0104566835565588,-0.244573572057288
"1176","global","heath","4","control","E4C","wC",51.9337,8.58154273737374,-2.81871357997457,8.77538363875599
"1177","global","heath","4","control","E4C","wN",1.0715,0.23832601010101,4.20450549398035,25.9817560860338
"1178","global","heath","4","snowfence","E4SF","CN_ratio",44.9161665398,312.578003141999,0.142750603345431,-1.50336352793678
"1179","global","heath","4","snowfence","E4SF","LDMC",0.422232719462883,0.00103294268079891,-0.117963446536014,-1.04083310688554
"1180","global","heath","4","snowfence","E4SF","SLA",105.162181566112,259.841779896445,0.35024450474114,-0.839801912000751
"1181","global","heath","4","snowfence","E4SF","d13C",-28.93,1.96619797979798,-0.321763859508368,-1.05858169220705
"1182","global","heath","4","snowfence","E4SF","d15N",-5.4589,5.8847513030303,0.287525037025484,-0.954901338532376
"1183","global","heath","4","snowfence","E4SF","dweight",0.0451455833333333,0.0012559600216821,3.63809617775374,14.8931879976853
"1184","global","heath","4","snowfence","E4SF","fweight",0.112201166666667,0.00966456341473064,4.10953969961302,16.8217542894334
"1185","global","heath","4","snowfence","E4SF","height",11.1468333333333,43.4233695005612,1.92882745489235,5.22511342906606
"1186","global","heath","4","snowfence","E4SF","leafa",5.3747496226275,19.138738643945,2.60737790933411,6.22056314866175
"1187","global","heath","4","snowfence","E4SF","wC",50.9394,3.64239559595959,-0.371511063522788,1.05136952304742
"1188","global","heath","4","snowfence","E4SF","wN",1.3913,0.24576697979798,0.0209485265808821,-1.58762268492319
"1189","global","heath","5","control","E5C","CN_ratio",54.132225603,141.217798559434,-0.661327006812103,0.690238287911852
"1190","global","heath","5","control","E5C","LDMC",0.43944074655543,0.0014961410350357,-1.35048956144409,2.4316521859642
"1191","global","heath","5","control","E5C","SLA",93.2032466443999,308.671570724871,0.681041524693373,0.0249857907742532
"1192","global","heath","5","control","E5C","d13C",-28.8281,1.4791306969697,-0.0864218287764852,-1.1874089270443
"1193","global","heath","5","control","E5C","d15N",-7.083,4.38684141414141,0.316168618347411,1.10977003222736
"1194","global","heath","5","control","E5C","dweight",0.0421026666666667,0.000147438352805836,0.409672360403301,-0.911511615447731
"1195","global","heath","5","control","E5C","fweight",0.0919405,0.000567676865909091,0.527304869139495,-0.762899852863919
"1196","global","heath","5","control","E5C","height",7.1935,14.2091366161616,2.44265502934458,7.6718500316913
"1197","global","heath","5","control","E5C","leafa",3.7709186822825,0.92371326691909,0.161597896285058,-0.472830072882729
"1198","global","heath","5","control","E5C","wC",51.7438,3.15368036363637,-1.63782982038426,7.947664197711
"1199","global","heath","5","control","E5C","wN",0.9708,0.0796074343434343,2.14292606100674,5.13122123006513
"1200","global","heath","5","snowfence","E5SF","CN_ratio",48.7673777605,270.938992137712,-0.32699663586409,-1.14246036606104
"1201","global","heath","5","snowfence","E5SF","LDMC",0.430483949102816,0.00151680167322824,-0.409652122715404,-0.551342644061384
"1202","global","heath","5","snowfence","E5SF","SLA",98.6129691875775,363.123384775199,0.987411787041932,0.350021724427137
"1203","global","heath","5","snowfence","E5SF","d13C",-28.286,1.29083232323232,-0.968842134467721,0.171932288771632
"1204","global","heath","5","snowfence","E5SF","d15N",-5.3389,8.73383009090909,1.02739737644734,0.880053106453725
"1205","global","heath","5","snowfence","E5SF","dweight",0.06283325,0.00321901693251263,2.0182741323697,3.01169055017124
"1206","global","heath","5","snowfence","E5SF","fweight",0.142266583333333,0.0157293329496282,2.64028209884828,6.33872625207196
"1207","global","heath","5","snowfence","E5SF","height",11.2076666666667,105.9162832211,2.00487949893768,2.81283597006015
"1208","global","heath","5","snowfence","E5SF","leafa",5.58293129277417,21.5610381879201,2.41000576321948,5.14226725948241
"1209","global","heath","5","snowfence","E5SF","wC",51.3861,7.42644423232323,-2.60500167536567,9.09366506399622
"1210","global","heath","5","snowfence","E5SF","wN",1.2608,0.245900363636364,0.700072671121241,-1.15874635323575
"1211","global","ridge","1","control","X1C","CN_ratio",63.6184023589,489.008539125363,-0.79536665784866,-0.980614751671255
"1212","global","ridge","1","control","X1C","LDMC",0.466790987808235,0.000893780712208516,-0.360258090559857,-0.529169143670481
"1213","global","ridge","1","control","X1C","SLA",98.4273633931924,286.953926999085,0.855239271812971,-0.095601248369733
"1214","global","ridge","1","control","X1C","d13C",-28.9244,0.571517818181818,-1.02631816471798,0.481808130234633
"1215","global","ridge","1","control","X1C","d15N",-5.1819,4.1209407979798,1.59404787071436,2.76464577621948
"1216","global","ridge","1","control","X1C","dweight",0.03877825,0.00011814637611532,0.100955216003142,-0.553505976347032
"1217","global","ridge","1","control","X1C","fweight",0.0753125416666667,0.000463260770165194,0.476064234951361,-0.561095390074808
"1218","global","ridge","1","control","X1C","height",3.32458333333333,2.98964699074074,3.02766632656816,13.7257253377102
"1219","global","ridge","1","control","X1C","leafa",3.38075319324083,0.884286327389983,-0.0684435229553953,0.0321309952900437
"1220","global","ridge","1","control","X1C","wC",51.834,1.57876767676768,-0.527526047698578,-0.60174574368251
"1221","global","ridge","1","control","X1C","wN",0.8894,0.196476404040404,1.71478798789087,1.24117639165026
"1222","global","ridge","1","snowfence","X1SF","CN_ratio",46.1171625827,419.345274955659,0.496244536645228,-1.31979789450637
"1223","global","ridge","1","snowfence","X1SF","LDMC",0.443356515399064,0.00194182121654759,-1.37577862831018,2.30713981808106
"1224","global","ridge","1","snowfence","X1SF","SLA",100.565406167179,408.67384394146,-0.031451242707648,-1.2933693085975
"1225","global","ridge","1","snowfence","X1SF","d13C",-29.5915,0.830445202020202,0.356256003347502,-0.868175584371148
"1226","global","ridge","1","snowfence","X1SF","d15N",-5.2745,9.59236641414141,0.0711963212179465,-0.237854044459031
"1227","global","ridge","1","snowfence","X1SF","dweight",0.0363911666666667,0.00012019001798541,0.535198573472533,-0.582706611633416
"1228","global","ridge","1","snowfence","X1SF","fweight",0.0805782833333333,0.000474295473524411,0.495226531687303,-0.516094370009372
"1229","global","ridge","1","snowfence","X1SF","height",4.19275,6.00308172699214,2.14606860933746,5.57410218649123
"1230","global","ridge","1","snowfence","X1SF","leafa",3.59933404551,0.931371481616824,0.243387076211352,-0.44091755828717
"1231","global","ridge","1","snowfence","X1SF","wC",50.9428,2.3967738989899,-1.09010044418884,2.54416473993782
"1232","global","ridge","1","snowfence","X1SF","wN",1.0859,0.236919383838384,0.81752426782576,-0.90843349582702
"1233","global","ridge","2","control","X2C","CN_ratio",63.2604481987,389.646583070306,-0.76478746053174,-0.854615246272504
"1234","global","ridge","2","control","X2C","LDMC",0.465501575930295,0.00229244789167508,-4.40395403622316,29.972143463735
"1235","global","ridge","2","control","X2C","SLA",92.8203393512073,333.789070580753,-0.406702934708151,2.38657317013586
"1236","global","ridge","2","control","X2C","d13C",-28.9761,0.776876555555556,-1.03630010197369,0.402589413722537
"1237","global","ridge","2","control","X2C","d15N",-5.1893,2.54737829292929,1.08825443670643,1.02784886144593
"1238","global","ridge","2","control","X2C","dweight",0.03413125,0.000120449701704545,0.35455814118113,0.0404756377900974
"1239","global","ridge","2","control","X2C","fweight",0.0759035833333333,0.000523253130267957,0.49797048802948,0.202961374995112
"1240","global","ridge","2","control","X2C","height",2.65166666666667,1.23720679012346,1.40798503024863,4.12330595958992
"1241","global","ridge","2","control","X2C","leafa",3.07199346620917,0.578017873102238,-0.282517126980462,0.226044625465174
"1242","global","ridge","2","control","X2C","wC",51.5599,3.30986160606061,-2.74425888949623,10.6687765205122
"1243","global","ridge","2","control","X2C","wN",0.8666,0.12805296969697,1.87628761717662,2.37671849152897
"1244","global","ridge","2","snowfence","X2SF","CN_ratio",51.0338053962,560.336899796051,0.375651701384362,-1.47191669519941
"1245","global","ridge","2","snowfence","X2SF","LDMC",0.46270522805461,0.00111468891909603,-0.145663031211198,-0.661731687326332
"1246","global","ridge","2","snowfence","X2SF","SLA",96.0014594368683,672.915931042903,-0.618630355958516,-0.207510273327355
"1247","global","ridge","2","snowfence","X2SF","d13C",-29.4278,0.845528444444445,-0.177625489236593,-1.39066021509168
"1248","global","ridge","2","snowfence","X2SF","d15N",-4.795,2.80703333333333,0.321752863428841,-1.17973132838442
"1249","global","ridge","2","snowfence","X2SF","dweight",0.030511,9.72454922558923e-05,0.782150815995585,0.277379742700908
"1250","global","ridge","2","snowfence","X2SF","fweight",0.06880685,0.000379739131152918,0.441410533668814,-0.34710567823494
"1251","global","ridge","2","snowfence","X2SF","height",3.07241666666667,4.68064210858586,2.84606001337718,11.1941270032321
"1252","global","ridge","2","snowfence","X2SF","leafa",3.24763563566167,0.911009999593189,-0.105463790762689,-0.191617782058967
"1253","global","ridge","2","snowfence","X2SF","wC",51.0479,2.37154403030303,-0.25835704741157,-0.706472580922656
"1254","global","ridge","2","snowfence","X2SF","wN",1.3071,0.290461202020202,-0.0790266238739895,-1.72795337685938
"1255","global","ridge","3","control","X3C","CN_ratio",50.0737521692,505.588684879787,0.432430891870659,-1.53400348519918
"1256","global","ridge","3","control","X3C","LDMC",0.439181222055094,0.00132379786147464,0.382376432322312,-0.750568474862896
"1257","global","ridge","3","control","X3C","SLA",106.864376284129,364.305446079266,0.103365705446322,-1.04581923031929
"1258","global","ridge","3","control","X3C","d13C",-29.6198,0.800761575757576,0.21721791827833,-1.11070730353576
"1259","global","ridge","3","control","X3C","d15N",-3.8933,5.42622233333333,0.657523338037986,-0.0905944779420458
"1260","global","ridge","3","control","X3C","dweight",0.030091,0.000110054791919192,0.30984140886953,-0.298492087307959
"1261","global","ridge","3","control","X3C","fweight",0.0658525333333333,0.000417893831326038,0.394999748377235,-0.310670620457639
"1262","global","ridge","3","control","X3C","height",3.23266666666667,4.95934438832772,3.45878131243988,13.9004734453768
"1263","global","ridge","3","control","X3C","leafa",2.9786630346725,0.785285850935948,0.107830598955589,-0.719762453387857
"1264","global","ridge","3","control","X3C","wC",50.7862,1.71033894949495,0.416978380870744,-1.00322422432673
"1265","global","ridge","3","control","X3C","wN",1.2053,0.217059505050505,0.0906371639158522,-1.44762119512569
"1266","global","ridge","3","snowfence","X3SF","CN_ratio",62.9182865574,421.965911930734,-0.79182395116146,-0.873655141262315
"1267","global","ridge","3","snowfence","X3SF","LDMC",0.46384444654473,0.00103026809169797,-0.666611301427048,0.247283114185587
"1268","global","ridge","3","snowfence","X3SF","SLA",96.2828140531534,532.557351442434,-0.585679510185059,0.65702213646389
"1269","global","ridge","3","snowfence","X3SF","d13C",-29.0669,0.809898373737374,-0.567607578676445,-0.829024271747474
"1270","global","ridge","3","snowfence","X3SF","d15N",-5.0938,3.58310056565657,1.50632021735032,2.69676190704033
"1271","global","ridge","3","snowfence","X3SF","dweight",0.0345194166666667,0.000100421454903199,0.367029177422561,-0.390434623329083
"1272","global","ridge","3","snowfence","X3SF","fweight",0.0772481583333333,0.000403481920136013,0.251821560920573,-0.51953143416628
"1273","global","ridge","3","snowfence","X3SF","height",3.32091666666667,4.31679081790123,2.97110098763138,12.0393054453321
"1274","global","ridge","3","snowfence","X3SF","leafa",3.09643245094917,1.37251559100332,-0.101215691548869,-0.715062821053018
"1275","global","ridge","3","snowfence","X3SF","wC",51.5171,2.0756308989899,-0.827450507542262,0.50410653537416
"1276","global","ridge","3","snowfence","X3SF","wN",1.0997,0.28021304040404,0.639006622380999,-1.38352073400115
"1277","global","ridge","4","control","X4C","CN_ratio",63.7794623639,484.255588723714,-0.884631431401442,-0.663340663734744
"1278","global","ridge","4","control","X4C","LDMC",0.460066620050959,0.00245484100941717,-2.41417178404846,9.15115022181262
"1279","global","ridge","4","control","X4C","SLA",99.0282368373797,625.912333305969,3.21957909816186,13.9356122203661
"1280","global","ridge","4","control","X4C","d13C",-28.8804,0.581902868686869,-1.04576545258525,0.458438568117089
"1281","global","ridge","4","control","X4C","d15N",-5.6714,1.91187882828283,1.02951817407851,0.417972482666208
"1282","global","ridge","4","control","X4C","dweight",0.0358820833333333,0.000108226721906566,0.0855312250311646,-0.14492523785198
"1283","global","ridge","4","control","X4C","fweight",0.0751275583333333,0.000499313476055766,0.87350892414187,1.8413040806322
"1284","global","ridge","4","control","X4C","height",3.24025,2.09658958333333,1.74684997455848,2.73889641177532
"1285","global","ridge","4","control","X4C","leafa",3.31313351896167,0.768950836566651,0.276921011927654,-0.503148274786486
"1286","global","ridge","4","control","X4C","wC",51.6202,2.05655753535354,-1.5964155567042,3.87003613562743
"1287","global","ridge","4","control","X4C","wN",0.9362,0.194549050505051,1.31552237856226,0.108386736512578
"1288","global","ridge","4","snowfence","X4SF","CN_ratio",58.1472680545,528.937202857685,-0.394616869731391,-1.58177884634478
"1289","global","ridge","4","snowfence","X4SF","LDMC",0.458265077467249,0.00116591944399704,-0.261757800023642,-0.551102975486799
"1290","global","ridge","4","snowfence","X4SF","SLA",102.511291083559,325.868160454124,0.183513582519704,-1.23703215437166
"1291","global","ridge","4","snowfence","X4SF","d13C",-29.1694,0.910904686868687,-0.455119615251126,-1.00199678731916
"1292","global","ridge","4","snowfence","X4SF","d15N",-5.1377,3.12395122222222,1.08151505095551,0.957391657349623
"1293","global","ridge","4","snowfence","X4SF","dweight",0.03513325,0.000114087563825758,0.238127513667494,-0.321301723964309
"1294","global","ridge","4","snowfence","X4SF","fweight",0.0739126166666667,0.000549777883109147,0.464406002525553,-0.173105118232546
"1295","global","ridge","4","snowfence","X4SF","height",3.301,5.13991902356902,3.41571673254778,12.7891796437937
"1296","global","ridge","4","snowfence","X4SF","leafa",3.22863167507,0.705659081458887,0.407355124018308,0.414052987816035
"1297","global","ridge","4","snowfence","X4SF","wC",51.5317,1.68401627272727,-0.375008766690439,-1.1152699003201
"1298","global","ridge","4","snowfence","X4SF","wN",1.0591,0.273844636363636,0.906395089692549,-0.981000018304228
"1299","global","ridge","5","control","X5C","CN_ratio",60.3012007403,377.73504559742,-0.328967342293163,-1.282339775475
"1300","global","ridge","5","control","X5C","LDMC",0.454877994191251,0.00191738527687806,-0.411605058382152,-0.63956892957721
"1301","global","ridge","5","control","X5C","SLA",88.5159976382228,890.951469079418,-0.341086320750357,-0.746088788773635
"1302","global","ridge","5","control","X5C","d13C",-28.933,0.658776767676768,-0.772906170620614,-0.495401991498052
"1303","global","ridge","5","control","X5C","d15N",-5.105,1.38702727272727,1.15613491092489,2.54674835303715
"1304","global","ridge","5","control","X5C","dweight",0.0303159166666667,0.000151775388741582,0.953364098189093,0.096822189162836
"1305","global","ridge","5","control","X5C","fweight",0.0626819166666667,0.000426216652714646,1.10942599269758,0.752025298225519
"1306","global","ridge","5","control","X5C","height",2.07316666666667,1.18232965768799,0.7087598571655,0.0540251135350669
"1307","global","ridge","5","control","X5C","leafa",2.46741490508667,1.31791269140802,0.441651334093692,-0.683562513883456
"1308","global","ridge","5","control","X5C","wC",50.1663,5.31915081818183,-0.0327870117687912,-1.72299969580397
"1309","global","ridge","5","control","X5C","wN",0.9663,0.147183141414141,1.01752427711734,-0.591866415498758
"1310","global","ridge","5","snowfence","X5SF","CN_ratio",54.1613675996,565.285126505324,0.0876591934891243,-1.70989364257723
"1311","global","ridge","5","snowfence","X5SF","LDMC",0.456693272043092,0.00171099448036098,-0.256204473430088,-0.551543042027654
"1312","global","ridge","5","snowfence","X5SF","SLA",96.7535346632921,464.561498117324,-0.7080904413654,0.614962075071261
"1313","global","ridge","5","snowfence","X5SF","d13C",-29.3662,0.840953090909091,0.0159734104697307,-0.830572399747564
"1314","global","ridge","5","snowfence","X5SF","d15N",-5.1906,3.27555317171717,0.84024939213206,-0.368178867988644
"1315","global","ridge","5","snowfence","X5SF","dweight",0.0330656666666667,0.000113084544444444,0.418210065487824,-0.26814913617507
"1316","global","ridge","5","snowfence","X5SF","fweight",0.0677236416666667,0.000390247987116372,0.500924870001174,-0.149428408579138
"1317","global","ridge","5","snowfence","X5SF","height",3.14175,2.84168840488215,3.54266875251631,16.9989575505744
"1318","global","ridge","5","snowfence","X5SF","leafa",2.97158580911,0.685517557483754,-0.204716089515645,-0.356619702373821
"1319","global","ridge","5","snowfence","X5SF","wC",51.411,1.94867777777778,-0.767248467336497,0.248307520014929
"1320","global","ridge","5","snowfence","X5SF","wN",1.0658,0.211982181818182,0.638524302154364,-1.0588124692793
"1321","global","fen","1","control","D1C","CN_ratio",41.7734459535,347.177840975826,0.76665700373568,-0.74318171566952
"1322","global","fen","1","control","D1C","LDMC",0.406775728864502,0.00306283478492022,-0.541630143447835,0.00873377299702272
"1323","global","fen","1","control","D1C","SLA",104.764816753963,729.891549232562,1.0899265194782,1.38870735437576
"1324","global","fen","1","control","D1C","d13C",-28.7587,1.02924778787879,-0.304232407203766,-0.511715065928402
"1325","global","fen","1","control","D1C","d15N",-3.6066,9.82915802020202,0.100530590917922,-1.43386979369488
"1326","global","fen","1","control","D1C","dweight",0.0516253333333333,0.00242075024820427,2.32913932806077,6.01658276090697
"1327","global","fen","1","control","D1C","fweight",0.121431375,0.0129553533726203,2.88475232185522,9.60318931955342
"1328","global","fen","1","control","D1C","height",7.5565,63.0511273569024,2.44727588123695,6.27780531392783
"1329","global","fen","1","control","D1C","leafa",5.284156230855,24.5197071407798,1.91132415272189,3.14457275243187
"1330","global","fen","1","control","D1C","wC",50.2509,7.38834564646465,-0.459808226254031,-1.211389383945
"1331","global","fen","1","control","D1C","wN",1.4453,0.23471405050505,0.0946565833194407,-0.92070013975729
"1332","global","fen","1","snowfence","D1SF","CN_ratio",35.4955310086,249.368387217425,1.538310393749,1.48062044055954
"1333","global","fen","1","snowfence","D1SF","LDMC",0.387956324244297,0.00339694151343829,-0.585118827973521,0.428717095543341
"1334","global","fen","1","snowfence","D1SF","SLA",106.123451147142,842.535100434857,0.864104044442166,0.501278460202707
"1335","global","fen","1","snowfence","D1SF","d13C",-28.5752,1.36633026262626,-0.247787501947024,-1.17453963876852
"1336","global","fen","1","snowfence","D1SF","d15N",-2.8966,7.99058832323232,-0.354744211369575,-1.30328576490608
"1337","global","fen","1","snowfence","D1SF","dweight",0.04310775,0.000807644447608025,1.56716457795515,2.42386617074455
"1338","global","fen","1","snowfence","D1SF","fweight",0.110983708333333,0.00511763181058326,1.61390097832658,2.45178911743706
"1339","global","fen","1","snowfence","D1SF","height",9.08366666666667,48.0594667789001,2.16101180304616,6.88776909310116
"1340","global","fen","1","snowfence","D1SF","leafa",4.8766807448575,11.1551156556953,2.24835269666635,6.2741444597955
"1341","global","fen","1","snowfence","D1SF","wC",49.0332,6.79125632323232,-0.21759798558832,0.592349072593676
"1342","global","fen","1","snowfence","D1SF","wN",1.7064,0.230227313131313,-0.360434289526368,-0.183918878782678
"1343","global","fen","2","control","D2C","CN_ratio",29.1555793624,63.3173652305027,2.35730598045262,9.06044191476837
"1344","global","fen","2","control","D2C","LDMC",0.387624060979761,0.00196062504422597,-3.14823344818618,22.8838600498482
"1345","global","fen","2","control","D2C","SLA",97.6546395321753,875.952896701847,1.33822972992796,1.32166444667026
"1346","global","fen","2","control","D2C","d13C",-28.1482,1.14718460606061,-1.16092872399186,0.753312741484668
"1347","global","fen","2","control","D2C","d15N",-1.3903,4.53880293939394,-1.45111758636093,2.25376435426354
"1348","global","fen","2","control","D2C","dweight",0.0527969166666667,0.000947742482680977,0.288069878134119,-1.22568581555976
"1349","global","fen","2","control","D2C","fweight",0.151447808333333,0.00657475625867922,0.164366302913622,-1.10467625067576
"1350","global","fen","2","control","D2C","height",8.53983333333333,18.2288574354658,-0.123614930999434,-1.21735423826869
"1351","global","fen","2","control","D2C","leafa",4.86360491670917,6.31842541926972,0.464602275081339,0.403770798015199
"1352","global","fen","2","control","D2C","wC",47.2809,7.83494766666667,-0.263780384063445,1.56703987972358
"1353","global","fen","2","control","D2C","wN",1.7083,0.119523343434343,-0.342016950079949,1.19863222101418
"1354","global","fen","2","snowfence","D2SF","CN_ratio",30.4645029423,91.1464659683972,2.65935471173645,8.11524888606847
"1355","global","fen","2","snowfence","D2SF","LDMC",0.386238216290548,0.0018453235054944,0.0528334050350468,1.64908711193872
"1356","global","fen","2","snowfence","D2SF","SLA",106.143601941715,1159.21442637071,3.24707078121719,18.4476770890657
"1357","global","fen","2","snowfence","D2SF","d13C",-28.1113,0.791514454545455,-0.846806908956456,0.911555195372683
"1358","global","fen","2","snowfence","D2SF","d15N",-2.4607,8.52854798989899,-0.671691063605039,-0.529791149019048
"1359","global","fen","2","snowfence","D2SF","dweight",0.0422124166666667,0.000866455654454265,0.934360674843053,-0.344770669784774
"1360","global","fen","2","snowfence","D2SF","fweight",0.107964083333333,0.00620170641792228,0.81437163330242,-0.743025869070346
"1361","global","fen","2","snowfence","D2SF","height",7.50708333333333,18.79338296156,0.537705796245385,-0.571170377562942
"1362","global","fen","2","snowfence","D2SF","leafa",3.91899607648583,5.88471828476693,0.7316763723495,-0.619279829373001
"1363","global","fen","2","snowfence","D2SF","wC",47.4373,3.76901788888889,0.755205263979554,2.51164401833017
"1364","global","fen","2","snowfence","D2SF","wN",1.6217,0.164971828282828,0.959336418576538,4.15817860781795
"1365","global","fen","3","control","D3C","CN_ratio",29.3785681578,45.6554704048618,1.45789638962741,2.83937228926081
"1366","global","fen","3","control","D3C","LDMC",0.389788192604916,0.00148150367483319,-0.0587649071275228,2.29949898067988
"1367","global","fen","3","control","D3C","SLA",105.665668445184,3315.5055431819,6.35071829626248,46.4327644747848
"1368","global","fen","3","control","D3C","d13C",-28.0063,0.946724555555556,-1.10524375685533,1.20316664059122
"1369","global","fen","3","control","D3C","d15N",-0.7598,2.40886460606061,-1.28217039531751,2.81260652012308
"1370","global","fen","3","control","D3C","dweight",0.04686775,0.00121363893890993,0.505933061932829,-1.20498786201028
"1371","global","fen","3","control","D3C","fweight",0.11863275,0.00749509385978535,0.357417968077633,-1.42111719234621
"1372","global","fen","3","control","D3C","height",8.12325,18.8120234217172,0.117803959712959,-1.16785832397056
"1373","global","fen","3","control","D3C","leafa",4.24352072427,6.41364070066425,0.160509300391573,-1.32295418948479
"1374","global","fen","3","control","D3C","wC",47.1868,3.57495733333333,0.321591984802611,4.3182275042602
"1375","global","fen","3","control","D3C","wN",1.727,0.0764050505050505,-0.360089647296822,-0.802982044681368
"1376","global","fen","3","snowfence","D3SF","CN_ratio",27.8166624758,21.666325475859,1.0456810904432,1.51135960880932
"1377","global","fen","3","snowfence","D3SF","LDMC",0.38000260683807,0.00165754269771664,-0.682958544872407,3.41056013686487
"1378","global","fen","3","snowfence","D3SF","SLA",96.1863160034981,560.361059559526,0.912038334330005,0.465282816114518
"1379","global","fen","3","snowfence","D3SF","d13C",-27.9451,0.906768676767677,-1.04931639173835,0.99734412266228
"1380","global","fen","3","snowfence","D3SF","d15N",-0.5854,4.37499478787879,-1.67023603971915,4.73892178578254
"1381","global","fen","3","snowfence","D3SF","dweight",0.0602154166666667,0.00126000328616021,0.110678797810568,-0.687070965146833
"1382","global","fen","3","snowfence","D3SF","fweight",0.140994083333333,0.00849364114379209,0.411422499610672,-0.675718874813663
"1383","global","fen","3","snowfence","D3SF","height",10.03925,16.920910907688,0.31213102359266,0.169849473234197
"1384","global","fen","3","snowfence","D3SF","leafa",5.46411591693333,10.8639363082532,1.36188972021105,4.40126590671694
"1385","global","fen","3","snowfence","D3SF","wC",47.3319,2.6091306969697,1.58609643402971,2.43598921758011
"1386","global","fen","3","snowfence","D3SF","wN",1.7908,0.0722902626262626,-0.466450642703113,-0.688362641033677
"1387","global","fen","4","control","D4C","CN_ratio",35.07587277,223.406377083215,1.37899729966146,1.04387469201325
"1388","global","fen","4","control","D4C","LDMC",0.393480346020569,0.00317846898708132,-0.165965643260846,0.239187792355948
"1389","global","fen","4","control","D4C","SLA",115.817611685142,1000.58398773878,0.418648635447693,-0.593182675542206
"1390","global","fen","4","control","D4C","d13C",-28.3562,1.08092278787879,-0.645689329330896,-0.197392781683832
"1391","global","fen","4","control","D4C","d15N",-1.6528,8.89434561616162,-0.755162284262604,-1.0704345943199
"1392","global","fen","4","control","D4C","dweight",0.0382119166666667,0.000537762333410494,1.0407249201259,0.351401632771329
"1393","global","fen","4","control","D4C","fweight",0.0945701,0.00438027466557632,1.610173456296,2.05596212821062
"1394","global","fen","4","control","D4C","height",6.70716666666667,9.16033251964085,0.548515309107175,-0.0804427066158611
"1395","global","fen","4","control","D4C","leafa",3.329329583935,3.47771384300937,0.359854585192822,-1.19921963694203
"1396","global","fen","4","control","D4C","wC",48.3392,7.57785995959596,0.673680210300345,-0.99190887359197
"1397","global","fen","4","control","D4C","wN",1.6125,0.218344191919192,0.125307485162256,1.90939578987697
"1398","global","fen","4","snowfence","D4SF","CN_ratio",39.0335463173,353.647450317476,0.992590213274794,-0.341652389885644
"1399","global","fen","4","snowfence","D4SF","LDMC",0.411772433648675,0.00305104923430156,-0.204678014358664,-0.513311213152868
"1400","global","fen","4","snowfence","D4SF","SLA",108.417973331602,935.264087922377,0.957818568793255,-0.0336125142209278
"1401","global","fen","4","snowfence","D4SF","d13C",-28.5261,1.08665635353535,-0.698392903606485,-0.0125690927272539
"1402","global","fen","4","snowfence","D4SF","d15N",-2.3981,10.2445407979798,-0.441448189214558,-1.35029343905729
"1403","global","fen","4","snowfence","D4SF","dweight",0.0365586666666667,0.000514686118013468,1.06261095090881,0.743173409749075
"1404","global","fen","4","snowfence","D4SF","fweight",0.0961452333333333,0.00344947113995623,1.4240405846084,1.49914828500799
"1405","global","fen","4","snowfence","D4SF","height",6.62058333333333,13.0041504699776,0.841457678276434,-0.0264410039708691
"1406","global","fen","4","snowfence","D4SF","leafa",3.46738143991583,2.64547562573615,0.574879584662326,-0.221043711572499
"1407","global","fen","4","snowfence","D4SF","wC",49.4652,11.2923585454545,-0.744829734102748,0.385278378802199
"1408","global","fen","4","snowfence","D4SF","wN",1.3691,0.209281,-0.0520263889923827,-1.30880360331377
"1409","global","fen","5","control","D5C","CN_ratio",28.41758358477,52.1218716468633,0.441388670769146,1.03545940153722
"1410","global","fen","5","control","D5C","LDMC",0.363939349596935,0.00290750564851032,-0.981070819083537,0.72033323556514
"1411","global","fen","5","control","D5C","SLA",113.298071917898,1402.50091313173,1.22011787178899,1.43603089645118
"1412","global","fen","5","control","D5C","d13C",-28.784,1.14012525252525,-0.0295741226472486,-1.00731384100424
"1413","global","fen","5","control","D5C","d15N",-1.9698,5.17186864646465,-0.659004381593975,0.772791378013685
"1414","global","fen","5","control","D5C","dweight",0.0647555,0.0025869509753367,1.44920764485028,1.79363432087047
"1415","global","fen","5","control","D5C","fweight",0.155787316666667,0.0182694988947753,2.18221664491707,4.8693166812801
"1416","global","fen","5","control","D5C","height",10.6313333333333,49.4649131874299,2.17884299736201,6.6665332406719
"1417","global","fen","5","control","D5C","leafa",5.88770392897333,15.7927464421362,1.95902950635748,4.32108124397813
"1418","global","fen","5","control","D5C","wC",47.9331,7.25605392929293,-0.74290643660185,1.68209368962755
"1419","global","fen","5","control","D5C","wN",1.9091,0.305204232323232,2.32024097197322,8.70284133221491
"1420","global","fen","5","snowfence","D5SF","CN_ratio",41.32312201404,485.42310497612,0.756519110554775,-0.76647223941892
"1421","global","fen","5","snowfence","D5SF","LDMC",0.411939520263591,0.00393653095398443,-1.42299467295885,1.93535184412628
"1422","global","fen","5","snowfence","D5SF","SLA",106.879278707803,863.641607912056,2.75915553874966,9.79789326272911
"1423","global","fen","5","snowfence","D5SF","d13C",-28.9397,1.40334839393939,-0.117830073996579,-0.960645758759226
"1424","global","fen","5","snowfence","D5SF","d15N",-3.3534,8.49879438383838,-0.117717662257913,-1.33027043391032
"1425","global","fen","5","snowfence","D5SF","dweight",0.0696223333333333,0.00353473964068462,1.45839939125747,1.25118186280529
"1426","global","fen","5","snowfence","D5SF","fweight",0.154844133333333,0.0213115010179141,1.86579773980806,2.55952261551244
"1427","global","fen","5","snowfence","D5SF","height",11.6895833333333,144.808141659652,1.89038802879315,2.73409936296294
"1428","global","fen","5","snowfence","D5SF","leafa",5.66512028769333,22.3656142167444,2.25332919112089,4.72406730491352
"1429","global","fen","5","snowfence","D5SF","wC",50.4862,5.88285208080808,-0.606959391701449,-0.455601454112264
"1430","global","fen","5","snowfence","D5SF","wN",1.6342,0.83586501010101,1.76585144187171,3.55275011953848
"1431","global","heath","1","control","E1C","CN_ratio",55.2620505584,214.744723756914,-0.74592266313777,0.154334654332061
"1432","global","heath","1","control","E1C","LDMC",0.433856631842812,0.00142134645734477,-0.702740224436847,-0.0932922093119273
"1433","global","heath","1","control","E1C","SLA",98.6006723598898,215.436014805153,0.456395451401614,0.243273587285878
"1434","global","heath","1","control","E1C","d13C",-28.4747,1.44142718181818,-0.592451136124365,-0.835709567398232
"1435","global","heath","1","control","E1C","d15N",-6.9695,3.55810782828283,0.217438364667379,0.616168424198663
"1436","global","heath","1","control","E1C","dweight",0.0398233333333333,0.000159459095117845,0.388338198743936,-0.647232226695485
"1437","global","heath","1","control","E1C","fweight",0.0953320833333333,0.0012098005448583,3.22103134799444,19.401962435932
"1438","global","heath","1","control","E1C","height",7.43466666666667,8.36385903479237,1.84754151049222,7.90505387138142
"1439","global","heath","1","control","E1C","leafa",3.52204613424083,0.705952166876832,0.513329992946136,0.953653518528197
"1440","global","heath","1","control","E1C","wC",51.9636,2.11756266666667,-0.433377096456562,-0.329907823171609
"1441","global","heath","1","control","E1C","wN",1.0682,0.157471474747475,1.41582898738873,0.725120647565379
"1442","global","heath","1","snowfence","E1SF","CN_ratio",46.0127290612,292.987329679892,-0.00973311566035951,-1.14945754847561
"1443","global","heath","1","snowfence","E1SF","LDMC",0.43722437130978,0.000995391766674813,-0.582460211215768,1.13903297037413
"1444","global","heath","1","snowfence","E1SF","SLA",101.181258899281,315.111416638278,0.707926220807905,0.830774896352385
"1445","global","heath","1","snowfence","E1SF","d13C",-28.5741,1.9728708989899,-0.51135350941618,-0.61019078770893
"1446","global","heath","1","snowfence","E1SF","d15N",-6.789,3.43510606060606,1.00695448311827,0.5768759034433
"1447","global","heath","1","snowfence","E1SF","dweight",0.0398893333333333,0.000132818961952862,0.494207010891645,-0.0779317871543324
"1448","global","heath","1","snowfence","E1SF","fweight",0.0900074166666667,0.000468387694858305,0.0847434544473824,0.29400310600561
"1449","global","heath","1","snowfence","E1SF","height",9.1165,18.0198232042649,0.912945663067576,0.287341446280343
"1450","global","heath","1","snowfence","E1SF","leafa",4.0161557134475,0.986957000277265,0.0395631282178885,-0.398594824315202
"1451","global","heath","1","snowfence","E1SF","wC",51.1019,5.10772463636364,-1.17338540522611,1.80374365606438
"1452","global","heath","1","snowfence","E1SF","wN",1.2749,0.34390403030303,1.98793702218803,7.84862595358675
"1453","global","heath","2","control","E2C","CN_ratio",55.9682658326,175.848564549665,-0.602546185198301,0.676761600305974
"1454","global","heath","2","control","E2C","LDMC",0.447473092170333,0.000716554468959793,-1.65426236575239,5.99745244252173
"1455","global","heath","2","control","E2C","SLA",96.2686935810091,294.307876528086,0.881954075311964,0.875664581240705
"1456","global","heath","2","control","E2C","d13C",-28.1566,1.24503478787879,-1.29853787429497,1.05271523617925
"1457","global","heath","2","control","E2C","d15N",-6.736,3.22901818181818,0.643031202742366,1.23275835637361
"1458","global","heath","2","control","E2C","dweight",0.0471711666666667,0.000481057684371493,5.65355145990992,44.7601764272437
"1459","global","heath","2","control","E2C","fweight",0.0950708333333333,0.00133736832140853,4.66139190939488,33.4223410892683
"1460","global","heath","2","control","E2C","height",7.1685,8.92190176767677,2.11951318909716,8.02183908555924
"1461","global","heath","2","control","E2C","leafa",3.97673387234167,2.07273030444497,3.04396379700532,19.4382277186498
"1462","global","heath","2","control","E2C","wC",52.1697,2.008609,-0.632352357211167,0.137358988858483
"1463","global","heath","2","control","E2C","wN",0.9654,0.0568392323232323,1.91312062642983,3.94557219444321
"1464","global","heath","2","snowfence","E2SF","CN_ratio",52.2651439342,202.82848485309,-0.684727189330085,-0.240883484871372
"1465","global","heath","2","snowfence","E2SF","LDMC",0.434185030293182,0.00102913430838873,-1.00694075358983,1.25595090114597
"1466","global","heath","2","snowfence","E2SF","SLA",98.618101198364,298.861545486713,0.449321836199918,-0.323530306013413
"1467","global","heath","2","snowfence","E2SF","d13C",-28.3564,1.26334650505051,-0.942153308418955,-0.00926497171874763
"1468","global","heath","2","snowfence","E2SF","d15N",-6.5518,4.13874622222222,0.799891229669931,0.920551869960132
"1469","global","heath","2","snowfence","E2SF","dweight",0.0495806666666667,0.00118303265836139,3.64333041588194,15.1316542029819
"1470","global","heath","2","snowfence","E2SF","fweight",0.122351,0.0110509856232884,3.27335045859105,10.9275376753794
"1471","global","heath","2","snowfence","E2SF","height",8.72616666666667,31.5196086139169,2.5431779635665,8.58881180969144
"1472","global","heath","2","snowfence","E2SF","leafa",4.20674311227417,7.08151612181544,4.23367306486472,22.5484638349819
"1473","global","heath","2","snowfence","E2SF","wC",51.933,3.41509595959596,-1.13140199246085,3.69607690219296
"1474","global","heath","2","snowfence","E2SF","wN",1.1216,0.178381252525253,1.18121074467354,-0.0307525634321437
"1475","global","heath","3","control","E3C","CN_ratio",58.1432113551,114.193849533052,-0.41344150169393,1.99789890022395
"1476","global","heath","3","control","E3C","LDMC",0.448292317548768,0.000625610450310716,-0.494831453961097,0.526722427567084
"1477","global","heath","3","control","E3C","SLA",94.504211117395,163.523820269939,0.389381250899793,-0.0242100193062087
"1478","global","heath","3","control","E3C","d13C",-28.0286,0.933410141414142,-1.19726337042401,0.675315731988734
"1479","global","heath","3","control","E3C","d15N",-6.8953,2.60647970707071,0.697506862800753,0.516526342628318
"1480","global","heath","3","control","E3C","dweight",0.0407495,0.000137908807267116,0.444058529408334,-0.680470507967212
"1481","global","heath","3","control","E3C","fweight",0.09317925,0.000509607277630471,0.382307780505445,-0.301433373576064
"1482","global","heath","3","control","E3C","height",6.96216666666667,7.14511703142537,2.14804361837437,11.9148238516336
"1483","global","heath","3","control","E3C","leafa",3.98842671413583,0.965455625301155,0.228199488129675,-0.70916599025979
"1484","global","heath","3","control","E3C","wC",52.2768,1.71881995959596,-0.677965017129524,1.01703543131452
"1485","global","heath","3","control","E3C","wN",0.9309,0.0536304949494949,3.24129109344372,13.9647595450832
"1486","global","heath","3","snowfence","E3SF","CN_ratio",54.167403165,204.787235862677,-0.721154188250968,0.199203948705603
"1487","global","heath","3","snowfence","E3SF","LDMC",0.440743257863735,0.0006050213862801,-0.236583421183663,-0.672760527052297
"1488","global","heath","3","snowfence","E3SF","SLA",99.5893657295135,310.467823566812,1.36609715292109,2.73561461486062
"1489","global","heath","3","snowfence","E3SF","d13C",-28.3405,1.29190378787879,-0.861685987717249,0.0613867964588435
"1490","global","heath","3","snowfence","E3SF","d15N",-6.987,3.80756262626263,0.604528699420435,1.43478300036356
"1491","global","heath","3","snowfence","E3SF","dweight",0.0411135,0.000109838288131313,0.707315540666874,-0.172632988865362
"1492","global","heath","3","snowfence","E3SF","fweight",0.09141125,0.000501954108270202,0.607642235522253,0.252489150536009
"1493","global","heath","3","snowfence","E3SF","height",8.01933333333333,12.9450138608305,1.67044084314493,3.56933742213662
"1494","global","heath","3","snowfence","E3SF","leafa",4.09263061208167,0.990896449671006,0.39011907651783,-0.441251845140456
"1495","global","heath","3","snowfence","E3SF","wC",51.7593,3.82423081818182,-2.23746937978248,8.28397214472337
"1496","global","heath","3","snowfence","E3SF","wN",1.0521,0.14764302020202,1.76284456244213,1.84030541883752
"1497","global","heath","4","control","E4C","CN_ratio",52.88957659224,243.023499421909,-0.840014019162298,0.341904620687496
"1498","global","heath","4","control","E4C","LDMC",0.431573534508876,0.00227358720591897,-2.26094605020412,7.24043069932635
"1499","global","heath","4","control","E4C","SLA",98.9440786246369,752.068692861819,2.89620581927503,10.6023904839635
"1500","global","heath","4","control","E4C","d13C",-28.0218,0.839958343434344,-1.01195284885635,0.596032039853917
"1501","global","heath","4","control","E4C","d15N",-6.6443,3.88794192929293,1.48000840001192,3.30044674591019
"1502","global","heath","4","control","E4C","dweight",0.04128025,0.000194360764106341,0.234236255912402,-0.805012329904478
"1503","global","heath","4","control","E4C","fweight",0.08918075,0.000673541141547419,0.334687725330764,-0.358702543400174
"1504","global","heath","4","control","E4C","height",6.49758333333333,4.79526556537598,0.841175573107267,2.3205406482691
"1505","global","heath","4","control","E4C","leafa",3.8605493242825,1.35208175917469,0.326925257759519,0.362988728649435
"1506","global","heath","4","control","E4C","wC",52.0002,5.42293935353535,-2.34176140315732,6.76103907090213
"1507","global","heath","4","control","E4C","wN",1.1102,0.361785818181818,3.85463956273532,18.1040807768883
"1508","global","heath","4","snowfence","E4SF","CN_ratio",42.7579090744,298.31516906716,0.46946349360158,-1.1419047655568
"1509","global","heath","4","snowfence","E4SF","LDMC",0.420669321541262,0.0012497965284864,-0.0736029515019635,-1.10755341058528
"1510","global","heath","4","snowfence","E4SF","SLA",103.825500509314,302.403738207765,0.690206488479267,-0.590935767736652
"1511","global","heath","4","snowfence","E4SF","d13C",-28.6857,1.87566112121212,-0.608370881403771,-0.359682239048769
"1512","global","heath","4","snowfence","E4SF","d15N",-5.5553,5.0673786969697,0.41176265513589,-0.94300698467932
"1513","global","heath","4","snowfence","E4SF","dweight",0.0503779166666667,0.00180925289053732,3.39082062360553,11.452533703341
"1514","global","heath","4","snowfence","E4SF","fweight",0.117584916666667,0.0101209964375631,3.122410539372,10.0155361503912
"1515","global","heath","4","snowfence","E4SF","height",11.2830833333333,62.3881600098204,1.87609656128934,3.58579651867729
"1516","global","heath","4","snowfence","E4SF","leafa",6.132511712975,26.1941237241822,2.16511698103358,3.46682973823849
"1517","global","heath","4","snowfence","E4SF","wC",50.9643,3.1570692020202,-0.108855910183169,-1.02579297760916
"1518","global","heath","4","snowfence","E4SF","wN",1.4363,0.219874050505051,-0.106059413089594,-1.47279466595959
"1519","global","heath","5","control","E5C","CN_ratio",56.2384173987,186.14779108994,-0.619681385425407,0.36039199215973
"1520","global","heath","5","control","E5C","LDMC",0.437823290603929,0.00150356652372806,-1.26544283952509,2.21848829290374
"1521","global","heath","5","control","E5C","SLA",91.8071979024438,320.332669312672,0.626657770689045,0.17515158619449
"1522","global","heath","5","control","E5C","d13C",-28.4881,1.67929029292929,-0.57632145649999,-0.824514941264631
"1523","global","heath","5","control","E5C","d15N",-7.3218,4.09289571717172,0.289257149739224,1.16208342416628
"1524","global","heath","5","control","E5C","dweight",0.0414245833333333,0.000136029724151235,0.387287068416007,-0.617282986602538
"1525","global","heath","5","control","E5C","fweight",0.0973635833333333,0.000814277245587823,0.252044160155174,-1.05337902637329
"1526","global","heath","5","control","E5C","height",7.394,13.4775057239057,1.98471852055407,5.81011999173737
"1527","global","heath","5","control","E5C","leafa",3.679390489015,0.944388724496301,0.445289830256488,-0.305863420449709
"1528","global","heath","5","control","E5C","wC",51.6843,2.68108738383839,-1.89135737456717,7.08636304424804
"1529","global","heath","5","control","E5C","wN",1.0458,0.136471070707071,1.59003880267059,1.26382951794326
"1530","global","heath","5","snowfence","E5SF","CN_ratio",47.3342702701,244.31775976809,-0.172727844824655,-1.1886525203746
"1531","global","heath","5","snowfence","E5SF","LDMC",0.430950658943637,0.00166466573077367,-0.999933715036428,2.65789723615078
"1532","global","heath","5","snowfence","E5SF","SLA",98.6279213961456,280.209312380967,1.41725364433062,2.14723178807619
"1533","global","heath","5","snowfence","E5SF","d13C",-28.5234,1.54005296969697,-0.879573000806547,-0.110114395848217
"1534","global","heath","5","snowfence","E5SF","d15N",-5.8858,6.77087511111111,0.680817104524228,-0.715359442335329
"1535","global","heath","5","snowfence","E5SF","dweight",0.0488530833333333,0.000774215727630471,4.17165228737605,21.4742971282837
"1536","global","heath","5","snowfence","E5SF","fweight",0.112171666666667,0.00643252327160494,3.60969050445896,15.0964363227379
"1537","global","heath","5","snowfence","E5SF","height",9.59975,49.6962338033109,1.99151237309106,4.06558527700046
"1538","global","heath","5","snowfence","E5SF","leafa",5.69851213438,23.9636767910576,2.15554975553152,3.85813759918527
"1539","global","heath","5","snowfence","E5SF","wC",51.506,7.21501414141414,-2.74255906661712,10.5044619111803
"1540","global","heath","5","snowfence","E5SF","wN",1.174,0.186529292929293,0.894449653635239,-0.536298000765313
"1541","global","ridge","1","control","X1C","CN_ratio",63.6831732078,409.544010893022,-1.0071860478803,-0.456181406990811
"1542","global","ridge","1","control","X1C","LDMC",0.46700690040663,0.000848283905537302,-0.389204711404447,-0.385734835006565
"1543","global","ridge","1","control","X1C","SLA",93.9939711469131,206.174036222778,0.903646138797173,0.202482875080887
"1544","global","ridge","1","control","X1C","d13C",-28.8679,0.745087464646464,-0.961877801181647,0.0709988997647275
"1545","global","ridge","1","control","X1C","d15N",-5.4333,1.67159405050505,0.612885358711651,-0.347144368529666
"1546","global","ridge","1","control","X1C","dweight",0.0360669166666667,7.45646386854658e-05,0.141320227643892,-0.259499980004934
"1547","global","ridge","1","control","X1C","fweight",0.0767275,0.000382815451038159,0.463391039632187,-0.447228750029924
"1548","global","ridge","1","control","X1C","height",3.5405,4.6655471661055,2.63184730770458,9.20343122348201
"1549","global","ridge","1","control","X1C","leafa",3.098870757345,0.867679032768054,0.274228487450212,-0.505986431919102
"1550","global","ridge","1","control","X1C","wC",51.7794,1.25070266666667,-0.450765063853613,-0.450792622199557
"1551","global","ridge","1","control","X1C","wN",0.9714,0.23339802020202,1.27884570194187,-0.166829063670828
"1552","global","ridge","1","snowfence","X1SF","CN_ratio",50.9851733166,447.86253605882,0.0723653212293231,-1.56586793738631
"1553","global","ridge","1","snowfence","X1SF","LDMC",0.443938083177559,0.00186538339188953,-1.30235289018991,2.02412388501569
"1554","global","ridge","1","snowfence","X1SF","SLA",97.2930415307381,447.46694303133,0.0643027549542597,-1.28832394807669
"1555","global","ridge","1","snowfence","X1SF","d13C",-29.708,0.879658585858586,0.402981719947366,-1.17082567912438
"1556","global","ridge","1","snowfence","X1SF","d15N",-4.5647,10.4229584949495,0.110076497343788,-0.491356762149156
"1557","global","ridge","1","snowfence","X1SF","dweight",0.0358046666666667,0.000125088134567901,0.673184217048992,-0.65531458663972
"1558","global","ridge","1","snowfence","X1SF","fweight",0.0798265916666667,0.000559738745245441,0.675771469935495,0.131035568553949
"1559","global","ridge","1","snowfence","X1SF","height",4.03825,4.79912330948373,2.25617802984366,6.80509039229617
"1560","global","ridge","1","snowfence","X1SF","leafa",3.31446276034917,0.83287417600864,0.603466221930763,-0.117377181531221
"1561","global","ridge","1","snowfence","X1SF","wC",50.8808,1.56923773737374,-0.221575177009279,2.17606308186873
"1562","global","ridge","1","snowfence","X1SF","wN",1.2092,0.250817535353535,0.358760549300191,-1.41236001956272
"1563","global","ridge","2","control","X2C","CN_ratio",64.3458456675,347.257791057345,-0.812066919457891,-0.749175469270902
"1564","global","ridge","2","control","X2C","LDMC",0.463898702875028,0.00263045270184796,-4.56665865576718,31.8464063371825
"1565","global","ridge","2","control","X2C","SLA",92.3414071312919,266.597530783307,-0.653828701724475,3.17639802401861
"1566","global","ridge","2","control","X2C","d13C",-28.9788,0.83885107070707,-0.951904575736467,0.322921032016384
"1567","global","ridge","2","control","X2C","d15N",-5.1614,2.63871115151515,0.849499588102284,0.162820737110168
"1568","global","ridge","2","control","X2C","dweight",0.0325066666666667,9.76669668911336e-05,-0.127715011909364,-0.354309448500691
"1569","global","ridge","2","control","X2C","fweight",0.0769557,0.000706250509816498,1.50133901352628,6.60279726839411
"1570","global","ridge","2","control","X2C","height",2.82133333333333,2.30960622895623,4.17460357298294,27.588767904422
"1571","global","ridge","2","control","X2C","leafa",2.94831921376333,0.697168606420875,-0.053598418770366,-0.363789788218094
"1572","global","ridge","2","control","X2C","wC",51.3582,3.94259268686869,-1.72898028271597,2.80263382047378
"1573","global","ridge","2","control","X2C","wN",0.9148,0.164267636363636,1.37920946483924,0.385042327984614
"1574","global","ridge","2","snowfence","X2SF","CN_ratio",53.1647926147,549.71689046851,0.129426744509671,-1.58060307509038
"1575","global","ridge","2","snowfence","X2SF","LDMC",0.460398160387818,0.000859470038865085,0.153229853376084,-0.45323314511756
"1576","global","ridge","2","snowfence","X2SF","SLA",102.864318931046,400.411155787381,-0.589641095219367,0.432016508833724
"1577","global","ridge","2","snowfence","X2SF","d13C",-29.2287,0.853896272727273,-0.423562333940505,-1.00045862608727
"1578","global","ridge","2","snowfence","X2SF","d15N",-4.4385,2.80406742424242,0.514038282446193,0.0417811561287986
"1579","global","ridge","2","snowfence","X2SF","dweight",0.0310953333333333,9.03394953984287e-05,0.353618355917803,-0.259124618260214
"1580","global","ridge","2","snowfence","X2SF","fweight",0.0710480166666667,0.000331489587033951,0.309465543713813,-0.675393356815808
"1581","global","ridge","2","snowfence","X2SF","height",3.46241666666667,6.77014519500561,2.74567553924786,8.31136454566169
"1582","global","ridge","2","snowfence","X2SF","leafa",3.05265675109083,1.18490504345237,-0.0810814440788619,-0.328205370523123
"1583","global","ridge","2","snowfence","X2SF","wC",50.9806,2.56974913131313,-0.235393970856131,-0.750770733389096
"1584","global","ridge","2","snowfence","X2SF","wN",1.1263,0.262678090909091,0.496859429169636,-1.40731349162343
"1585","global","ridge","3","control","X3C","CN_ratio",49.3915263668,505.356452589132,0.367048238213185,-1.61328981773629
"1586","global","ridge","3","control","X3C","LDMC",0.441601583620136,0.00133272366124875,0.212830278926335,-1.01127478047809
"1587","global","ridge","3","control","X3C","SLA",104.974020465638,276.339396210013,-0.0171259169855428,-1.03758469696432
"1588","global","ridge","3","control","X3C","d13C",-29.6295,0.888445202020202,0.339902555539043,-1.09965421898474
"1589","global","ridge","3","control","X3C","d15N",-4.5581,3.53620342424242,0.463619302505841,-0.495830230956865
"1590","global","ridge","3","control","X3C","dweight",0.02898475,0.000100876185542929,0.37854651991827,-0.199812969281672
"1591","global","ridge","3","control","X3C","fweight",0.0656018666666667,0.000437959504883838,0.254702649572146,-0.435685599730241
"1592","global","ridge","3","control","X3C","height",3.27508333333333,4.1729131523569,3.16840891545093,13.2990029774347
"1593","global","ridge","3","control","X3C","leafa",3.1510139077075,0.910411745949459,0.2203555331421,-0.184571219179534
"1594","global","ridge","3","control","X3C","wC",51.0539,1.68059978787879,0.0869056452038651,-1.1027332418256
"1595","global","ridge","3","control","X3C","wN",1.2875,0.247376515151515,-0.0825879833935976,-1.59232552747662
"1596","global","ridge","3","snowfence","X3SF","CN_ratio",61.5473776293,516.128945886464,-0.60281493847845,-1.30432667136143
"1597","global","ridge","3","snowfence","X3SF","LDMC",0.471429419975784,0.000837640961227126,-0.369945838106863,-0.0819525862382
"1598","global","ridge","3","snowfence","X3SF","SLA",92.4312137035066,588.944317949796,-0.495864025409387,0.0589020143743615
"1599","global","ridge","3","snowfence","X3SF","d13C",-29.0195,0.717057323232323,-0.859207840761906,-0.196282510320744
"1600","global","ridge","3","snowfence","X3SF","d15N",-5.2814,2.7365656969697,0.962672380114886,1.46066475307105
"1601","global","ridge","3","snowfence","X3SF","dweight",0.0344798333333333,8.99228088945006e-05,0.0292589574633382,-0.494695320565445
"1602","global","ridge","3","snowfence","X3SF","fweight",0.0703666833333333,0.000340294303969978,0.504105422310387,0.0891371815514703
"1603","global","ridge","3","snowfence","X3SF","height",3.15883333333333,3.81709009539843,3.48784689329577,16.7552143548089
"1604","global","ridge","3","snowfence","X3SF","leafa",3.394283399275,1.17276443594476,0.0357358213024591,-0.586823552123885
"1605","global","ridge","3","snowfence","X3SF","wC",51.4345,2.38418055555556,-0.890060857848873,0.348941150445407
"1606","global","ridge","3","snowfence","X3SF","wN",0.9776,0.213767919191919,1.17816683994199,-0.350789100601569
"1607","global","ridge","4","control","X4C","CN_ratio",62.7706001462,479.702005874664,-0.663786537791397,-1.08788521362085
"1608","global","ridge","4","control","X4C","LDMC",0.46391151254817,0.000911498569861921,-0.558716285742101,-0.15083239211787
"1609","global","ridge","4","control","X4C","SLA",96.1389741385938,295.439097779964,0.852531985842154,-0.258818585595075
"1610","global","ridge","4","control","X4C","d13C",-29.0299,0.771283828282828,-0.759364620794443,-0.514999156883174
"1611","global","ridge","4","control","X4C","d15N",-5.4421,2.59549352525252,1.58391735574496,3.11705138110097
"1612","global","ridge","4","control","X4C","dweight",0.0348175,0.000111772481060606,0.306013829154216,-0.16729453641516
"1613","global","ridge","4","control","X4C","fweight",0.07660225,0.00038629997594697,0.321199441810963,-0.197356090645725
"1614","global","ridge","4","control","X4C","height",2.99266666666667,1.51657727272727,1.98499913696715,4.40537437862664
"1615","global","ridge","4","control","X4C","leafa",3.41204407938417,0.808451324843366,0.406230897518651,0.609577127210636
"1616","global","ridge","4","control","X4C","wC",51.5878,1.99196884848485,-1.73664187118811,4.83506175736736
"1617","global","ridge","4","control","X4C","wN",1.1005,0.449287626262626,2.29236097120847,7.37875689597077
"1618","global","ridge","4","snowfence","X4SF","CN_ratio",58.0025171402,494.951740186724,-0.401323060730442,-1.50813748539084
"1619","global","ridge","4","snowfence","X4SF","LDMC",0.465473014655198,0.00113241880555641,-0.393068964447706,0.439556396453553
"1620","global","ridge","4","snowfence","X4SF","SLA",99.1212009191479,357.485936805082,0.124962927242495,-0.868071571511836
"1621","global","ridge","4","snowfence","X4SF","d13C",-29.0727,0.690048191919192,-0.424277391998579,-0.956081530037419
"1622","global","ridge","4","snowfence","X4SF","d15N",-4.9218,3.8383341010101,0.934665215427024,0.659478461190584
"1623","global","ridge","4","snowfence","X4SF","dweight",0.03565725,7.77031350378788e-05,0.652022355166162,-0.0130901366255478
"1624","global","ridge","4","snowfence","X4SF","fweight",0.0757741166666667,0.000497785484186588,0.318866610503214,0.36032790704715
"1625","global","ridge","4","snowfence","X4SF","height",3.48775,6.23003290544332,3.06588260955426,10.0624841593037
"1626","global","ridge","4","snowfence","X4SF","leafa",3.4597631547375,0.761665214100969,0.25427989877204,-0.344247469104884
"1627","global","ridge","4","snowfence","X4SF","wC",51.3105,1.69783106060606,-0.143216079561116,-1.14498556054733
"1628","global","ridge","4","snowfence","X4SF","wN",1.068,0.261319191919192,0.687408611772664,-1.26326994489503
"1629","global","ridge","5","control","X5C","CN_ratio",54.9798615235,353.626019448607,-0.133126555452263,-1.54086560903765
"1630","global","ridge","5","control","X5C","LDMC",0.456636325440925,0.00148537545190609,-0.683963855083362,0.081561499492973
"1631","global","ridge","5","control","X5C","SLA",82.7814380508593,1025.1377860093,-0.102852324145316,-1.18275160491852
"1632","global","ridge","5","control","X5C","d13C",-29.0895,0.798053282828283,-0.509049319938471,-0.801011137012232
"1633","global","ridge","5","control","X5C","d15N",-4.9586,2.37671317171717,0.895222871982701,0.0868626550778098
"1634","global","ridge","5","control","X5C","dweight",0.0308156666666667,0.000113648072783389,0.676993066603385,0.286161972949933
"1635","global","ridge","5","control","X5C","fweight",0.0689781666666667,0.000549343055246914,0.924060361312088,-0.129074885382737
"1636","global","ridge","5","control","X5C","height",2.22108333333333,1.26800849466891,0.531684653939197,-0.209023650497947
"1637","global","ridge","5","control","X5C","leafa",2.52610911956833,1.49633134575958,0.327209878956583,-0.939669122975871
"1638","global","ridge","5","control","X5C","wC",50.5856,4.82085721212122,-0.333653779849479,-1.40787150381449
"1639","global","ridge","5","control","X5C","wN",0.9915,0.155754292929293,0.888109652184809,-0.939092223477794
"1640","global","ridge","5","snowfence","X5SF","CN_ratio",59.1357506872,500.412071769945,-0.292266392854242,-1.51857491668419
"1641","global","ridge","5","snowfence","X5SF","LDMC",0.458988842597269,0.00148919922529183,-0.346863182713124,-0.323571617588109
"1642","global","ridge","5","snowfence","X5SF","SLA",100.317580161768,292.080614947535,-0.233788283522315,-0.348549674247569
"1643","global","ridge","5","snowfence","X5SF","d13C",-29.4027,0.898448191919192,-0.0383277603587635,-1.41937103418793
"1644","global","ridge","5","snowfence","X5SF","d15N",-5.1301,4.23944948484848,1.35661249462939,1.59858377575017
"1645","global","ridge","5","snowfence","X5SF","dweight",0.0311443333333333,8.49537315937149e-05,0.292372491751339,-0.0532420155194644
"1646","global","ridge","5","snowfence","X5SF","fweight",0.0652608083333333,0.000364759398617494,0.634932079736476,0.0758014804047429
"1647","global","ridge","5","snowfence","X5SF","height",3.01866666666667,2.55247912457912,3.88962471078828,21.4872830811029
"1648","global","ridge","5","snowfence","X5SF","leafa",3.00176358736583,0.764509124865236,0.315901738190886,0.30148035425158
"1649","global","ridge","5","snowfence","X5SF","wC",51.4412,1.494744,-0.571153888559214,-0.254515435901979
"1650","global","ridge","5","snowfence","X5SF","wN",1.062,0.223430303030303,0.626073170038056,-1.18404627732491
"1651","global","fen","1","control","D1C","CN_ratio",41.4844689926,344.319916657791,0.871928357508207,-0.508480957925305
"1652","global","fen","1","control","D1C","LDMC",0.407873876991326,0.00275869400782952,-0.156048784571375,-0.149575263894412
"1653","global","fen","1","control","D1C","SLA",104.314329735773,626.473046778363,1.12824430765516,1.50707902296289
"1654","global","fen","1","control","D1C","d13C",-28.7846,1.27216650505051,-0.202921113410728,-0.549470461803983
"1655","global","fen","1","control","D1C","d15N",-3.3707,10.6706308181818,-0.0960094871818433,-1.38837909835899
"1656","global","fen","1","control","D1C","dweight",0.0497989166666667,0.00190934776607043,2.1557606985609,5.05276728989669
"1657","global","fen","1","control","D1C","fweight",0.158335408333333,0.0237592026473975,1.61366142302762,1.49638002942822
"1658","global","fen","1","control","D1C","height",7.81091666666667,30.4199729166667,1.9842597284815,4.94418176993396
"1659","global","fen","1","control","D1C","leafa",5.10064955569667,26.000335842962,1.97610586899109,3.47922031985228
"1660","global","fen","1","control","D1C","wC",49.4961,8.31955736363636,-0.0398899291737377,-1.49159437276966
"1661","global","fen","1","control","D1C","wN",1.4174,0.258146707070707,0.0517044086645889,-0.975645862519024
"1662","global","fen","1","snowfence","D1SF","CN_ratio",34.0261884888,247.027159883215,1.68096097603827,1.88352897127898
"1663","global","fen","1","snowfence","D1SF","LDMC",0.398753982761663,0.00319880858762088,-0.547656238905619,0.620302640764085
"1664","global","fen","1","snowfence","D1SF","SLA",110.076589777532,820.728820887862,0.635841101090837,-0.0690958964357389
"1665","global","fen","1","snowfence","D1SF","d13C",-28.7377,1.46659768686869,-0.0760847122693608,-0.693111125758553
"1666","global","fen","1","snowfence","D1SF","d15N",-2.6522,5.8204637979798,-0.162560676501845,-1.12091098550741
"1667","global","fen","1","snowfence","D1SF","dweight",0.0533714166666667,0.00205511225484708,2.35546718423679,6.22947065276815
"1668","global","fen","1","snowfence","D1SF","fweight",0.127016933333333,0.00895823468112907,1.80488898074525,3.7090559185449
"1669","global","fen","1","snowfence","D1SF","height",10.2761666666667,57.3036756734007,2.64444996610931,11.6747662243063
"1670","global","fen","1","snowfence","D1SF","leafa",4.73750706017583,7.02347209833101,1.18405293661615,2.0477409535127
"1671","global","fen","1","snowfence","D1SF","wC",48.9026,6.06330226262626,0.00882895258094096,-0.500979183573836
"1672","global","fen","1","snowfence","D1SF","wN",1.698,0.17029696969697,-0.555137279131003,0.124812441465784
"1673","global","fen","2","control","D2C","CN_ratio",28.6924451071,29.6000072378616,0.87959249419291,0.022758664283792
"1674","global","fen","2","control","D2C","LDMC",0.39152092633533,0.00120077658233496,0.351077723709225,1.24903608362864
"1675","global","fen","2","control","D2C","SLA",100.649070583866,1462.60408351792,3.79272204942457,22.2253994230771
"1676","global","fen","2","control","D2C","d13C",-28.1744,1.08844711111111,-0.851544243295073,-0.446093061629979
"1677","global","fen","2","control","D2C","d15N",-1.3811,6.22295534343434,-1.2208295547044,1.70237660820858
"1678","global","fen","2","control","D2C","dweight",0.05269675,0.00101949262611532,0.139133418510333,-1.48508041768894
"1679","global","fen","2","control","D2C","fweight",0.145250808333333,0.00709846881449853,0.3562211625645,-0.920035391776433
"1680","global","fen","2","control","D2C","height",9.29075,24.2557981130752,0.162350578774942,-0.821057986248905
"1681","global","fen","2","control","D2C","leafa",4.52157761341917,6.09738641504123,0.606741399294529,0.574702626711442
"1682","global","fen","2","control","D2C","wC",47.5831,3.41875291919192,1.26568918472288,0.785324057600302
"1683","global","fen","2","control","D2C","wN",1.7473,0.106436070707071,-0.746095799091543,-0.107617239812161
"1684","global","fen","2","snowfence","D2SF","CN_ratio",29.712627196,70.5996549226302,2.72185633672243,11.9483934796377
"1685","global","fen","2","snowfence","D2SF","LDMC",0.375694205012752,0.00261307815103472,-2.24281877009588,11.5920493994234
"1686","global","fen","2","snowfence","D2SF","SLA",108.685182258319,1066.91985285719,0.888341338461374,0.114458289280953
"1687","global","fen","2","snowfence","D2SF","d13C",-28.341,1.16823131313131,-0.575904928021702,-0.283102267649241
"1688","global","fen","2","snowfence","D2SF","d15N",-1.5185,6.17800883838384,-1.39393941201608,1.45676377054681
"1689","global","fen","2","snowfence","D2SF","dweight",0.0477794166666667,0.00104471567965067,0.541415563263162,-1.23994073178962
"1690","global","fen","2","snowfence","D2SF","fweight",0.0988090333333333,0.00490163130224074,1.12036335949633,0.0769843049335006
"1691","global","fen","2","snowfence","D2SF","height",7.23958333333333,19.6606683150954,0.524158270187728,-0.795203794152703
"1692","global","fen","2","snowfence","D2SF","leafa",3.84276720616,5.11642026761803,0.807348581556992,-0.147362370446372
"1693","global","fen","2","snowfence","D2SF","wC",47.5646,5.22781498989899,0.525365101951575,3.26581994742609
"1694","global","fen","2","snowfence","D2SF","wN",1.5574,0.139322464646465,-0.535421441185128,-0.467113818531633
"1695","global","fen","3","control","D3C","CN_ratio",29.698164214,45.0426505598488,0.947337874171039,-0.122845113568457
"1696","global","fen","3","control","D3C","LDMC",0.383860834811707,0.00153073374229966,0.744814956063234,1.22461087276272
"1697","global","fen","3","control","D3C","SLA",103.228908233725,1220.25799373775,3.39100245833137,18.0817708185825
"1698","global","fen","3","control","D3C","d13C",-27.8695,0.591158333333333,-0.858583540184971,1.51437225205647
"1699","global","fen","3","control","D3C","d15N",-0.932,4.75630303030303,-1.94689166320082,4.27060695255421
"1700","global","fen","3","control","D3C","dweight",0.05595225,0.000998070330885241,-0.292209387272624,-1.61739738918402
"1701","global","fen","3","control","D3C","fweight",0.1251144,0.00691815118886195,0.30271087770647,-1.48711156691385
"1702","global","fen","3","control","D3C","height",8.80358333333333,21.7428693251964,0.280789777613465,-0.625106237352138
"1703","global","fen","3","control","D3C","leafa",4.20297650726417,6.66713260931213,0.375128846645363,-1.06695968413887
"1704","global","fen","3","control","D3C","wC",47.3272,2.29275975757576,1.84042747738893,3.1244958644115
"1705","global","fen","3","control","D3C","wN",1.6977,0.104262333333333,-0.587288605234248,-0.368741034487596
"1706","global","fen","3","snowfence","D3SF","CN_ratio",27.9322155766,30.6856861140036,1.87018295596403,4.94032604171492
"1707","global","fen","3","snowfence","D3SF","LDMC",0.385452912416461,0.000867134920123401,-0.176397590276635,0.507870206558524
"1708","global","fen","3","snowfence","D3SF","SLA",95.7261205931708,568.603324584602,1.23668207334182,1.91429196953508
"1709","global","fen","3","snowfence","D3SF","d13C",-27.7555,0.757736111111111,-1.3848134973052,2.55023145617126
"1710","global","fen","3","snowfence","D3SF","d15N",-1.164,5.62517373737374,-1.48908598080211,2.00274120961714
"1711","global","fen","3","snowfence","D3SF","dweight",0.0537319166666667,0.00104979659379209,0.181613241214619,-1.30877886912778
"1712","global","fen","3","snowfence","D3SF","fweight",0.136833833333333,0.00774178682494388,0.40308097178307,-0.766635113331068
"1713","global","fen","3","snowfence","D3SF","height",9.794,26.4025702581369,2.50920194734933,13.2030925601063
"1714","global","fen","3","snowfence","D3SF","leafa",4.97237532427917,8.76190948362209,1.83155601010913,9.61637848804904
"1715","global","fen","3","snowfence","D3SF","wC",47.6655,4.36731792929293,0.818829133426153,0.995659343567648
"1716","global","fen","3","snowfence","D3SF","wN",1.7785,0.102699747474747,-0.711946117565666,0.150275355826718
"1717","global","fen","4","control","D4C","CN_ratio",32.6943823173,190.284099238089,1.78701458282694,2.10982480445461
"1718","global","fen","4","control","D4C","LDMC",0.402714167357686,0.00240764871566052,0.289274320209614,-0.63794402066328
"1719","global","fen","4","control","D4C","SLA",112.046112289786,738.248083145026,0.544991277037085,0.178144280120404
"1720","global","fen","4","control","D4C","d13C",-28.347,1.11349191919192,-1.08750276352002,0.970029969249639
"1721","global","fen","4","control","D4C","d15N",-1.2761,7.84788261616162,-1.08991509381353,-0.211150249324173
"1722","global","fen","4","control","D4C","dweight",0.0343866666666667,0.000468348087822671,1.25209950955255,1.28255483889353
"1723","global","fen","4","control","D4C","fweight",0.0868830666666667,0.00344616561653872,1.28865480674138,1.1802739370784
"1724","global","fen","4","control","D4C","height",7.40508333333333,13.4849381242985,0.798327660270016,0.0629147659403464
"1725","global","fen","4","control","D4C","leafa",4.00206320196333,4.6046366824409,0.320132941568416,-0.698871950884396
"1726","global","fen","4","control","D4C","wC",47.7647,6.43313829292929,1.0337834639795,-0.400440990699006
"1727","global","fen","4","control","D4C","wN",1.5957,0.180230818181818,-0.525458022022831,-0.14624737876033
"1728","global","fen","4","snowfence","D4SF","CN_ratio",41.4800130768,417.025272658607,0.802475468540913,-0.91001558428594
"1729","global","fen","4","snowfence","D4SF","LDMC",0.411760704726307,0.0027518736631044,-0.0262967688269734,-0.491371186863576
"1730","global","fen","4","snowfence","D4SF","SLA",107.162777729904,751.676064479605,1.10918963649094,0.587206819958316
"1731","global","fen","4","snowfence","D4SF","d13C",-28.4498,1.07627470707071,-0.686325514072915,0.0454328945107778
"1732","global","fen","4","snowfence","D4SF","d15N",-2.6951,11.2886676666667,-0.296187499174292,-1.37345506143158
"1733","global","fen","4","snowfence","D4SF","dweight",0.0357949166666667,0.000542928972916667,1.20070576390088,0.608995535637066
"1734","global","fen","4","snowfence","D4SF","fweight",0.0862492916666667,0.00286020847208719,1.67547625691062,3.09400342609148
"1735","global","fen","4","snowfence","D4SF","height",6.34333333333333,12.8039884960718,1.33570147826615,1.64094053201578
"1736","global","fen","4","snowfence","D4SF","leafa",3.6528963360525,4.02584339399935,0.675894392866325,-0.0471062223957386
"1737","global","fen","4","snowfence","D4SF","wC",49.0139,11.6457654444444,-0.293941103367377,-0.513446123232155
"1738","global","fen","4","snowfence","D4SF","wN",1.4222,0.232302181818182,-0.0683865007653577,-1.40319177276754
"1739","global","fen","5","control","D5C","CN_ratio",27.19851831331,37.3797340497733,-0.0128860311007404,1.324616104991
"1740","global","fen","5","control","D5C","LDMC",0.374124522152786,0.00266384500869307,-1.24813430919135,1.12671128243927
"1741","global","fen","5","control","D5C","SLA",116.410880223427,1447.95408427812,1.10044571197715,1.47985491005573
"1742","global","fen","5","control","D5C","d13C",-28.8832,1.51491894949495,-0.0991196991989967,-1.24234780350383
"1743","global","fen","5","control","D5C","d15N",-1.8297,6.27242516161616,-0.814260692903553,0.660513320267952
"1744","global","fen","5","control","D5C","dweight",0.05975325,0.00242289750125561,2.01787618112045,4.39776225797534
"1745","global","fen","5","control","D5C","fweight",0.143596558333333,0.0140182259806629,2.14445062644589,5.80551175716335
"1746","global","fen","5","control","D5C","height",10.7248333333333,71.3376248316498,2.8733747176024,11.6377677312205
"1747","global","fen","5","control","D5C","leafa",6.03072015657167,18.0922159943147,2.15737385403883,5.86199692955682
"1748","global","fen","5","control","D5C","wC",48.2921,5.73016827272727,-0.385664143828503,1.11727104699164
"1749","global","fen","5","control","D5C","wN",1.7731,0.165769080808081,1.22495042262414,4.03337902631017
"1750","global","fen","5","snowfence","D5SF","CN_ratio",42.2959768481,358.389082756549,0.511956807665574,-1.06858850277702
"1751","global","fen","5","snowfence","D5SF","LDMC",0.411758005857045,0.00351673554194643,-1.59689884918528,2.87879796511692
"1752","global","fen","5","snowfence","D5SF","SLA",114.439064415498,1374.11520161946,1.74607532366516,3.38952264358959
"1753","global","fen","5","snowfence","D5SF","d13C",-28.8799,1.13335655555556,-0.304073482735595,-0.222668709813587
"1754","global","fen","5","snowfence","D5SF","d15N",-3.4412,8.84744501010101,-0.180395889494503,-1.20730810681423
"1755","global","fen","5","snowfence","D5SF","dweight",0.0592034166666667,0.00239236616876403,1.65351908634004,1.79350659877494
"1756","global","fen","5","snowfence","D5SF","fweight",0.165872666666667,0.0244132857394501,1.82866805219125,2.43487186370643
"1757","global","fen","5","snowfence","D5SF","height",10.9483333333333,132.986851851852,2.0197751110494,3.56763022402552
"1758","global","fen","5","snowfence","D5SF","leafa",6.62692354068333,30.4546933857524,1.60795812444675,1.49136110335339
"1759","global","fen","5","snowfence","D5SF","wC",50.201,7.09863939393939,-0.421423620337208,-0.903049804137128
"1760","global","fen","5","snowfence","D5SF","wN",1.4613,0.674732636363636,2.00155843387339,5.12994799091949
"1761","global","heath","1","control","E1C","CN_ratio",53.4671678424,268.450459602719,-0.38061655181051,-0.701637949233921
"1762","global","heath","1","control","E1C","LDMC",0.429221721398381,0.0011398354292095,-0.251520855791997,-0.995449374947887
"1763","global","heath","1","control","E1C","SLA",97.7895304786543,257.285389877254,0.627123573852065,-0.24932625665327
"1764","global","heath","1","control","E1C","d13C",-28.2533,1.381889,-0.77572601189642,-0.65281253139225
"1765","global","heath","1","control","E1C","d15N",-6.6856,2.74545115151515,0.163673232920482,0.575132833941473
"1766","global","heath","1","control","E1C","dweight",0.0405869166666667,0.000135248034869529,0.308615197689846,-0.628967636105456
"1767","global","heath","1","control","E1C","fweight",0.0915370833333333,0.000726949372018799,0.45046930577404,-0.642466828257852
"1768","global","heath","1","control","E1C","height",7.22208333333333,7.57085069444444,1.42919064352062,3.93848596955445
"1769","global","heath","1","control","E1C","leafa",3.8034477597325,1.00233132463118,0.341880468947345,-0.813931102654854
"1770","global","heath","1","control","E1C","wC",52.0104,2.43300185858586,-0.221367085133684,-0.22938896682516
"1771","global","heath","1","control","E1C","wN",1.0843,0.156319707070707,1.476970545921,0.844159338912104
"1772","global","heath","1","snowfence","E1SF","CN_ratio",49.3667780788,226.149362495389,-0.340388346640247,-0.832616056975979
"1773","global","heath","1","snowfence","E1SF","LDMC",0.428887108982769,0.00164287517790922,-1.46852204931711,3.9387182884942
"1774","global","heath","1","snowfence","E1SF","SLA",102.515719747643,403.667620180649,0.51013098144964,-0.620483904350342
"1775","global","heath","1","snowfence","E1SF","d13C",-28.7388,1.52980460606061,-0.297435594007438,-0.76338619964346
"1776","global","heath","1","snowfence","E1SF","d15N",-6.1034,5.11658832323232,0.595087821566345,0.231202556464887
"1777","global","heath","1","snowfence","E1SF","dweight",0.04052225,0.000151566511019921,0.506730113200004,-0.547902531711741
"1778","global","heath","1","snowfence","E1SF","fweight",0.0928705,0.000628471434371493,0.268409223430418,-0.718994110985225
"1779","global","heath","1","snowfence","E1SF","height",9.68758333333333,20.6864611321549,1.14100747997001,0.824492046114575
"1780","global","heath","1","snowfence","E1SF","leafa",4.08957044169417,0.959705385855377,-0.205641935226169,0.0352873767307895
"1781","global","heath","1","snowfence","E1SF","wC",51.1168,5.336424,-0.813406942894792,0.591994523318643
"1782","global","heath","1","snowfence","E1SF","wN",1.1871,0.206893525252525,0.901099989788499,-0.581578099461564
"1783","global","heath","2","control","E2C","CN_ratio",55.5987339974,172.126424012632,-0.664101861701969,0.758228485046422
"1784","global","heath","2","control","E2C","LDMC",0.43903248784155,0.00105867676177579,-0.613289196412238,1.11664624495587
"1785","global","heath","2","control","E2C","SLA",96.1347818792669,280.504320713898,1.04274992452102,1.28128518614488
"1786","global","heath","2","control","E2C","d13C",-28.1586,1.08321014141414,-1.35892073653226,1.37630200983349
"1787","global","heath","2","control","E2C","d15N",-6.4368,4.70889672727273,1.24343038607826,1.47109636571413
"1788","global","heath","2","control","E2C","dweight",0.0424865,0.000138586304405163,0.398105532453909,-0.856734836669123
"1789","global","heath","2","control","E2C","fweight",0.0961449166666667,0.000573325824768518,0.45751025090403,-0.730696721356673
"1790","global","heath","2","control","E2C","height",6.85491666666667,7.50220972923681,1.66460537156109,5.62857646397204
"1791","global","heath","2","control","E2C","leafa",4.0819752164275,2.16026226777304,3.08162226846083,18.6761924163322
"1792","global","heath","2","control","E2C","wC",52.0882,2.78994824242424,-1.23561333157385,3.80901268493295
"1793","global","heath","2","control","E2C","wN",0.9827,0.0859027373737374,2.1431435666054,3.8605991513248
"1794","global","heath","2","snowfence","E2SF","CN_ratio",50.6738220627,237.754933374866,-0.315866994054154,-0.733802836922741
"1795","global","heath","2","snowfence","E2SF","LDMC",0.438827126735772,0.00109886973891556,-0.74058314076324,1.00888570419868
"1796","global","heath","2","snowfence","E2SF","SLA",101.431081899049,368.161769339322,0.712993653586386,0.0181753544620422
"1797","global","heath","2","snowfence","E2SF","d13C",-28.5403,1.84738475757576,-0.861550618593517,-0.288158936793453
"1798","global","heath","2","snowfence","E2SF","d15N",-6.2631,5.42417716161616,0.572601908975081,-0.168910535598444
"1799","global","heath","2","snowfence","E2SF","dweight",0.0429591666666667,0.000613094144921437,4.86433832992014,31.760702918719
"1800","global","heath","2","snowfence","E2SF","fweight",0.1092769,0.00784450373361504,4.12383694222836,18.0113710498752
"1801","global","heath","2","snowfence","E2SF","height",9.34591666666667,32.9820377314815,2.72380320474422,8.93269529927098
"1802","global","heath","2","snowfence","E2SF","leafa",4.31183584325167,7.38383276043617,5.32803863747294,31.8163729198136
"1803","global","heath","2","snowfence","E2SF","wC",51.8171,2.96188746464647,-0.949031023900755,2.51325996913831
"1804","global","heath","2","snowfence","E2SF","wN",1.0804,0.137545292929293,1.34587291790314,0.580155873334825
"1805","global","heath","3","control","E3C","CN_ratio",57.4970259683,123.252729305464,-0.467517741899235,2.04523648847595
"1806","global","heath","3","control","E3C","LDMC",0.447924426859086,0.000860640045091784,-1.25251567977537,3.53611037761763
"1807","global","heath","3","control","E3C","SLA",96.5954524158468,188.213994279345,0.518750687814049,0.0265755648760035
"1808","global","heath","3","control","E3C","d13C",-27.9501,0.986988878787878,-1.67869347927371,2.66628452081699
"1809","global","heath","3","control","E3C","d15N",-6.7096,4.21680387878788,1.65622760918602,4.68675614016467
"1810","global","heath","3","control","E3C","dweight",0.04393775,0.000148378374656285,0.245225087560117,-0.987937334452182
"1811","global","heath","3","control","E3C","fweight",0.100416833333333,0.000614213618097643,0.173060293958051,-1.02076951387668
"1812","global","heath","3","control","E3C","height",6.72883333333333,8.49576377665544,1.78230452231334,4.59941129728983
"1813","global","heath","3","control","E3C","leafa",3.88269540864,1.18250358380902,0.15638198861702,-0.691853719730593
"1814","global","heath","3","control","E3C","wC",52.349,1.33280909090909,-0.271622586402084,0.235287826077728
"1815","global","heath","3","control","E3C","wN",0.9352,0.0454817777777778,3.14244461384415,12.1590792957705
"1816","global","heath","3","snowfence","E3SF","CN_ratio",53.2042793152,213.607566072976,-0.231005824927196,-0.19858904426861
"1817","global","heath","3","snowfence","E3SF","LDMC",0.44352159695134,0.000696743618054535,-0.1728260054712,-0.314723005111142
"1818","global","heath","3","snowfence","E3SF","SLA",100.707755608304,290.973490483799,1.24438275462965,1.04684071652825
"1819","global","heath","3","snowfence","E3SF","d13C",-28.1911,1.52540180808081,-1.21666202835778,0.725194444117821
"1820","global","heath","3","snowfence","E3SF","d15N",-6.6945,3.08951186868687,0.460394944148963,0.850427094588926
"1821","global","heath","3","snowfence","E3SF","dweight",0.0414890833333333,0.000128488687843715,0.62069856044457,-0.491773758593629
"1822","global","heath","3","snowfence","E3SF","fweight",0.0998065,0.000638144321801347,0.419929135744383,-1.08212531780554
"1823","global","heath","3","snowfence","E3SF","height",8.12691666666667,14.0659762275533,1.86021136827564,4.34885753151997
"1824","global","heath","3","snowfence","E3SF","leafa",3.88372301714417,0.816718391331764,0.464412497951009,-0.252400302862949
"1825","global","heath","3","snowfence","E3SF","wC",51.928,4.37059595959596,-1.85412298716847,5.65458251678698
"1826","global","heath","3","snowfence","E3SF","wN",1.0486,0.138084888888889,1.69455686236646,1.70800643103085
"1827","global","heath","4","control","E4C","CN_ratio",51.14979096547,207.360572908265,-1.00733320910537,0.715930554685053
"1828","global","heath","4","control","E4C","LDMC",0.431956091226142,0.00302010855544094,-2.20982168131992,5.58139306902611
"1829","global","heath","4","control","E4C","SLA",95.9588544122548,317.887092300653,1.13718848033433,2.57516393046372
"1830","global","heath","4","control","E4C","d13C",-28.0191,1.11882039393939,-1.19203602852241,2.06099175335981
"1831","global","heath","4","control","E4C","d15N",-6.5049,3.92157675757576,0.983284830932049,0.71654471619943
"1832","global","heath","4","control","E4C","dweight",0.0397959166666667,0.000152749795868406,0.436529584751626,-0.427886721617914
"1833","global","heath","4","control","E4C","fweight",0.09106705,0.000661803162505892,0.464348466851016,-0.617469774264135
"1834","global","heath","4","control","E4C","height",7.34708333333333,11.965821233165,2.32569829065302,7.40712930428931
"1835","global","heath","4","control","E4C","leafa",3.66040311776167,1.32947913565591,0.576789884122426,0.623520053403404
"1836","global","heath","4","control","E4C","wC",52.019,4.53849191919192,-1.43744842553497,2.1502597944293
"1837","global","heath","4","control","E4C","wN",1.0467,0.12579001010101,1.60884057959763,1.43325406934047
"1838","global","heath","4","snowfence","E4SF","CN_ratio",42.1964221347,298.213150624453,0.480645143632819,-1.23392280428808
"1839","global","heath","4","snowfence","E4SF","LDMC",0.427868571268408,0.00124366004360817,-0.178069755436676,-0.760094722040947
"1840","global","heath","4","snowfence","E4SF","SLA",107.002371782904,321.250896735444,0.404227788686836,-0.761708510439213
"1841","global","heath","4","snowfence","E4SF","d13C",-28.7519,1.84373877777778,-0.480412790584014,-0.745345141039766
"1842","global","heath","4","snowfence","E4SF","d15N",-5.5799,6.21555453535354,0.350010594637791,-1.03596872888715
"1843","global","heath","4","snowfence","E4SF","dweight",0.0504619166666667,0.00162518106797839,2.77166434079966,7.69988300792811
"1844","global","heath","4","snowfence","E4SF","fweight",0.112975166666667,0.0112761468602413,3.57715185609933,12.979397687173
"1845","global","heath","4","snowfence","E4SF","height",10.0160833333333,51.9275705036476,2.51216749197785,7.00863075575893
"1846","global","heath","4","snowfence","E4SF","leafa",4.84494006409,11.4215648339615,3.17071104936955,10.8523107467352
"1847","global","heath","4","snowfence","E4SF","wC",51.2442,3.66111955555555,0.132650339633003,-0.941789206129722
"1848","global","heath","4","snowfence","E4SF","wN",1.3662,0.233213696969697,0.158264483755211,-1.58139217971332
"1849","global","heath","5","control","E5C","CN_ratio",53.6687370782,172.081311380292,-0.625212487031452,0.216904188098348
"1850","global","heath","5","control","E5C","LDMC",0.443418355848486,0.000868633620259391,-0.535725886428778,-0.0558188093629139
"1851","global","heath","5","control","E5C","SLA",93.8396299765636,266.838371656035,0.617031635030299,0.374142238422896
"1852","global","heath","5","control","E5C","d13C",-28.3664,1.31034650505051,-0.726790627903757,-0.249120154363129
"1853","global","heath","5","control","E5C","d15N",-7.2269,3.73814281818182,0.334879553268318,1.26069167359057
"1854","global","heath","5","control","E5C","dweight",0.0417024166666667,0.000140835345531706,0.198515541821876,-0.807694918108464
"1855","global","heath","5","control","E5C","fweight",0.0971035833333333,0.000710544871289282,0.26976764519299,-0.872736965396125
"1856","global","heath","5","control","E5C","height",7.09916666666667,13.4916140572391,1.9598398822749,4.80792096158632
"1857","global","heath","5","control","E5C","leafa",3.7045411610825,1.1489207730964,0.516155977245655,-0.385793463248216
"1858","global","heath","5","control","E5C","wC",51.7216,2.97247216161616,-0.844535989245037,2.2814869884927
"1859","global","heath","5","control","E5C","wN",1.0306,0.118387515151515,1.54697678205189,1.30366948089183
"1860","global","heath","5","snowfence","E5SF","CN_ratio",50.1589757252,259.182676958043,-0.231820354696747,-0.838001407701806
"1861","global","heath","5","snowfence","E5SF","LDMC",0.431307739285416,0.00140735062362662,-0.688200950095238,0.120224366756846
"1862","global","heath","5","snowfence","E5SF","SLA",102.043770911585,312.986764124675,1.19860361925052,0.783047684673086
"1863","global","heath","5","snowfence","E5SF","d13C",-28.292,1.25325858585859,-0.512160465908486,-0.400683397982338
"1864","global","heath","5","snowfence","E5SF","d15N",-5.9452,6.05508783838384,0.923940689545808,0.202176515529077
"1865","global","heath","5","snowfence","E5SF","dweight",0.0675988333333333,0.00370192101574074,1.7358325697084,1.78489684725968
"1866","global","heath","5","snowfence","E5SF","fweight",0.128869416666667,0.0133797388132085,3.12726467965937,9.36420227694422
"1867","global","heath","5","snowfence","E5SF","height",10.5745833333333,83.2625973274411,2.09830329033811,3.68583861519939
"1868","global","heath","5","snowfence","E5SF","leafa",5.3130330289875,17.9482950729803,2.16165135797109,4.28298839609779
"1869","global","heath","5","snowfence","E5SF","wC",51.198,7.87842828282828,-2.52043596127092,8.21562400410125
"1870","global","heath","5","snowfence","E5SF","wN",1.1597,0.183368595959596,0.918229809900587,-0.492831509652969
"1871","global","ridge","1","control","X1C","CN_ratio",63.2544664376,489.460445371313,-0.792587199018734,-1.01315619588199
"1872","global","ridge","1","control","X1C","LDMC",0.467586016564279,0.00079278486815123,-0.434214444084213,-0.145543430863666
"1873","global","ridge","1","control","X1C","SLA",94.4911212504527,225.199191768392,0.914860590150943,-0.148245894478923
"1874","global","ridge","1","control","X1C","d13C",-28.9375,0.783166414141414,-0.713667424361087,-0.466874274794399
"1875","global","ridge","1","control","X1C","d15N",-5.557,2.16208787878788,0.988341119936924,-0.134745764745161
"1876","global","ridge","1","control","X1C","dweight",0.0352000833333333,0.000107666054285915,0.311391435989702,-0.270974412500238
"1877","global","ridge","1","control","X1C","fweight",0.0789437333333333,0.000454629895208754,0.094835387205546,-0.524909382029789
"1878","global","ridge","1","control","X1C","height",3.04691666666667,1.3590385171156,1.95839375735363,5.12433446237403
"1879","global","ridge","1","control","X1C","leafa",3.42192295941667,0.739467401042803,0.13716027344902,-0.110540088254656
"1880","global","ridge","1","control","X1C","wC",51.7303,1.48473627272727,-0.666721317966125,0.119203328483977
"1881","global","ridge","1","control","X1C","wN",0.9238,0.197213696969697,1.52050954155337,0.607031558941365
"1882","global","ridge","1","snowfence","X1SF","CN_ratio",50.0123931311,453.528693063005,0.237914295079081,-1.41430761354863
"1883","global","ridge","1","snowfence","X1SF","LDMC",0.448348082549214,0.00152727801846557,-1.09007475368375,2.54084904040921
"1884","global","ridge","1","snowfence","X1SF","SLA",94.914092164897,422.639378706804,0.260333900375537,-1.37365228191987
"1885","global","ridge","1","snowfence","X1SF","d13C",-29.6027,0.788062333333334,0.410073142788014,-0.964875229029415
"1886","global","ridge","1","snowfence","X1SF","d15N",-4.9932,8.55004622222222,0.0129800461468181,0.0377621041720433
"1887","global","ridge","1","snowfence","X1SF","dweight",0.03647025,0.000118239287675365,0.411490952552819,-0.429712296158546
"1888","global","ridge","1","snowfence","X1SF","fweight",0.081073875,0.000707479009278549,0.672377228522497,-0.353066088435388
"1889","global","ridge","1","snowfence","X1SF","height",4.21566666666667,4.04579163860831,1.75388628762982,4.45175785481081
"1890","global","ridge","1","snowfence","X1SF","leafa",3.263876663105,1.04574014952113,0.473697535037753,-0.468164140458064
"1891","global","ridge","1","snowfence","X1SF","wC",51.1056,2.3749865050505,-1.27085845316026,3.12010313017202
"1892","global","ridge","1","snowfence","X1SF","wN",1.125,0.253471717171717,0.638064643497135,-1.24841010139783
"1893","global","ridge","2","control","X2C","CN_ratio",66.0405789371,306.040413066253,-1.04397151811237,-0.0174884829879218
"1894","global","ridge","2","control","X2C","LDMC",0.466964714104953,0.0011348295928888,-0.620200684426324,-0.283681165772205
"1895","global","ridge","2","control","X2C","SLA",93.5410742373476,406.465545467701,-0.466845271204796,1.13297027180563
"1896","global","ridge","2","control","X2C","d13C",-28.8793,0.721527787878788,-1.07401185755134,0.480218524708952
"1897","global","ridge","2","control","X2C","d15N",-5.2586,2.46004448484848,1.2658791128674,2.6378953306432
"1898","global","ridge","2","control","X2C","dweight",0.0328955833333333,0.000131603876900954,0.238503957780359,-0.408664949149093
"1899","global","ridge","2","control","X2C","fweight",0.0759743916666667,0.000452588537848695,0.287649177297347,-0.008358929688419
"1900","global","ridge","2","control","X2C","height",2.96158333333333,2.49881158108866,2.26335633602585,8.49811990524593
"1901","global","ridge","2","control","X2C","leafa",3.02450763004833,1.04381040050719,-0.226818265089071,-0.594584589675054
"1902","global","ridge","2","control","X2C","wC",51.5376,3.15170327272727,-1.46927660500859,2.11685485836443
"1903","global","ridge","2","control","X2C","wN",0.9664,0.166625292929293,1.09522542659326,-0.416032818882698
"1904","global","ridge","2","snowfence","X2SF","CN_ratio",52.8268229712,562.732289720617,0.184273838468123,-1.61439449745152
"1905","global","ridge","2","snowfence","X2SF","LDMC",0.456907329104052,0.00122156887771857,-0.079440264918273,-0.633632382845156
"1906","global","ridge","2","snowfence","X2SF","SLA",101.463161472408,505.855936120304,-0.972916423414173,0.861732124387141
"1907","global","ridge","2","snowfence","X2SF","d13C",-29.3649,0.863182818181818,-0.0837595701889853,-1.30195476043665
"1908","global","ridge","2","snowfence","X2SF","d15N",-4.4874,4.05485175757576,0.991386671216637,1.21858888175929
"1909","global","ridge","2","snowfence","X2SF","dweight",0.0315625,8.8838912037037e-05,0.278092605115069,-0.405776250978829
"1910","global","ridge","2","snowfence","X2SF","fweight",0.0707416166666667,0.000551388590471661,0.312925795352732,-0.833150338131766
"1911","global","ridge","2","snowfence","X2SF","height",3.56108333333333,6.77895911195286,2.25277423861737,5.67728430838533
"1912","global","ridge","2","snowfence","X2SF","leafa",3.00479691142583,0.954215202478306,0.144140923138774,0.144604217275875
"1913","global","ridge","2","snowfence","X2SF","wC",50.6813,2.63223970707071,-0.0964217142309486,-0.737290590427767
"1914","global","ridge","2","snowfence","X2SF","wN",1.1228,0.253571878787879,0.481615775086994,-1.3612570226959
"1915","global","ridge","3","control","X3C","CN_ratio",50.3182213877,487.936522792781,0.322256246502354,-1.63221799956333
"1916","global","ridge","3","control","X3C","LDMC",0.443202034281832,0.00155019401310534,0.204532273604551,-0.935071951902246
"1917","global","ridge","3","control","X3C","SLA",109.330284298045,356.738460913913,-0.0665566295503569,-0.898059086743975
"1918","global","ridge","3","control","X3C","d13C",-29.5141,0.693333525252525,0.232618933005319,-1.02168009121638
"1919","global","ridge","3","control","X3C","d15N",-4.4052,3.5970635959596,0.944699762320101,1.03746096415347
"1920","global","ridge","3","control","X3C","dweight",0.0300305,0.000147353328030303,0.74124477825045,-0.179581826165015
"1921","global","ridge","3","control","X3C","fweight",0.0689200416666667,0.000448563915577652,0.250928556633219,-0.385235513927272
"1922","global","ridge","3","control","X3C","height",3.24333333333333,4.87597222222222,3.62390715608268,14.5783046115298
"1923","global","ridge","3","control","X3C","leafa",3.16076733496,0.870414448843059,0.385114434763488,-0.130794080727217
"1924","global","ridge","3","control","X3C","wC",51.0096,1.76447862626262,0.174907993353519,-1.29142027473726
"1925","global","ridge","3","control","X3C","wN",1.2398,0.237165616161616,0.00624141713852478,-1.56719977424326
"1926","global","ridge","3","snowfence","X3SF","CN_ratio",56.8137340958,511.802557274888,-0.298461448432422,-1.58087338202953
"1927","global","ridge","3","snowfence","X3SF","LDMC",0.464471797067002,0.000843551163688184,-0.704449165036373,0.809693990751134
"1928","global","ridge","3","snowfence","X3SF","SLA",97.6252909099336,395.607200373173,-0.247607359876924,0.507669305810108
"1929","global","ridge","3","snowfence","X3SF","d13C",-29.1082,0.782683595959596,-0.435976949366042,-0.849131519165569
"1930","global","ridge","3","snowfence","X3SF","d15N",-5.1868,2.55215531313131,1.19583742059193,1.94013721218124
"1931","global","ridge","3","snowfence","X3SF","dweight",0.0351178333333333,0.000113795068771044,0.0969089739365525,-0.361286147188991
"1932","global","ridge","3","snowfence","X3SF","fweight",0.0717460333333333,0.000359897620736813,0.339944977898804,-0.378608936155505
"1933","global","ridge","3","snowfence","X3SF","height",2.99033333333333,1.57760342312009,1.32372186112269,2.07977667211992
"1934","global","ridge","3","snowfence","X3SF","leafa",3.44171871387833,0.956670125892139,0.0178116008497776,-0.0437147984947805
"1935","global","ridge","3","snowfence","X3SF","wC",51.511,2.12254242424243,-1.17118233095253,0.966918315658181
"1936","global","ridge","3","snowfence","X3SF","wN",1.0622,0.249805212121212,0.830044963967454,-1.01410339586898
"1937","global","ridge","4","control","X4C","CN_ratio",62.33969866452,437.96866952608,-0.899146777038063,-0.76415539120321
"1938","global","ridge","4","control","X4C","LDMC",0.473323191251301,0.000934986751637092,-0.676294313845052,0.19246086325774
"1939","global","ridge","4","control","X4C","SLA",99.2041226665293,328.513168624188,1.3674725273198,2.8466381482719
"1940","global","ridge","4","control","X4C","d13C",-28.9758,0.594517535353535,-0.833743889540574,-0.0605680655964962
"1941","global","ridge","4","control","X4C","d15N",-5.0721,3.37105312121212,0.997053975854906,0.621662370722973
"1942","global","ridge","4","control","X4C","dweight",0.0356094166666667,6.87118205036476e-05,-0.193696554928821,-0.292152383641751
"1943","global","ridge","4","control","X4C","fweight",0.07481195,0.000362246580628788,0.481426586219275,-0.303089936895343
"1944","global","ridge","4","control","X4C","height",2.81616666666667,0.882022755331089,2.42289928577991,8.53474342599604
"1945","global","ridge","4","control","X4C","leafa",3.222154640905,0.902511692266206,0.72228669129076,1.42331067108231
"1946","global","ridge","4","control","X4C","wC",51.8579,1.78666322222222,-1.66864178799403,4.57605757252058
"1947","global","ridge","4","control","X4C","wN",1.0534,0.409139838383838,2.45096308909272,8.88087087241099
"1948","global","ridge","4","snowfence","X4SF","CN_ratio",61.0880314382,491.334447436161,-0.608399713295161,-1.27705541588823
"1949","global","ridge","4","snowfence","X4SF","LDMC",0.467036078243627,0.00129585497027479,0.0801129922637424,0.698120383549355
"1950","global","ridge","4","snowfence","X4SF","SLA",101.997846348077,329.845435484054,0.47670821033762,-1.13639083872005
"1951","global","ridge","4","snowfence","X4SF","d13C",-29.0361,0.857391707070707,-0.637095211699857,-0.69103750696177
"1952","global","ridge","4","snowfence","X4SF","d15N",-4.9763,2.98029627272727,1.30735973425217,2.39411906865015
"1953","global","ridge","4","snowfence","X4SF","dweight",0.0348705,0.000105132227020202,0.1281434278449,-0.306067231669329
"1954","global","ridge","4","snowfence","X4SF","fweight",0.0732477583333333,0.000494395145506383,0.303935424087144,-0.252877808208389
"1955","global","ridge","4","snowfence","X4SF","height",3.1885,3.46160883838384,4.09676577648536,20.5097491216065
"1956","global","ridge","4","snowfence","X4SF","leafa",3.4192033594025,0.933692142900501,0.273976254815146,-0.139384243882388
"1957","global","ridge","4","snowfence","X4SF","wC",51.5515,1.77657045454545,-0.358399584602311,-1.08562883784585
"1958","global","ridge","4","snowfence","X4SF","wN",1.13,0.265333333333333,0.46037298320273,-1.52133880583824
"1959","global","ridge","5","control","X5C","CN_ratio",57.1294586872,377.758664015682,-0.197353094147852,-1.51183602175135
"1960","global","ridge","5","control","X5C","LDMC",0.446178048493793,0.00215194527854348,-0.4113520947263,-0.414969833666937
"1961","global","ridge","5","control","X5C","SLA",77.875764376569,1086.0754498412,0.0890952155866873,-1.38286908916868
"1962","global","ridge","5","control","X5C","d13C",-28.9935,0.692071464646465,-0.830318081636764,-0.435117845838529
"1963","global","ridge","5","control","X5C","d15N",-5.2816,1.54976105050505,1.04568153548909,1.3642236163798
"1964","global","ridge","5","control","X5C","dweight",0.0290895,0.000109617679040404,0.775523183846447,0.673188934578186
"1965","global","ridge","5","control","X5C","fweight",0.06751025,0.000489048518315095,0.826386685936441,0.0246568360534223
"1966","global","ridge","5","control","X5C","height",2.28433333333333,1.25405622895623,0.619780306070125,-0.00627437526588581
"1967","global","ridge","5","control","X5C","leafa",2.47801211941167,1.47295857900068,0.42822021501393,-0.905675948023893
"1968","global","ridge","5","control","X5C","wC",51.0625,3.90985934343435,-0.696010985355647,-0.837602883097514
"1969","global","ridge","5","control","X5C","wN",1.0146,0.176144282828283,0.858287726243429,-0.953763760900807
"1970","global","ridge","5","snowfence","X5SF","CN_ratio",60.7914597418,509.656453600651,-0.29791000767727,-1.55318579505042
"1971","global","ridge","5","snowfence","X5SF","LDMC",0.45423056270451,0.00159339309451514,-0.531337857789715,0.613065287214186
"1972","global","ridge","5","snowfence","X5SF","SLA",100.916691933266,542.491290503212,0.0879353972933061,-0.542705338982315
"1973","global","ridge","5","snowfence","X5SF","d13C",-29.1731,0.806930696969697,-0.178442931737082,-0.636308105065816
"1974","global","ridge","5","snowfence","X5SF","d15N",-5.2398,2.92827874747475,1.38253859429063,2.34030909500527
"1975","global","ridge","5","snowfence","X5SF","dweight",0.0322346666666667,8.23396095959596e-05,0.596576768419464,0.055826555451957
"1976","global","ridge","5","snowfence","X5SF","fweight",0.0701232333333333,0.000460885863542088,0.24621805938371,-0.582934079856901
"1977","global","ridge","5","snowfence","X5SF","height",3.04941666666667,3.42620125561167,4.27349928925763,22.2778887529959
"1978","global","ridge","5","snowfence","X5SF","leafa",3.04924446691667,0.675233387140029,0.263094939496074,0.225707636545654
"1979","global","ridge","5","snowfence","X5SF","wC",51.1942,2.82692965656566,-0.907216209230197,0.210870031852801
"1980","global","ridge","5","snowfence","X5SF","wN",0.9856,0.211346101010101,0.844723010096193,-0.852275029562885
"1981","global","fen","1","control","D1C","CN_ratio",38.3699026972,251.478894203112,1.10849733204631,0.40709062065257
"1982","global","fen","1","control","D1C","LDMC",0.407661963646693,0.00220692779178966,-0.568307779993031,0.960083848906306
"1983","global","fen","1","control","D1C","SLA",106.741011756392,773.978895361723,0.853175908098089,0.413306082025139
"1984","global","fen","1","control","D1C","d13C",-28.6245,1.05008762626263,-0.429963380243831,-0.0868190724516289
"1985","global","fen","1","control","D1C","d15N",-3.9671,9.06159251515152,0.204992966865001,-1.36400179178807
"1986","global","fen","1","control","D1C","dweight",0.0419255,0.00160366662572952,3.31286366033924,12.4232876230039
"1987","global","fen","1","control","D1C","fweight",0.119495391666667,0.0164009025444087,2.64418565704005,6.90095190020466
"1988","global","fen","1","control","D1C","height",7.542,49.7075251402918,2.69153373770505,9.02336166097198
"1989","global","fen","1","control","D1C","leafa",4.67388228236583,16.2352815630557,2.7820867476974,8.84441746114815
"1990","global","fen","1","control","D1C","wC",50.0384,8.36438125252525,-0.82948866096166,0.801472912137786
"1991","global","fen","1","control","D1C","wN",1.5645,0.230451262626263,-0.391208426463912,-0.914833387696095
"1992","global","fen","1","snowfence","D1SF","CN_ratio",35.9217477288,234.213449818358,1.38459788532338,0.670205216873951
"1993","global","fen","1","snowfence","D1SF","LDMC",0.405902037773373,0.00174111864048772,-0.0446426063452938,-0.457673967848919
"1994","global","fen","1","snowfence","D1SF","SLA",105.360060461493,762.312954107609,0.901692713120143,0.477278459520491
"1995","global","fen","1","snowfence","D1SF","d13C",-28.678,1.49135353535354,-0.225659680430109,-1.35330172361294
"1996","global","fen","1","snowfence","D1SF","d15N",-2.9227,8.49826031313131,-0.36409324630406,-1.10954422030685
"1997","global","fen","1","snowfence","D1SF","dweight",0.04843075,0.00152198772263608,2.2130466659499,6.05184821340158
"1998","global","fen","1","snowfence","D1SF","fweight",0.122554191666667,0.0102999481784155,2.40816028491002,7.65372314441755
"1999","global","fen","1","snowfence","D1SF","height",9.12775,61.9915096170034,2.88877416002947,11.7257882472275
"2000","global","fen","1","snowfence","D1SF","leafa",4.85141992795417,12.2598254466143,2.70563928175383,10.3947185170315
"2001","global","fen","1","snowfence","D1SF","wC",49.3596,7.24623014141414,-0.41701569138532,0.400354948825998
"2002","global","fen","1","snowfence","D1SF","wN",1.6488,0.207667232323232,-0.159247066651968,2.56515679406452
"2003","global","fen","2","control","D2C","CN_ratio",28.6305476062,54.2978789766328,2.94791834496268,13.5505446662217
"2004","global","fen","2","control","D2C","LDMC",0.380382970512073,0.00237363706158939,-2.36995122398107,15.3264650016351
"2005","global","fen","2","control","D2C","SLA",107.913695904999,3464.80316699393,5.33080870096004,38.6066661610623
"2006","global","fen","2","control","D2C","d13C",-28.0597,0.950324151515151,-1.02124567937606,0.793507456167527
"2007","global","fen","2","control","D2C","d15N",-1.1816,6.00652468686869,-1.11697758954619,1.02136949869073
"2008","global","fen","2","control","D2C","dweight",0.0530531666666667,0.000794694382407407,0.183161468183419,-1.33746925842215
"2009","global","fen","2","control","D2C","fweight",0.14200855,0.00897461305907155,1.81696754827958,7.68048197777343
"2010","global","fen","2","control","D2C","height",9.01108333333333,32.7270707842312,1.5284733910026,6.39773400232212
"2011","global","fen","2","control","D2C","leafa",5.06442406238333,8.88325307980672,1.22526070712724,3.53076263267952
"2012","global","fen","2","control","D2C","wC",47.7209,5.2116506969697,-0.550737016139772,3.18215507816178
"2013","global","fen","2","control","D2C","wN",1.6952,0.129786828282828,-0.352798839310838,-0.599187033724176
"2014","global","fen","2","snowfence","D2SF","CN_ratio",31.2728552576,107.116796883861,1.88333167150852,3.72806786050159
"2015","global","fen","2","snowfence","D2SF","LDMC",0.381655667687017,0.00202440599262181,-0.357863697694735,0.746528777831009
"2016","global","fen","2","snowfence","D2SF","SLA",112.124209016851,2975.83510420917,6.31325291413804,51.0716916175545
"2017","global","fen","2","snowfence","D2SF","d13C",-28.0833,0.879048595959596,-0.641929241514979,0.0302164769418249
"2018","global","fen","2","snowfence","D2SF","d15N",-1.8809,7.56609918181818,-0.810927201405589,0.027123500879608
"2019","global","fen","2","snowfence","D2SF","dweight",0.0436141666666667,0.000917021950757576,0.736909196470731,-0.82102106479617
"2020","global","fen","2","snowfence","D2SF","fweight",0.10433525,0.00577225698071689,1.09398428416265,-0.045767595803897
"2021","global","fen","2","snowfence","D2SF","height",7.29625,21.1458899761504,0.591061078057529,-0.615754081782523
"2022","global","fen","2","snowfence","D2SF","leafa",4.16971020775667,5.19439629317565,0.692684806760453,0.337205567563046
"2023","global","fen","2","snowfence","D2SF","wC",47.7196,5.37314933333333,0.613945257166627,0.49822422593982
"2024","global","fen","2","snowfence","D2SF","wN",1.6584,0.13655903030303,-0.197177613997123,-0.515023828518564
"2025","global","fen","3","control","D3C","CN_ratio",28.2803636031,34.4994959310082,1.36018684952595,1.53296534767622
"2026","global","fen","3","control","D3C","LDMC",0.385655290251716,0.00105155837978428,0.32440773781027,2.05377876221451
"2027","global","fen","3","control","D3C","SLA",98.2709868765059,593.531183820077,1.0631603181869,1.67804870009332
"2028","global","fen","3","control","D3C","d13C",-27.9657,0.724430818181818,-1.21461031431109,1.93904024557352
"2029","global","fen","3","control","D3C","d15N",-0.666,2.74191313131313,-2.56615700296267,10.2870890775295
"2030","global","fen","3","control","D3C","dweight",0.0485503333333333,0.00111780440505051,0.306964186043908,-1.42342412836483
"2031","global","fen","3","control","D3C","fweight",0.14512125,0.00673493632908951,-0.150928141027611,-1.3836534048063
"2032","global","fen","3","control","D3C","height",9.03541666666667,16.5762912107183,-0.00643029072886686,-0.922504668784438
"2033","global","fen","3","control","D3C","leafa",4.69877377843833,7.51693414238537,0.147529736574219,-1.3424520954062
"2034","global","fen","3","control","D3C","wC",47.4373,2.35393506060606,2.10992541272354,4.11021848272014
"2035","global","fen","3","control","D3C","wN",1.7146,0.10311195959596,-0.640109911747357,0.245015962607142
"2036","global","fen","3","snowfence","D3SF","CN_ratio",27.3786253016,23.2629406162344,1.28821434368601,2.32338482852095
"2037","global","fen","3","snowfence","D3SF","LDMC",0.387463328144788,0.0012290516556796,-1.06125434806544,5.93988795806034
"2038","global","fen","3","snowfence","D3SF","SLA",94.6562602655491,510.845413369283,0.875782082751022,0.348398208864482
"2039","global","fen","3","snowfence","D3SF","d13C",-27.814,0.660929292929293,-0.983835276821624,1.39867127838639
"2040","global","fen","3","snowfence","D3SF","d15N",-0.8196,3.91464024242424,-1.7657466829677,5.1340526625796
"2041","global","fen","3","snowfence","D3SF","dweight",0.057535,0.00141088878507295,1.42832082966038,6.54741092177115
"2042","global","fen","3","snowfence","D3SF","fweight",0.15838915,0.00715938974840039,-0.177748984997568,-1.34913368443746
"2043","global","fen","3","snowfence","D3SF","height",9.08466666666667,31.135061335578,2.68174192899581,12.460591113951
"2044","global","fen","3","snowfence","D3SF","leafa",4.36813696199917,7.40792340773758,0.62894567239681,0.554944551642345
"2045","global","fen","3","snowfence","D3SF","wC",47.5754,4.00575438383838,0.377048318882635,2.9292318880124
"2046","global","fen","3","snowfence","D3SF","wN",1.7457,0.0739984949494949,-0.476821880415694,-0.534199928069123
"2047","global","fen","4","control","D4C","CN_ratio",33.4982531891,198.465526693785,1.78073548965591,2.43376651119264
"2048","global","fen","4","control","D4C","LDMC",0.385923561380978,0.00307500994848954,-0.118033086995838,-0.0913841052574105
"2049","global","fen","4","control","D4C","SLA",115.239022414513,995.924551832444,0.466789877369285,-0.57552136393766
"2050","global","fen","4","control","D4C","d13C",-28.3673,0.802690616161616,-0.579521552473062,0.124531380329237
"2051","global","fen","4","control","D4C","d15N",-1.9555,10.2974896464646,-0.723296525127121,-0.831682142625276
"2052","global","fen","4","control","D4C","dweight",0.0360441666666667,0.000617791496212121,1.22838426840002,0.758934713370884
"2053","global","fen","4","control","D4C","fweight",0.0864297916666667,0.00287223417120335,1.30094779544234,1.30736177110355
"2054","global","fen","4","control","D4C","height",6.89125,12.5317597853535,1.08532621164783,0.791995152208381
"2055","global","fen","4","control","D4C","leafa",3.38481967840333,4.01042246774595,0.435920216873903,-0.853589904129707
"2056","global","fen","4","control","D4C","wC",48.1869,9.14275291919192,0.325003322305189,-0.999344262215688
"2057","global","fen","4","control","D4C","wN",1.6202,0.197377737373737,-0.435202078449967,-0.219577050999174
"2058","global","fen","4","snowfence","D4SF","CN_ratio",41.212188794,341.995650048353,0.69799062366741,-1.00489158434707
"2059","global","fen","4","snowfence","D4SF","LDMC",0.403352845817254,0.00307074159534665,0.210188374884706,-1.00450151483834
"2060","global","fen","4","snowfence","D4SF","SLA",113.206854200654,1090.06783602708,0.845850431607621,-0.472912431329475
"2061","global","fen","4","snowfence","D4SF","d13C",-28.344,0.99209696969697,-0.391203164949875,-0.368522838625597
"2062","global","fen","4","snowfence","D4SF","d15N",-2.6534,11.3124085252525,-0.266364492164199,-1.40661044862033
"2063","global","fen","4","snowfence","D4SF","dweight",0.0360248333333333,0.000448488745763188,1.27901976911696,1.65542326736193
"2064","global","fen","4","snowfence","D4SF","fweight",0.08501565,0.00302158774898401,1.5118007579116,2.24709247488079
"2065","global","fen","4","snowfence","D4SF","height",6.55983333333333,11.5465128787879,1.08443527452089,0.825014204753703
"2066","global","fen","4","snowfence","D4SF","leafa",3.38531450598167,3.33348309086258,0.664132092289975,-0.0600529395294092
"2067","global","fen","4","snowfence","D4SF","wC",49.558,12.8125535353535,-0.534922944483471,-0.482737442398156
"2068","global","fen","4","snowfence","D4SF","wN",1.4139,0.219539181818182,-0.135145849870814,-1.39129636446762
"2069","global","fen","5","control","D5C","CN_ratio",27.84829998682,45.658943362727,0.905939354970853,1.70325418017806
"2070","global","fen","5","control","D5C","LDMC",0.379515446456072,0.00228102511129072,-1.33957868271595,1.63431780958826
"2071","global","fen","5","control","D5C","SLA",119.718376778368,1262.17566614501,0.266292384462761,-1.00422804722905
"2072","global","fen","5","control","D5C","d13C",-28.8039,1.24687857575758,-0.0590835079563664,-0.733604280689112
"2073","global","fen","5","control","D5C","d15N",-1.9963,7.34995485858586,-0.839158367772416,-0.230798207987431
"2074","global","fen","5","control","D5C","dweight",0.0560686666666667,0.00208125808939394,1.71934505363349,3.13001934080461
"2075","global","fen","5","control","D5C","fweight",0.165085708333333,0.0155072154316831,1.83562802237054,4.08294563561341
"2076","global","fen","5","control","D5C","height",9.65541666666667,42.9988417157688,1.31494344347079,1.68131098373019
"2077","global","fen","5","control","D5C","leafa",5.88532522572667,17.9758833283618,1.90321417642465,3.62009208518067
"2078","global","fen","5","control","D5C","wC",47.8932,5.64180581818182,-0.676872770167555,1.76280429604011
"2079","global","fen","5","control","D5C","wN",1.871,0.400766666666667,2.99583408734774,10.2858961501898
"2080","global","fen","5","snowfence","D5SF","CN_ratio",43.15952315869,434.143642244894,0.345488419924944,-1.31745510892094
"2081","global","fen","5","snowfence","D5SF","LDMC",0.412943121974333,0.00293696234102026,-1.24680363290374,2.66158205107366
"2082","global","fen","5","snowfence","D5SF","SLA",110.902162837767,1397.1406508667,2.19943574056074,5.44874299179334
"2083","global","fen","5","snowfence","D5SF","d13C",-28.9471,1.29126322222222,-0.465868126075126,-0.432844953875311
"2084","global","fen","5","snowfence","D5SF","d15N",-3.1662,6.54918339393939,-0.36866920525013,-0.91180171812152
"2085","global","fen","5","snowfence","D5SF","dweight",0.0523065833333333,0.00140624217493687,1.67937347459445,1.67505603167515
"2086","global","fen","5","snowfence","D5SF","fweight",0.146534333333333,0.0199663430369669,2.12902433299492,4.00399801164446
"2087","global","fen","5","snowfence","D5SF","height",10.41075,90.3817652847924,2.2353061464303,5.46858089946059
"2088","global","fen","5","snowfence","D5SF","leafa",5.82123899629667,26.9185567447771,2.20151555617432,4.17228404312396
"2089","global","fen","5","snowfence","D5SF","wC",49.8463,8.70304980808081,-0.388192174547689,-1.02826847041478
"2090","global","fen","5","snowfence","D5SF","wN",1.4947,0.282784757575758,0.0140973763175146,-1.23143771747876
"2091","global","heath","1","control","E1C","CN_ratio",49.8032332462,243.448826279757,-0.225854934023814,-0.825064262094239
"2092","global","heath","1","control","E1C","LDMC",0.438854598075942,0.00102206920431262,-0.441622505656497,-0.518771362739059
"2093","global","heath","1","control","E1C","SLA",97.3745389862288,264.336540109548,0.289122594043427,-0.699447065196524
"2094","global","heath","1","control","E1C","d13C",-28.3617,1.41311728282828,-0.621673965457514,-0.942744951434933
"2095","global","heath","1","control","E1C","d15N",-6.8294,3.69434711111111,0.321481721429665,1.68135672254084
"2096","global","heath","1","control","E1C","dweight",0.041713,0.000144575718742985,0.538385361643372,-0.751475978513574
"2097","global","heath","1","control","E1C","fweight",0.09279975,0.000636967970615881,0.37065682229208,-0.707786394794897
"2098","global","heath","1","control","E1C","height",7.65233333333333,13.536663973064,2.35147273019945,7.74863097846074
"2099","global","heath","1","control","E1C","leafa",3.687398126365,0.944207767984913,0.0972387792533732,-0.557847502304659
"2100","global","heath","1","control","E1C","wC",51.8894,2.31349862626263,-0.125545731401664,-0.169795674181483
"2101","global","heath","1","control","E1C","wN",1.1357,0.195059101010101,1.12695926152688,-0.259062112591534
"2102","global","heath","1","snowfence","E1SF","CN_ratio",47.7636157378,299.676063027497,0.131773788160866,-1.17255809275294
"2103","global","heath","1","snowfence","E1SF","LDMC",0.430984806797687,0.000839629391280503,-0.737856709808651,1.61610100401727
"2104","global","heath","1","snowfence","E1SF","SLA",101.622245222339,408.824130703606,0.380350181914889,-0.444016772403101
"2105","global","heath","1","snowfence","E1SF","d13C",-28.7142,1.9037741010101,-0.416722119156398,-0.61758072304158
"2106","global","heath","1","snowfence","E1SF","d15N",-6.2009,4.64315574747475,0.553715328983164,0.028706790761253
"2107","global","heath","1","snowfence","E1SF","dweight",0.04078225,0.000154525014948092,0.134201455068477,-0.422067393095046
"2108","global","heath","1","snowfence","E1SF","fweight",0.0921056666666667,0.000493757755162738,0.197680122902402,0.352237581963642
"2109","global","heath","1","snowfence","E1SF","height",8.79416666666667,18.7338390852974,1.15727961496404,1.04159974916891
"2110","global","heath","1","snowfence","E1SF","leafa",4.1336467328875,1.26509951354217,-0.372757614428999,-0.14330522179393
"2111","global","heath","1","snowfence","E1SF","wC",50.9871,4.74749554545455,-1.0346772804059,1.43398106734941
"2112","global","heath","1","snowfence","E1SF","wN",1.2085,0.206469444444444,0.686837533348483,-1.12859890708818
"2113","global","heath","2","control","E2C","CN_ratio",56.1547196167,184.864515409894,-0.746557794206963,0.726673835195049
"2114","global","heath","2","control","E2C","LDMC",0.445011829606108,0.0011916636877559,-1.35917392616543,2.91661523072555
"2115","global","heath","2","control","E2C","SLA",96.0202096368866,316.466196613723,0.568694035309445,1.01092854888061
"2116","global","heath","2","control","E2C","d13C",-28.171,1.17381313131313,-0.888752651613968,-0.0390434242383715
"2117","global","heath","2","control","E2C","d15N",-6.7225,3.30085126262626,1.07807462345796,0.919437134114721
"2118","global","heath","2","control","E2C","dweight",0.0424305833333333,0.000145462185823513,0.424990472434789,-1.00923810924847
"2119","global","heath","2","control","E2C","fweight",0.10137725,0.00138034183481341,4.20783708608994,28.803526205836
"2120","global","heath","2","control","E2C","height",8.1515,27.3963838103255,3.42430399340676,15.8709707998294
"2121","global","heath","2","control","E2C","leafa",3.99880651342583,0.921742925094487,0.295371546905529,-0.683975944548764
"2122","global","heath","2","control","E2C","wC",52.1212,1.83660864646465,-0.297941979190963,0.0020028788915627
"2123","global","heath","2","control","E2C","wN",0.9397,0.0485584949494949,3.13263657465024,11.9279666631303
"2124","global","heath","2","snowfence","E2SF","CN_ratio",51.3270052206,198.562472895495,-0.457983293430831,-0.246234198657453
"2125","global","heath","2","snowfence","E2SF","LDMC",0.438683792975072,0.00111004598089192,-1.31588014800502,2.65670156923481
"2126","global","heath","2","snowfence","E2SF","SLA",102.232244731574,329.090672597537,0.638322921654026,0.195823849591486
"2127","global","heath","2","snowfence","E2SF","d13C",-28.5402,1.50273329292929,-0.79133052100209,-0.272375908205499
"2128","global","heath","2","snowfence","E2SF","d15N",-6.3155,4.49993005050505,0.882840154959434,-0.0601110886680187
"2129","global","heath","2","snowfence","E2SF","dweight",0.0436391666666667,0.000630967018097643,5.16171015457548,34.2646248858034
"2130","global","heath","2","snowfence","E2SF","fweight",0.101985083333333,0.0023618596538931,3.81385647782507,18.886775223011
"2131","global","heath","2","snowfence","E2SF","height",7.956,25.0208474747475,3.35565894014259,15.4721152120706
"2132","global","heath","2","snowfence","E2SF","leafa",4.431864991235,8.26269039290252,4.73859499708173,25.1885979417999
"2133","global","heath","2","snowfence","E2SF","wC",51.9123,3.6094986969697,-1.25006294616408,2.87014824645841
"2134","global","heath","2","snowfence","E2SF","wN",1.146,0.176040404040404,0.989794069649483,-0.425226653989588
"2135","global","heath","3","control","E3C","CN_ratio",58.5509069563,155.895329317006,-0.342811585244096,0.926769415234934
"2136","global","heath","3","control","E3C","LDMC",0.446564678856463,0.000652621274335375,-1.05391813868339,1.79415162275003
"2137","global","heath","3","control","E3C","SLA",94.1910339025791,177.449453304196,1.05908413422689,2.44560866086771
"2138","global","heath","3","control","E3C","d13C",-27.9971,0.706822818181818,-1.09978076270604,0.821379549022659
"2139","global","heath","3","control","E3C","d15N",-7.0179,2.18495211111111,0.639917490942641,0.250653699459293
"2140","global","heath","3","control","E3C","dweight",0.0434018333333333,0.000131024998007856,0.420594432707604,-0.71693953610081
"2141","global","heath","3","control","E3C","fweight",0.0965445,0.000557822658838384,0.437157235219805,-0.360419316854625
"2142","global","heath","3","control","E3C","height",7.11033333333333,10.0610902356902,2.86600366466684,12.0821798084016
"2143","global","heath","3","control","E3C","leafa",3.90190016563,2.00482717937463,3.66651098507076,23.6757555836947
"2144","global","heath","3","control","E3C","wC",52.3124,1.71365882828283,-0.418526683963341,0.730358258543879
"2145","global","heath","3","control","E3C","wN",0.9795,0.103897727272727,2.04264721789562,3.76652587758754
"2146","global","heath","3","snowfence","E3SF","CN_ratio",52.7815566384,262.833660274504,-0.396288269966265,-0.585445494593012
"2147","global","heath","3","snowfence","E3SF","LDMC",0.442052126483728,0.0007724167961759,-0.595424749000353,0.473517801562624
"2148","global","heath","3","snowfence","E3SF","SLA",99.7449561719832,227.916236815198,1.07789731658432,0.694712772861893
"2149","global","heath","3","snowfence","E3SF","d13C",-28.1465,1.00393611111111,-0.898835575017472,0.288345888874126
"2150","global","heath","3","snowfence","E3SF","d15N",-6.3628,4.37597793939394,0.579669072868552,0.395701714747233
"2151","global","heath","3","snowfence","E3SF","dweight",0.042717,0.000111855137373737,0.60346037749848,-0.353978734531097
"2152","global","heath","3","snowfence","E3SF","fweight",0.0895025833333333,0.000612774682512626,0.770337938226369,0.00654150638372331
"2153","global","heath","3","snowfence","E3SF","height",7.54991666666667,14.0532947460718,2.19813050722043,5.64608254491908
"2154","global","heath","3","snowfence","E3SF","leafa",4.202246236685,0.948199251836084,0.213547674972023,-0.537078424729412
"2155","global","heath","3","snowfence","E3SF","wC",52.0467,3.8262586969697,-2.45718307201931,9.94192517816504
"2156","global","heath","3","snowfence","E3SF","wN",1.0312,0.117982383838384,1.60678001787756,1.54160272381041
"2157","global","heath","4","control","E4C","CN_ratio",55.0904964586,247.755109631116,-0.335223620820167,-0.171009802862335
"2158","global","heath","4","control","E4C","LDMC",0.442453003180718,0.00104806083614022,-2.48088985273835,13.0293359779483
"2159","global","heath","4","control","E4C","SLA",101.162301584799,744.270139859953,2.97163957926494,10.4763705229002
"2160","global","heath","4","control","E4C","d13C",-27.9339,0.778003828282828,-1.19390737803744,2.73401204566415
"2161","global","heath","4","control","E4C","d15N",-6.495,3.68243939393939,0.874672105134791,0.660197373507212
"2162","global","heath","4","control","E4C","dweight",0.0414643333333333,0.000228531874410774,0.102760290436713,-1.08813113938429
"2163","global","heath","4","control","E4C","fweight",0.0923608333333333,0.000701941451318743,0.316648786530156,-0.796827913789037
"2164","global","heath","4","control","E4C","height",6.97316666666667,6.48634060044893,2.43024238291925,14.2009198887688
"2165","global","heath","4","control","E4C","leafa",3.85679771895083,1.96132159030636,0.931786278274732,2.12596984995821
"2166","global","heath","4","control","E4C","wC",52.0669,4.57396908080808,-1.64144244819096,2.95134566265022
"2167","global","heath","4","control","E4C","wN",1.0265,0.208679545454545,4.986850216889,34.2120932542144
"2168","global","heath","4","snowfence","E4SF","CN_ratio",43.3661039966,298.037667457034,0.354013361867678,-1.20389190386745
"2169","global","heath","4","snowfence","E4SF","LDMC",0.424850850130642,0.00121027646849958,-0.0753607697056064,-0.79262172375523
"2170","global","heath","4","snowfence","E4SF","SLA",107.912596088778,315.822693170431,0.455815633472473,-0.637617546450404
"2171","global","heath","4","snowfence","E4SF","d13C",-28.8136,1.72110408080808,-0.235531238685333,-0.96357563226843
"2172","global","heath","4","snowfence","E4SF","d15N",-5.5099,4.80737271717172,0.342475908965341,-0.948675482391441
"2173","global","heath","4","snowfence","E4SF","dweight",0.0558435,0.00235722686108305,2.63636834650706,6.31964183088388
"2174","global","heath","4","snowfence","E4SF","fweight",0.118587416666667,0.0108808207260031,3.48204841121963,11.9111620037852
"2175","global","heath","4","snowfence","E4SF","height",10.1583333333333,39.6510213243547,1.84897151169482,4.66509443413257
"2176","global","heath","4","snowfence","E4SF","leafa",5.97292431864083,23.3920952104928,2.14586102397434,3.7811654120488
"2177","global","heath","4","snowfence","E4SF","wC",51.2399,2.68274443434343,0.264195742308055,-0.890331626687499
"2178","global","heath","4","snowfence","E4SF","wN",1.385,0.248053535353535,-0.0172268769244017,-1.53215583106667
"2179","global","heath","5","control","E5C","CN_ratio",56.2885005308,198.492441548557,-0.555296460474204,0.223919905001751
"2180","global","heath","5","control","E5C","LDMC",0.442033551684029,0.00138489635181595,-0.968367382116954,1.12388990416546
"2181","global","heath","5","control","E5C","SLA",95.1195900381787,346.011339427994,0.56145917973442,-0.0624970430169305
"2182","global","heath","5","control","E5C","d13C",-28.6006,1.84299357575758,-0.46979815484237,-1.11515548465995
"2183","global","heath","5","control","E5C","d15N",-7.2894,3.25665014141414,-0.181674230558929,1.41986861282117
"2184","global","heath","5","control","E5C","dweight",0.042765,0.000126219364478114,0.144839920871028,-0.83332568320615
"2185","global","heath","5","control","E5C","fweight",0.0942373333333333,0.000621745688103255,0.138033328164483,-0.554772392458621
"2186","global","heath","5","control","E5C","height",7.59566666666667,13.896438664422,1.96614609265336,5.30352471823794
"2187","global","heath","5","control","E5C","leafa",3.92717204061333,1.18979620856587,0.119740554485471,-0.756438521360241
"2188","global","heath","5","control","E5C","wC",51.5461,2.4322704949495,0.0167762866509923,-0.366941452393593
"2189","global","heath","5","control","E5C","wN",1.0063,0.0878437474747475,2.16403867533131,4.59931637168455
"2190","global","heath","5","snowfence","E5SF","CN_ratio",51.6939157216,284.562144277356,-0.310093026122857,-0.89797306491053
"2191","global","heath","5","snowfence","E5SF","LDMC",0.424988223891327,0.00183336806913696,-0.893983760780586,1.79574628832195
"2192","global","heath","5","snowfence","E5SF","SLA",100.141279095099,350.216164737214,0.846346232690571,0.441832606678359
"2193","global","heath","5","snowfence","E5SF","d13C",-28.3059,1.36170726262626,-0.949952865533799,0.332024158996814
"2194","global","heath","5","snowfence","E5SF","d15N",-5.9557,5.63178435353535,0.798348543438439,0.66696704535217
"2195","global","heath","5","snowfence","E5SF","dweight",0.05831975,0.00282892796247896,2.30092473208914,4.31950313225591
"2196","global","heath","5","snowfence","E5SF","fweight",0.122515416666667,0.0106817659699425,3.08138834856815,9.65497443119541
"2197","global","heath","5","snowfence","E5SF","height",9.00041666666667,29.081223870651,2.85613534973024,11.2380806227085
"2198","global","heath","5","snowfence","E5SF","leafa",5.16865163198417,12.6396796616126,2.89501032849594,8.46121068896555
"2199","global","heath","5","snowfence","E5SF","wC",51.1714,6.14563842424242,-2.23566991716675,8.64370692594185
"2200","global","heath","5","snowfence","E5SF","wN",1.163,0.209209090909091,1.063198440796,-0.222474414181557
"2201","global","ridge","1","control","X1C","CN_ratio",60.1576006451,513.176918279117,-0.555702760404375,-1.40101543418553
"2202","global","ridge","1","control","X1C","LDMC",0.466242691454878,0.00100155089114254,-0.392160480397873,-0.286619544141205
"2203","global","ridge","1","control","X1C","SLA",97.3322604427304,339.801198472262,-0.352369901793229,0.54790346641867
"2204","global","ridge","1","control","X1C","d13C",-29.0574,0.723550747474747,-0.686210501111431,-0.556544877701272
"2205","global","ridge","1","control","X1C","d15N",-5.2861,2.82598362626263,1.0955221048944,1.48081267756181
"2206","global","ridge","1","control","X1C","dweight",0.03538075,9.72535966540404e-05,0.619306285516001,-0.309674538698171
"2207","global","ridge","1","control","X1C","fweight",0.0728002333333333,0.000303413627863075,0.550013965570244,-0.141281748360433
"2208","global","ridge","1","control","X1C","height",3.01208333333333,2.20226623877666,4.40813493994402,28.4940309736973
"2209","global","ridge","1","control","X1C","leafa",3.41018710386917,0.763803594343029,-0.321899629784366,-0.515095983131976
"2210","global","ridge","1","control","X1C","wC",51.7438,1.63936723232323,-0.785528575901145,1.00252743790898
"2211","global","ridge","1","control","X1C","wN",0.9806,0.206278424242424,1.17913202244493,-0.250718440571204
"2212","global","ridge","1","snowfence","X1SF","CN_ratio",50.4396961268,431.255459558575,0.281241228627159,-1.45271809274113
"2213","global","ridge","1","snowfence","X1SF","LDMC",0.451049237428296,0.00122730448120653,-1.28957081860972,3.33981998078838
"2214","global","ridge","1","snowfence","X1SF","SLA",94.6958029702163,409.147005042296,0.474190172913106,-0.94205459376402
"2215","global","ridge","1","snowfence","X1SF","d13C",-29.593,0.750205050505051,0.211202876619266,-1.07784716556002
"2216","global","ridge","1","snowfence","X1SF","d15N",-5.3103,8.38680293939394,0.148071703906881,0.108314064295051
"2217","global","ridge","1","snowfence","X1SF","dweight",0.0379098333333333,0.00013878446181257,0.158172383744387,-0.892303969595575
"2218","global","ridge","1","snowfence","X1SF","fweight",0.0777764833333333,0.000569586922412739,0.903982889223301,0.584356648830152
"2219","global","ridge","1","snowfence","X1SF","height",3.96641666666667,5.44190159231201,2.6690789382316,8.1952649970836
"2220","global","ridge","1","snowfence","X1SF","leafa",3.41068699728167,0.984802549012832,0.298141055723176,-0.122074668398304
"2221","global","ridge","1","snowfence","X1SF","wC",50.8865,1.8135845959596,-1.03930209455298,3.3617972872954
"2222","global","ridge","1","snowfence","X1SF","wN",1.1565,0.232273484848485,0.59424020225603,-1.19973285716171
"2223","global","ridge","2","control","X2C","CN_ratio",58.2459996869,426.793791104743,-0.416539249913499,-1.49331249735378
"2224","global","ridge","2","control","X2C","LDMC",0.454374575757315,0.00422601463026175,-3.54777820109076,17.1523212841482
"2225","global","ridge","2","control","X2C","SLA",90.8716602838878,469.356653259665,-0.557974260791789,0.844537396705209
"2226","global","ridge","2","control","X2C","d13C",-28.7762,0.497779353535353,-1.16203960651624,1.4866939170044
"2227","global","ridge","2","control","X2C","d15N",-5.318,2.29246060606061,1.44666703249915,3.41309893209157
"2228","global","ridge","2","control","X2C","dweight",0.0359961666666667,9.31252376823794e-05,-0.138104378157793,-0.0424103450603894
"2229","global","ridge","2","control","X2C","fweight",0.076336725,0.000484482576687079,0.259713868673532,-0.403463875327907
"2230","global","ridge","2","control","X2C","height",3.30558333333333,5.15873464506173,2.62572067850416,8.68180129911081
"2231","global","ridge","2","control","X2C","leafa",3.18395370940417,0.876174996919598,-0.229012316520961,-0.0285242170221651
"2232","global","ridge","2","control","X2C","wC",51.4989,1.88602201010101,-1.17971152613047,1.23561849525176
"2233","global","ridge","2","control","X2C","wN",0.9074,0.133896202020202,1.25991785144815,-0.0733695902181313
"2234","global","ridge","2","snowfence","X2SF","CN_ratio",52.0930469381,514.484104878238,0.222043932691564,-1.54957534470027
"2235","global","ridge","2","snowfence","X2SF","LDMC",0.451898257204218,0.00104431833120677,-0.352268550688017,-0.627714669694992
"2236","global","ridge","2","snowfence","X2SF","SLA",98.7092674777363,634.899015186427,-0.807839972987547,0.20346559610207
"2237","global","ridge","2","snowfence","X2SF","d13C",-29.3538,0.922932888888889,-0.288783800034381,-1.12412283098652
"2238","global","ridge","2","snowfence","X2SF","d15N",-4.8787,3.7493892020202,0.871688282776395,0.640295586687814
"2239","global","ridge","2","snowfence","X2SF","dweight",0.0306438333333333,8.87355269640853e-05,0.442849963939891,-0.232385583313325
"2240","global","ridge","2","snowfence","X2SF","fweight",0.0704185083333333,0.000349948512055205,0.0336797607096808,-0.381486193909796
"2241","global","ridge","2","snowfence","X2SF","height",3.44241666666667,7.6665601781706,2.78616385556301,7.97577061998673
"2242","global","ridge","2","snowfence","X2SF","leafa",3.14665731922167,1.09095784843108,0.0950727539843091,-0.259201491917331
"2243","global","ridge","2","snowfence","X2SF","wC",51.0816,2.49531256565657,-0.482730528516823,-0.408686452568628
"2244","global","ridge","2","snowfence","X2SF","wN",1.2256,0.292065292929293,0.236069750957668,-1.71709370864536
"2245","global","ridge","3","control","X3C","CN_ratio",51.9531987625,516.377862605844,0.143488771430635,-1.74573490908224
"2246","global","ridge","3","control","X3C","LDMC",0.447830857725426,0.00129913000735269,-0.00775199964601073,-0.841134222595477
"2247","global","ridge","3","control","X3C","SLA",107.524693327082,341.446515548531,-0.0380991100532919,-1.14931555149344
"2248","global","ridge","3","control","X3C","d13C",-29.5539,1.01406241414141,0.221198805296773,-1.2454544510648
"2249","global","ridge","3","control","X3C","d15N",-4.6868,3.31212096969697,0.653205019792816,-0.105328408243171
"2250","global","ridge","3","control","X3C","dweight",0.03141725,0.000130595980997475,0.566713478255665,-0.196999574101491
"2251","global","ridge","3","control","X3C","fweight",0.067928675,0.000380643143954756,0.324854543470454,-0.143035571541797
"2252","global","ridge","3","control","X3C","height",3.24566666666667,4.28274758698092,3.12757540143312,12.7271296350979
"2253","global","ridge","3","control","X3C","leafa",3.11584546677833,0.766650712609614,0.336133328888586,0.0149077407413798
"2254","global","ridge","3","control","X3C","wC",50.9788,1.84590763636364,0.256465443245839,-1.23602942379889
"2255","global","ridge","3","control","X3C","wN",1.2478,0.228748646464646,0.0196154764034391,-1.47906526114931
"2256","global","ridge","3","snowfence","X3SF","CN_ratio",61.8260240152,454.259295560579,-0.770804886368124,-1.00271003352715
"2257","global","ridge","3","snowfence","X3SF","LDMC",0.461287816191038,0.000929373746502768,-0.436111891379257,-0.213170268854606
"2258","global","ridge","3","snowfence","X3SF","SLA",97.0462045973081,377.286583807692,-0.048686255475366,0.273975955232002
"2259","global","ridge","3","snowfence","X3SF","d13C",-29.2236,0.981411151515152,-0.409277522664965,-1.17868694759213
"2260","global","ridge","3","snowfence","X3SF","d15N",-4.6937,5.09853667676768,1.21762785978058,1.241331085275
"2261","global","ridge","3","snowfence","X3SF","dweight",0.0341075,9.01464162457913e-05,0.170062241313056,-0.0760503456020745
"2262","global","ridge","3","snowfence","X3SF","fweight",0.074677725,0.000512785751821759,0.185330998324038,-0.695737949740433
"2263","global","ridge","3","snowfence","X3SF","height",3.07908333333333,3.89623526234568,3.49202682650772,16.5066119372538
"2264","global","ridge","3","snowfence","X3SF","leafa",3.37715261292333,1.16387639352257,-0.163401704040796,-0.148961923788009
"2265","global","ridge","3","snowfence","X3SF","wC",51.198,2.29889090909091,-0.430606210996822,-0.281225302532656
"2266","global","ridge","3","snowfence","X3SF","wN",0.9887,0.224536676767677,1.15864194851532,-0.372336935759987
"2267","global","ridge","4","control","X4C","CN_ratio",63.08462150661,511.16760106515,-0.967155540818343,-0.496895815276758
"2268","global","ridge","4","control","X4C","LDMC",0.467660715720378,0.00115908161004692,-0.527452005584306,-0.320289417464239
"2269","global","ridge","4","control","X4C","SLA",94.8567566466427,223.777094519123,0.968124850145426,0.297024804633731
"2270","global","ridge","4","control","X4C","d13C",-28.9573,0.780104757575758,-0.668490226574304,-0.536253445363763
"2271","global","ridge","4","control","X4C","d15N",-5.3439,2.00280786868687,0.78856993552678,-0.187207435407503
"2272","global","ridge","4","control","X4C","dweight",0.0353765833333333,0.000137776208887486,0.290025340330054,-0.522338347669292
"2273","global","ridge","4","control","X4C","fweight",0.0755760833333333,0.00052745828655303,0.113291517766882,-0.465344979497411
"2274","global","ridge","4","control","X4C","height",2.95875,1.36930046997755,1.60603131758906,2.95079590203864
"2275","global","ridge","4","control","X4C","leafa",3.50738284251083,1.04591073363648,0.689757226745918,0.861266154110776
"2276","global","ridge","4","control","X4C","wC",51.8009,1.01897190909091,-0.645328774600237,0.0751720748117348
"2277","global","ridge","4","control","X4C","wN",0.9168,0.38262602020202,4.27526562102958,21.1582951564006
"2278","global","ridge","4","snowfence","X4SF","CN_ratio",55.6311185611,527.115914453921,-0.219502777902537,-1.69928831020141
"2279","global","ridge","4","snowfence","X4SF","LDMC",0.463783790809574,0.00088232338233723,-0.193864649398769,-0.645782330199808
"2280","global","ridge","4","snowfence","X4SF","SLA",99.607155221555,247.956158485561,0.341400030954375,-1.18630961081164
"2281","global","ridge","4","snowfence","X4SF","d13C",-29.2798,0.951521171717172,-0.373049849293946,-1.262134178432
"2282","global","ridge","4","snowfence","X4SF","d15N",-4.9265,4.24305328282828,1.09068549201324,0.978127525661956
"2283","global","ridge","4","snowfence","X4SF","dweight",0.03562625,0.000109381431502525,0.0538647227583576,-0.387347373115266
"2284","global","ridge","4","snowfence","X4SF","fweight",0.0759627333333333,0.000424379820203143,0.0852253569485688,-0.511591711866935
"2285","global","ridge","4","snowfence","X4SF","height",3.82225,6.30656433080808,2.82206102966371,8.3926177591795
"2286","global","ridge","4","snowfence","X4SF","leafa",3.47514347559,0.959981332833828,0.160492867434165,-0.474003695413098
"2287","global","ridge","4","snowfence","X4SF","wC",51.3472,1.65084460606061,-0.290287388198775,-1.11238729938955
"2288","global","ridge","4","snowfence","X4SF","wN",1.056,0.27490303030303,0.828866663033447,-1.10435831726551
"2289","global","ridge","5","control","X5C","CN_ratio",58.3953300131,348.066696241761,-0.255425816671444,-1.30009572011819
"2290","global","ridge","5","control","X5C","LDMC",0.447264853077392,0.00204973537258985,-0.371186165029493,-0.99835806915712
"2291","global","ridge","5","control","X5C","SLA",85.2845921303418,1221.8079246214,0.137965454371398,-0.719951528050353
"2292","global","ridge","5","control","X5C","d13C",-28.8139,0.595856353535354,-1.04878751037342,0.00660567242307231
"2293","global","ridge","5","control","X5C","d15N",-4.9787,1.89798718181818,0.763943266382095,0.259669680261777
"2294","global","ridge","5","control","X5C","dweight",0.03052475,0.000143022684420595,0.802586581498834,-0.0453396207300272
"2295","global","ridge","5","control","X5C","fweight",0.0657899166666667,0.000607600216463244,0.726871950851839,-0.372615086277716
"2296","global","ridge","5","control","X5C","height",2.25058333333333,1.21144115460157,0.322722298065399,-0.31130330060737
"2297","global","ridge","5","control","X5C","leafa",2.4997391329875,1.28477447334118,0.325348420873033,-0.679797239445692
"2298","global","ridge","5","control","X5C","wC",50.5665,4.52138257575758,-0.47680166349607,-1.1160562098095
"2299","global","ridge","5","control","X5C","wN",0.9777,0.152981525252525,0.9758788467926,-0.637137896935797
"2300","global","ridge","5","snowfence","X5SF","CN_ratio",55.4630141737,482.431387697867,-0.0587542744376545,-1.64715663007459
"2301","global","ridge","5","snowfence","X5SF","LDMC",0.459656838268277,0.00142073923416153,-0.292323935953633,-0.227072941193477
"2302","global","ridge","5","snowfence","X5SF","SLA",99.5584269152245,340.403261039037,-0.279491833650549,0.588010419841106
"2303","global","ridge","5","snowfence","X5SF","d13C",-29.226,0.829454545454545,-0.318415686354815,-1.07616426320262
"2304","global","ridge","5","snowfence","X5SF","d15N",-5.4164,2.42555862626263,0.837050636358314,-0.137924404639549
"2305","global","ridge","5","snowfence","X5SF","dweight",0.0333874166666667,0.000102330114330808,0.481905859934023,-0.0529179391643209
"2306","global","ridge","5","snowfence","X5SF","fweight",0.0665963083333333,0.000440254290449705,0.438739379038908,-0.323023267545196
"2307","global","ridge","5","snowfence","X5SF","height",2.82483333333333,1.2374648989899,1.35020209436761,1.85929887231729
"2308","global","ridge","5","snowfence","X5SF","leafa",3.06324751157917,0.76733450867735,0.255656828267378,-0.097263954133024
"2309","global","ridge","5","snowfence","X5SF","wC",51.3944,1.89160468686869,-0.604716323825238,-0.275976484720349
"2310","global","ridge","5","snowfence","X5SF","wN",1.0828,0.234592080808081,0.636780777984782,-1.10959228033332
"2311","global","fen","1","control","D1C","CN_ratio",38.0412184207,261.658995493186,1.01519975689294,-0.305982205035426
"2312","global","fen","1","control","D1C","LDMC",0.416313058979069,0.00273321249529247,-0.652041642562296,0.361991471659382
"2313","global","fen","1","control","D1C","SLA",106.64446369253,784.040989838761,1.2985139496576,1.43155391170292
"2314","global","fen","1","control","D1C","d13C",-28.5727,1.10410071717172,-0.276181772133475,-0.310040685320571
"2315","global","fen","1","control","D1C","d15N",-4.2894,9.00503802020202,0.000290936491162167,-0.850182776469675
"2316","global","fen","1","control","D1C","dweight",0.0478786666666667,0.00263603131498317,2.44301710899052,5.88330883219103
"2317","global","fen","1","control","D1C","fweight",0.102374025,0.00792902468973141,2.60773759993588,7.97288611771017
"2318","global","fen","1","control","D1C","height",9.95458333333333,120.167929819024,2.52343369448808,6.58563975818293
"2319","global","fen","1","control","D1C","leafa",5.07438334880167,18.5234191446341,2.02322083260722,3.99733729177686
"2320","global","fen","1","control","D1C","wC",49.9683,8.11431324242424,-0.290955015704977,-1.48345603922136
"2321","global","fen","1","control","D1C","wN",1.4471,0.237441,0.136583803621439,-0.751366367337353
"2322","global","fen","1","snowfence","D1SF","CN_ratio",37.6275271397,323.041896045722,1.22376721394656,0.29427704250521
"2323","global","fen","1","snowfence","D1SF","LDMC",0.407772387303151,0.00163144672222197,0.0829048452027755,0.0721744239075672
"2324","global","fen","1","snowfence","D1SF","SLA",103.128928312929,526.857009121541,0.0802013587551155,0.0858081295499629
"2325","global","fen","1","snowfence","D1SF","d13C",-28.8174,1.38901943434343,0.0822817672926406,-1.1805811168911
"2326","global","fen","1","snowfence","D1SF","d15N",-2.9456,9.01178246464647,-0.44175390962999,-0.84499012559544
"2327","global","fen","1","snowfence","D1SF","dweight",0.04508125,0.000946489437955948,1.62951318753262,1.89602866423023
"2328","global","fen","1","snowfence","D1SF","fweight",0.1287735,0.0113200826871212,1.94220250678225,4.00673919453628
"2329","global","fen","1","snowfence","D1SF","height",9.70283333333333,86.707904349046,2.29846925609687,6.19238989103579
"2330","global","fen","1","snowfence","D1SF","leafa",4.76184937872,9.44157107899641,3.09387181293541,14.0134601140042
"2331","global","fen","1","snowfence","D1SF","wC",49.3541,6.74400423232323,-0.495515458041436,0.668559914757659
"2332","global","fen","1","snowfence","D1SF","wN",1.572,0.192242424242424,-0.522740674159465,-0.488217370244287
"2333","global","fen","2","control","D2C","CN_ratio",29.1780213946,75.3023565977018,3.26041182797238,16.2617318162893
"2334","global","fen","2","control","D2C","LDMC",0.393223460794402,0.00139729271792341,-0.303100012457969,2.0536345248869
"2335","global","fen","2","control","D2C","SLA",103.395405271981,875.888241124537,1.1786030490895,1.09543102128377
"2336","global","fen","2","control","D2C","d13C",-28.1631,1.09992867676768,-1.08666546139467,0.8447543803613
"2337","global","fen","2","control","D2C","d15N",-1.2393,4.97178637373737,-1.89877586473164,3.48625245216089
"2338","global","fen","2","control","D2C","dweight",0.0555296666666667,0.00100896244012346,0.0278741922650187,-1.42809312020591
"2339","global","fen","2","control","D2C","fweight",0.133623875,0.00697744951228079,0.2597371954857,-1.36626714848899
"2340","global","fen","2","control","D2C","height",8.59275,22.3519173049944,0.0893599713924282,-1.17054097368431
"2341","global","fen","2","control","D2C","leafa",4.77609026096333,5.7932767025307,0.0537158833120025,-1.07461487074322
"2342","global","fen","2","control","D2C","wC",47.4413,5.16867405050505,-0.418490522373394,3.44608265686093
"2343","global","fen","2","control","D2C","wN",1.7059,0.127135545454545,1.06387179944411,5.77648253057567
"2344","global","fen","2","snowfence","D2SF","CN_ratio",31.1679443712,139.756107717143,2.57659304519903,7.23325065540472
"2345","global","fen","2","snowfence","D2SF","LDMC",0.378946440912625,0.00262951127060788,0.0377603405343305,0.635782904404333
"2346","global","fen","2","snowfence","D2SF","SLA",108.599997168743,678.91762309175,0.589236890145517,0.75889593188048
"2347","global","fen","2","snowfence","D2SF","d13C",-28.1556,1.07145923232323,-0.738627652227119,-0.0842935257045694
"2348","global","fen","2","snowfence","D2SF","d15N",-1.3132,4.8456644040404,-1.10135475207175,0.409907757480197
"2349","global","fen","2","snowfence","D2SF","dweight",0.0445711666666667,0.00091486185805275,0.648423530124661,-0.874585868455696
"2350","global","fen","2","snowfence","D2SF","fweight",0.119597266666667,0.00754833522640404,0.708110678409918,-0.798258542058952
"2351","global","fen","2","snowfence","D2SF","height",6.72333333333333,19.2009974747475,0.565462499671823,-0.75375013272063
"2352","global","fen","2","snowfence","D2SF","leafa",4.19244952123333,5.37726240210987,0.520505003559348,-0.652910149306823
"2353","global","fen","2","snowfence","D2SF","wC",47.558,6.16383232323232,0.60651079163394,1.7507377179621
"2354","global","fen","2","snowfence","D2SF","wN",1.7016,0.187488323232323,1.2996073616942,5.00575458041334
"2355","global","fen","3","control","D3C","CN_ratio",29.4276441837,65.630456553869,1.8896958632311,6.08143495572409
"2356","global","fen","3","control","D3C","LDMC",0.387480124272871,0.001486285909985,-0.0830990040686985,2.75914390124731
"2357","global","fen","3","control","D3C","SLA",100.13390940026,654.943157984633,1.33048252313688,3.45063989686414
"2358","global","fen","3","control","D3C","d13C",-27.7165,0.828309848484848,-1.18366794722465,1.31759191054792
"2359","global","fen","3","control","D3C","d15N",-0.7852,4.7054736969697,-2.00180799693941,4.82188775331352
"2360","global","fen","3","control","D3C","dweight",0.051895,0.00121245789842873,0.107872727751234,-1.5461227761758
"2361","global","fen","3","control","D3C","fweight",0.132149833333333,0.0080522528380752,0.202235030946112,-1.4619311105487
"2362","global","fen","3","control","D3C","height",9.47708333333333,23.1621385732323,-0.0660880915713162,-1.04152982653304
"2363","global","fen","3","control","D3C","leafa",4.17780126627833,6.46705446873531,0.468797392000355,-1.10103161136105
"2364","global","fen","3","control","D3C","wC",47.0424,1.31790933333333,2.66865981023398,12.1842241263459
"2365","global","fen","3","control","D3C","wN",1.7041,0.11977796969697,-0.454660578404858,-0.729599053113951
"2366","global","fen","3","snowfence","D3SF","CN_ratio",28.2094638688,44.5001814115016,1.52661079267499,2.62728073990933
"2367","global","fen","3","snowfence","D3SF","LDMC",0.395777894127593,0.00102629784679886,0.621112153159242,2.10789809356686
"2368","global","fen","3","snowfence","D3SF","SLA",92.1328692071819,373.691379227581,0.75511387879802,0.25554511114256
"2369","global","fen","3","snowfence","D3SF","d13C",-27.7897,0.716398898989899,-1.45190387134799,2.39074484787328
"2370","global","fen","3","snowfence","D3SF","d15N",-0.9693,6.27547122222222,-1.716198205771,2.2922878515877
"2371","global","fen","3","snowfence","D3SF","dweight",0.051328,0.0010763502167789,0.073678669984318,-1.52500910793689
"2372","global","fen","3","snowfence","D3SF","fweight",0.147785641666667,0.00982149722195363,0.953807783656235,2.28322321038173
"2373","global","fen","3","snowfence","D3SF","height",8.916,13.0569832772166,-0.0731625672089892,-0.936558094759099
"2374","global","fen","3","snowfence","D3SF","leafa",4.75926732845667,7.64511406067058,0.211134787428605,-0.545306294407362
"2375","global","fen","3","snowfence","D3SF","wC",47.065,4.42137474747475,-0.687524847655832,5.27653952350191
"2376","global","fen","3","snowfence","D3SF","wN",1.7241,0.0687557474747475,0.153704265229023,1.30901265985181
"2377","global","fen","4","control","D4C","CN_ratio",32.9433632604,234.746676400592,1.6871010043523,1.64608612641919
"2378","global","fen","4","control","D4C","LDMC",0.397322030126721,0.00421382926402949,-0.244560509478627,-0.317557305199522
"2379","global","fen","4","control","D4C","SLA",116.525185152711,988.058525602147,0.351885473304962,-0.645423190392236
"2380","global","fen","4","control","D4C","d13C",-28.291,0.970475757575757,-0.495973163259429,0.41441462548643
"2381","global","fen","4","control","D4C","d15N",-1.5151,8.58458685858586,-0.928771546788743,-0.67292210806091
"2382","global","fen","4","control","D4C","dweight",0.0314249166666667,0.000444262956642817,1.65182114934001,3.30599281453653
"2383","global","fen","4","control","D4C","fweight",0.0812597583333333,0.00316814377573366,1.40319971512243,2.02367588296016
"2384","global","fen","4","control","D4C","height",6.5845,9.66482606621773,1.26363813114839,1.78445403742994
"2385","global","fen","4","control","D4C","leafa",3.30663251485333,4.24457989163157,0.658810370093655,-0.45360942432664
"2386","global","fen","4","control","D4C","wC",48.1045,7.7858452020202,0.896126342252255,-0.857828386418368
"2387","global","fen","4","control","D4C","wN",1.6656,0.136513777777778,-0.553351664161339,-0.0213742260534251
"2388","global","fen","4","snowfence","D4SF","CN_ratio",40.1846079863,324.728476205325,0.689055514177575,-0.901510461031333
"2389","global","fen","4","snowfence","D4SF","LDMC",0.406464105427614,0.00219412827684704,0.356959239595199,-0.377538741276517
"2390","global","fen","4","snowfence","D4SF","SLA",108.935503772802,807.545046698829,1.0049997237535,0.279611618644053
"2391","global","fen","4","snowfence","D4SF","d13C",-28.257,0.787358585858586,-0.487416401060918,-0.100348226987728
"2392","global","fen","4","snowfence","D4SF","d15N",-3.2592,12.4112377373737,-0.12551584234963,-1.57389224931544
"2393","global","fen","4","snowfence","D4SF","dweight",0.0330260833333333,0.000380214923758418,1.67672280000668,3.89356431425326
"2394","global","fen","4","snowfence","D4SF","fweight",0.0911204,0.00384310304304826,1.65278473548683,2.44081655281849
"2395","global","fen","4","snowfence","D4SF","height",6.5745,16.1221265712682,1.3468610019133,2.07957076226457
"2396","global","fen","4","snowfence","D4SF","leafa",3.69823242822583,3.36352451573007,1.20972907505016,3.43021856105597
"2397","global","fen","4","snowfence","D4SF","wC",49.0469,9.70231655555555,-0.354287047961455,-0.276622682312647
"2398","global","fen","4","snowfence","D4SF","wN",1.467,0.276956565656566,0.407865434311631,0.961177766010433
"2399","global","fen","5","control","D5C","CN_ratio",26.68143809333,56.7686731485014,0.249405966916231,1.31522599701323
"2400","global","fen","5","control","D5C","LDMC",0.38012490354322,0.00198136921777178,-1.29032503179584,2.23582104461835
"2401","global","fen","5","control","D5C","SLA",122.263917884808,1690.67043081476,1.08136310167255,1.19650087430396
"2402","global","fen","5","control","D5C","d13C",-28.8151,1.71398483838384,-0.219855705133877,-1.15911323290469
"2403","global","fen","5","control","D5C","d15N",-2.4235,6.80122904040404,-0.931708233702352,0.209593770868537
"2404","global","fen","5","control","D5C","dweight",0.0593231666666667,0.00188052776596521,1.559833767488,2.6475636489773
"2405","global","fen","5","control","D5C","fweight",0.156783125,0.0142053733967926,1.54526532207479,2.22344075007586
"2406","global","fen","5","control","D5C","height",10.75575,90.3386008627946,2.41135085733819,6.24981861173601
"2407","global","fen","5","control","D5C","leafa",6.28019901198833,21.7766621331781,2.16082257345469,4.86834972350398
"2408","global","fen","5","control","D5C","wC",47.8346,4.17280690909091,0.74904905112623,-0.640645953725175
"2409","global","fen","5","control","D5C","wN",1.8405,0.334491666666667,3.1666701724663,13.1419755204128
"2410","global","fen","5","snowfence","D5SF","CN_ratio",42.6920224738,425.147423871454,0.579618262612923,-0.967768278261511
"2411","global","fen","5","snowfence","D5SF","LDMC",0.403481816417711,0.00483222566770673,-1.10664948988616,0.873112408952464
"2412","global","fen","5","snowfence","D5SF","SLA",114.667583023984,1846.16517234245,1.88965052918014,3.73154479698383
"2413","global","fen","5","snowfence","D5SF","d13C",-28.923,1.04087777777778,-0.373256392954259,-0.241977423447903
"2414","global","fen","5","snowfence","D5SF","d15N",-3.1193,7.48061465656566,-0.397158471316507,-1.01696902886691
"2415","global","fen","5","snowfence","D5SF","dweight",0.059475,0.00308043979236813,1.98497639383325,2.91406070400641
"2416","global","fen","5","snowfence","D5SF","fweight",0.153990808333333,0.0204381350653964,1.91272729095685,3.13188539794415
"2417","global","fen","5","snowfence","D5SF","height",9.986,122.791686139169,2.55074762036048,6.5132045774085
"2418","global","fen","5","snowfence","D5SF","leafa",6.684995816355,24.3126202518168,1.3644343088464,1.02976135572022
"2419","global","fen","5","snowfence","D5SF","wC",50.0797,7.83072617171717,-0.503848780885624,-0.861819650212959
"2420","global","fen","5","snowfence","D5SF","wN",1.5268,0.413537131313131,1.15630786761537,3.87416562842273
"2421","global","heath","1","control","E1C","CN_ratio",52.696249731,234.06133931698,-0.557888187198373,-0.633332160957754
"2422","global","heath","1","control","E1C","LDMC",0.439349663986854,0.000959086206767361,-0.494559380976431,-0.462977411697
"2423","global","heath","1","control","E1C","SLA",97.7561684220193,286.579067255513,0.685453851627269,0.634988654007679
"2424","global","heath","1","control","E1C","d13C",-28.3312,1.51420258585859,-0.73975815487287,-0.59763197531932
"2425","global","heath","1","control","E1C","d15N",-7.0499,3.81657877777778,0.104068091971204,-0.207639605656031
"2426","global","heath","1","control","E1C","dweight",0.0406815833333333,0.000147764106755051,0.348329164571661,-0.614791127214841
"2427","global","heath","1","control","E1C","fweight",0.0950775833333333,0.000616755947944725,0.264141181182256,-0.772147114955964
"2428","global","heath","1","control","E1C","height",7.82366666666667,14.3178952300786,1.92225813464072,4.81369331146973
"2429","global","heath","1","control","E1C","leafa",3.95935135012917,1.25383141510608,0.306483752273763,-0.605452416619738
"2430","global","heath","1","control","E1C","wC",51.9647,2.45067970707071,-0.882691106342839,2.0461674122296
"2431","global","heath","1","control","E1C","wN",1.0822,0.14568804040404,1.44429482832334,0.714914683571343
"2432","global","heath","1","snowfence","E1SF","CN_ratio",48.7001461863,253.391377353064,-0.233440618691722,-1.08475267843448
"2433","global","heath","1","snowfence","E1SF","LDMC",0.432696709639863,0.000932414519824431,-0.576161520011838,1.86287708862454
"2434","global","heath","1","snowfence","E1SF","SLA",105.184596979168,549.905107303333,1.63113478404364,6.88443962713385
"2435","global","heath","1","snowfence","E1SF","d13C",-28.8905,1.85671388888889,-0.398394304282317,-0.87392514380885
"2436","global","heath","1","snowfence","E1SF","d15N",-6.4089,5.98891493939394,0.549789701351369,0.00915093399414868
"2437","global","heath","1","snowfence","E1SF","dweight",0.0410168333333333,0.000152176826571268,0.375374805866227,-0.180472099482576
"2438","global","heath","1","snowfence","E1SF","fweight",0.0954269166666667,0.000512594647664141,0.158784431621463,0.25166017701924
"2439","global","heath","1","snowfence","E1SF","height",9.60858333333333,28.8785710648148,1.29951669090774,0.818430923580383
"2440","global","heath","1","snowfence","E1SF","leafa",4.14820297730583,0.919045273084737,-0.139920550791329,0.079544700238027
"2441","global","heath","1","snowfence","E1SF","wC",51.1082,3.44732602020202,-0.4030394223459,0.497233218609735
"2442","global","heath","1","snowfence","E1SF","wN",1.1649,0.204287868686869,0.995883658803593,-0.492394029690328
"2443","global","heath","2","control","E2C","CN_ratio",54.2395964643,192.472679786761,-0.95656644534256,0.243040678338406
"2444","global","heath","2","control","E2C","LDMC",0.441530767247066,0.000931379183314497,-0.962517361008159,2.29418012915906
"2445","global","heath","2","control","E2C","SLA",93.5450904915098,183.327960129385,0.742691974864168,0.769531099565786
"2446","global","heath","2","control","E2C","d13C",-28.2519,1.26597918181818,-1.02537266086654,0.171432547038832
"2447","global","heath","2","control","E2C","d15N",-6.7957,3.86237223232323,1.11476197341896,2.45954244746302
"2448","global","heath","2","control","E2C","dweight",0.0448749166666667,0.000629802952434063,5.05821095886061,33.3322148315853
"2449","global","heath","2","control","E2C","fweight",0.100482333333333,0.00150218014349046,3.69882407265706,24.3088986185566
"2450","global","heath","2","control","E2C","height",7.09625,7.80165877525253,1.83841335851838,5.16699867191906
"2451","global","heath","2","control","E2C","leafa",3.80280284188917,1.29099175675366,0.304637876197546,0.0188255693909012
"2452","global","heath","2","control","E2C","wC",52.1565,1.81161287878788,-0.551742959649595,-0.00781197841464376
"2453","global","heath","2","control","E2C","wN",0.9346,0.043926101010101,2.71591951676298,9.77993923411772
"2454","global","heath","2","snowfence","E2SF","CN_ratio",52.1565953847,210.226415483249,-0.5184287636114,-0.203914830188717
"2455","global","heath","2","snowfence","E2SF","LDMC",0.436066787654194,0.000984442949005077,-0.465211540561742,-0.416793731217247
"2456","global","heath","2","snowfence","E2SF","SLA",96.3068213403991,223.491634997191,0.575372216123426,-0.00095498581322051
"2457","global","heath","2","snowfence","E2SF","d13C",-28.4962,1.57119753535354,-0.73663072459095,-0.495587530709654
"2458","global","heath","2","snowfence","E2SF","d15N",-6.5873,5.06115324242424,0.576586906562015,0.405587668356138
"2459","global","heath","2","snowfence","E2SF","dweight",0.0463236666666667,0.00121706982845118,3.72353058238311,15.5150484877746
"2460","global","heath","2","snowfence","E2SF","fweight",0.0952525,0.0016727395770202,3.63303919917241,21.4536837645523
"2461","global","heath","2","snowfence","E2SF","height",8.11983333333333,30.4864811728395,2.91408866527518,10.6969079065873
"2462","global","heath","2","snowfence","E2SF","leafa",4.54887686197667,6.64164640687744,2.63896204459839,7.34747538885922
"2463","global","heath","2","snowfence","E2SF","wC",52.2413,2.90941344444445,-0.582332470454768,-0.172142774836622
"2464","global","heath","2","snowfence","E2SF","wN",1.121,0.176039393939394,1.18415212044847,0.0310731021687989
"2465","global","heath","3","control","E3C","CN_ratio",57.8588457634,101.247168067571,-0.597604093046577,2.31055248669623
"2466","global","heath","3","control","E3C","LDMC",0.444967397399401,0.00102945557480609,-1.58837486456866,4.30898449943676
"2467","global","heath","3","control","E3C","SLA",92.8158240612947,197.702719662637,0.661884108168332,1.18739541578373
"2468","global","heath","3","control","E3C","d13C",-28.0063,0.999092232323232,-1.21323188926968,1.79309493645356
"2469","global","heath","3","control","E3C","d15N",-6.844,3.10553535353535,0.344946921850517,0.434679249076928
"2470","global","heath","3","control","E3C","dweight",0.0436381666666667,0.000130964879601571,0.528388146711644,-0.743958842841149
"2471","global","heath","3","control","E3C","fweight",0.0917746666666667,0.000746953634848485,0.507939132331089,-0.732045111911857
"2472","global","heath","3","control","E3C","height",6.69833333333333,4.60635521885522,0.810366002242507,2.60287895850156
"2473","global","heath","3","control","E3C","leafa",3.95353750422167,0.971463751559074,0.344424906719261,-0.556058979227712
"2474","global","heath","3","control","E3C","wC",52.347,1.79559292929293,-0.188545931362485,-0.334620767227181
"2475","global","heath","3","control","E3C","wN",0.961,0.0730212121212121,2.62116025947235,7.47959160368394
"2476","global","heath","3","snowfence","E3SF","CN_ratio",56.2511254825,220.015536214061,-0.60606290002085,0.0973459715241978
"2477","global","heath","3","snowfence","E3SF","LDMC",0.43976431310878,0.000849488476865635,-0.788440181461566,0.371915229269392
"2478","global","heath","3","snowfence","E3SF","SLA",98.6457422746222,293.123832037943,1.24186711815242,0.680804492473814
"2479","global","heath","3","snowfence","E3SF","d13C",-27.9205,0.878463383838384,-1.27986366754565,1.28840230197586
"2480","global","heath","3","snowfence","E3SF","d15N",-6.5372,3.53247692929293,0.717623260267406,-0.221592095851906
"2481","global","heath","3","snowfence","E3SF","dweight",0.040544,0.000128920359259259,0.696202423746305,-0.433374543873869
"2482","global","heath","3","snowfence","E3SF","fweight",0.0940506666666667,0.000536088280976431,0.565450629636745,-0.0620390247033109
"2483","global","heath","3","snowfence","E3SF","height",8.47125,13.2341461489899,1.47111552360383,2.73834876934197
"2484","global","heath","3","snowfence","E3SF","leafa",3.96236172887417,1.07905017023598,0.30821563238665,-0.642733074909257
"2485","global","heath","3","snowfence","E3SF","wC",52.0429,2.49694605050505,-0.472437777946256,0.0333395481640193
"2486","global","heath","3","snowfence","E3SF","wN",1.0722,0.160766828282828,1.58524436810599,1.15145241946484
"2487","global","heath","4","control","E4C","CN_ratio",53.59795285634,254.252428581458,-0.591994998465819,0.361685166666744
"2488","global","heath","4","control","E4C","LDMC",0.440918187141879,0.00165510462839972,-2.32429974218089,8.71583770869783
"2489","global","heath","4","control","E4C","SLA",99.3770561063462,423.666665625411,3.02567108971729,16.4239679567962
"2490","global","heath","4","control","E4C","d13C",-28.1347,1.21439485858586,-1.09583122369047,0.581015536739984
"2491","global","heath","4","control","E4C","d15N",-6.4225,4.99904722222222,1.49518433903422,2.49035362541385
"2492","global","heath","4","control","E4C","dweight",0.0391864166666667,0.000138472470054714,0.583859753821467,-0.0944358143987243
"2493","global","heath","4","control","E4C","fweight",0.0908018166666667,0.000655728562912177,0.22488524256074,-0.549585004026432
"2494","global","heath","4","control","E4C","height",7.05158333333333,9.13658206369248,1.73877167160758,4.95225818305381
"2495","global","heath","4","control","E4C","leafa",3.840940578875,1.51749051761843,0.303445191899073,0.486433850647528
"2496","global","heath","4","control","E4C","wC",52.2807,2.29070556565657,-1.48423263298561,5.66766335403417
"2497","global","heath","4","control","E4C","wN",0.9659,0.0640991818181818,2.07887528269598,4.41728629985553
"2498","global","heath","4","snowfence","E4SF","CN_ratio",44.588455567,359.462697033461,0.373451961476681,-1.27055047226356
"2499","global","heath","4","snowfence","E4SF","LDMC",0.424428393403395,0.00115032204959034,-0.0858692667495003,-0.631489526980288
"2500","global","heath","4","snowfence","E4SF","SLA",106.353599029842,272.137202797686,0.269140147692083,-1.14642532157314
"2501","global","heath","4","snowfence","E4SF","d13C",-28.7914,1.84057377777778,-0.300911788254211,-0.937297609610773
"2502","global","heath","4","snowfence","E4SF","d15N",-5.5961,5.04244423232323,0.752383404519803,-0.266689529603609
"2503","global","heath","4","snowfence","E4SF","dweight",0.0440411666666667,0.00106150414677329,4.2270632469659,19.8358112050111
"2504","global","heath","4","snowfence","E4SF","fweight",0.130041583333333,0.0146947117922208,2.73330073811451,6.9050611367242
"2505","global","heath","4","snowfence","E4SF","height",10.03175,50.735887619248,2.60315501960789,7.77772122825004
"2506","global","heath","4","snowfence","E4SF","leafa",4.76450493222167,7.29962860791636,3.43631744222407,15.0835129306567
"2507","global","heath","4","snowfence","E4SF","wC",51.0643,3.81913788888889,-0.78375015886949,3.35885551852945
"2508","global","heath","4","snowfence","E4SF","wN",1.426,0.254220202020202,0.0174942014006476,-1.50843943935951
"2509","global","heath","5","control","E5C","CN_ratio",54.6714192611,195.501685805028,-0.647713731965398,0.150271469522216
"2510","global","heath","5","control","E5C","LDMC",0.447598550451092,0.000895013948187037,-1.27488334008048,3.0909401504637
"2511","global","heath","5","control","E5C","SLA",94.8019898900288,383.691678618025,0.529613295948553,-0.299499509744084
"2512","global","heath","5","control","E5C","d13C",-28.4759,1.48183251515152,-0.485110425307953,-0.887799891383886
"2513","global","heath","5","control","E5C","d15N",-6.999,3.50125555555556,0.9678924822348,2.92807974169345
"2514","global","heath","5","control","E5C","dweight",0.0412325833333333,0.000139255297551908,0.364085164338468,-0.658157706629787
"2515","global","heath","5","control","E5C","fweight",0.0961959166666667,0.000762757798113075,0.390593717481601,-1.09030292845483
"2516","global","heath","5","control","E5C","height",7.15133333333333,12.733267003367,1.88115444694993,4.91603853527566
"2517","global","heath","5","control","E5C","leafa",3.9270903134525,1.27273891121769,0.108852942626248,-0.927323533793523
"2518","global","heath","5","control","E5C","wC",51.4805,4.42878055555556,-1.99022026598513,7.87137712465269
"2519","global","heath","5","control","E5C","wN",1.0305,0.114433080808081,1.76858414950771,2.43058948344056
"2520","global","heath","5","snowfence","E5SF","CN_ratio",50.4216952971,234.864053253728,-0.33033347282877,-0.883486756693002
"2521","global","heath","5","snowfence","E5SF","LDMC",0.43239940572651,0.00118264546244718,-0.530026455508489,-0.680353764352475
"2522","global","heath","5","snowfence","E5SF","SLA",98.0910640864366,217.196073341128,0.725226594475693,0.763251511108802
"2523","global","heath","5","snowfence","E5SF","d13C",-28.3432,1.26732501010101,-0.889949939807363,0.161691120594137
"2524","global","heath","5","snowfence","E5SF","d15N",-5.871,6.13102727272727,0.572691011565155,-0.894656240180865
"2525","global","heath","5","snowfence","E5SF","dweight",0.056663,0.0025639500369248,2.60656402407356,5.93654705259655
"2526","global","heath","5","snowfence","E5SF","fweight",0.15310475,0.0223369702458684,2.08828329079763,3.1909239802267
"2527","global","heath","5","snowfence","E5SF","height",11.49625,90.4610653409091,1.64633666899606,1.8722737021654
"2528","global","heath","5","snowfence","E5SF","leafa",6.09933787806667,24.7506135100817,1.89413060209465,2.74032855500668
"2529","global","heath","5","snowfence","E5SF","wC",51.3934,7.7793762020202,-2.57258185466472,8.12819890086088
"2530","global","heath","5","snowfence","E5SF","wN",1.2028,0.229006222222222,0.913343033416711,-0.605858381642405
"2531","global","ridge","1","control","X1C","CN_ratio",62.577613811,458.188374518747,-0.787971802025856,-0.953502796895051
"2532","global","ridge","1","control","X1C","LDMC",0.466442928578658,0.00101066734748654,-0.379327083582187,-0.617686883578221
"2533","global","ridge","1","control","X1C","SLA",94.5244886800097,224.231111626217,0.466642521978389,0.782808338560592
"2534","global","ridge","1","control","X1C","d13C",-29.0452,0.79090602020202,-0.800872757814272,-0.431745248680875
"2535","global","ridge","1","control","X1C","d15N",-5.1142,2.95601854545455,1.42557089544817,2.86984244524575
"2536","global","ridge","1","control","X1C","dweight",0.0355261666666667,9.53455008698092e-05,0.679045112217294,0.0821295575072982
"2537","global","ridge","1","control","X1C","fweight",0.0773223666666667,0.000345340299939955,-0.0157038123882866,-0.225595396782606
"2538","global","ridge","1","control","X1C","height",3.45033333333333,4.07208322109989,3.22276229802747,13.1995307616531
"2539","global","ridge","1","control","X1C","leafa",3.32555929708333,0.809458499479525,-0.0333741051680339,0.12109756831343
"2540","global","ridge","1","control","X1C","wC",51.6466,1.44112165656566,-0.281823614968703,-1.07048313461836
"2541","global","ridge","1","control","X1C","wN",0.8608,0.147506424242424,1.83426653130165,1.88197786330011
"2542","global","ridge","1","snowfence","X1SF","CN_ratio",50.6393464668,464.508202534049,0.154831714782296,-1.6265834927658
"2543","global","ridge","1","snowfence","X1SF","LDMC",0.451528471310111,0.00140114831675261,-1.48813643709305,3.65141187682596
"2544","global","ridge","1","snowfence","X1SF","SLA",97.374799121376,432.157704267687,0.115774485998914,-1.15560478440695
"2545","global","ridge","1","snowfence","X1SF","d13C",-29.5874,0.748944686868687,0.339655592671008,-1.17665959561119
"2546","global","ridge","1","snowfence","X1SF","d15N",-4.9,10.3479797979798,0.0628393164312131,-0.36360503300449
"2547","global","ridge","1","snowfence","X1SF","dweight",0.036199,0.000103639565488215,0.518055998335162,-0.779126441710609
"2548","global","ridge","1","snowfence","X1SF","fweight",0.08003845,0.00052518067962991,0.590691456320381,-0.132360171462488
"2549","global","ridge","1","snowfence","X1SF","height",4.04175,5.23633627244669,2.09651412300708,5.44666821742701
"2550","global","ridge","1","snowfence","X1SF","leafa",3.36906035266833,0.964464287434653,0.553654632960304,-0.250899550898651
"2551","global","ridge","1","snowfence","X1SF","wC",50.9561,2.39386039393939,-1.11594688866892,2.60381569720141
"2552","global","ridge","1","snowfence","X1SF","wN",1.1964,0.243659636363636,0.465967097445914,-1.34896780905723
"2553","global","ridge","2","control","X2C","CN_ratio",66.4543960579,253.897132140809,-1.18704045780466,0.47326871474588
"2554","global","ridge","2","control","X2C","LDMC",0.469035078651374,0.0012020391304834,-0.681841151380873,-0.378858594391289
"2555","global","ridge","2","control","X2C","SLA",94.8162411442441,304.391688904544,0.324059942388099,1.60834429319476
"2556","global","ridge","2","control","X2C","d13C",-28.9563,0.636680111111111,-0.843861969643664,0.0324224672468216
"2557","global","ridge","2","control","X2C","d15N",-5.5264,1.95061721212121,1.25077631568776,2.81170499077878
"2558","global","ridge","2","control","X2C","dweight",0.0335189166666667,0.000125580633915544,0.293693410553776,-0.203890131891048
"2559","global","ridge","2","control","X2C","fweight",0.07441475,0.000665422412815657,1.93559725947929,8.25865876605854
"2560","global","ridge","2","control","X2C","height",3.243,5.81702962962963,3.17550437837038,10.875950819577
"2561","global","ridge","2","control","X2C","leafa",3.10310203746333,0.650138542087594,-0.323410346415911,0.00870416930462614
"2562","global","ridge","2","control","X2C","wC",51.695,1.83184747474747,-0.897278279348158,0.316126915897094
"2563","global","ridge","2","control","X2C","wN",0.9053,0.13970596969697,1.38038075532804,0.48888287984171
"2564","global","ridge","2","snowfence","X2SF","CN_ratio",51.9473260556,553.695659417216,0.243244455579565,-1.62727509186686
"2565","global","ridge","2","snowfence","X2SF","LDMC",0.458661226824574,0.000958600189045094,0.0761627528411355,-0.388887141449406
"2566","global","ridge","2","snowfence","X2SF","SLA",104.298028624522,654.315570045147,-1.1080472545213,0.609296203267144
"2567","global","ridge","2","snowfence","X2SF","d13C",-29.4891,0.787537565656566,-0.0895517658416553,-1.29988514940815
"2568","global","ridge","2","snowfence","X2SF","d15N",-4.3562,3.52728844444444,0.923390210761133,0.953715721519348
"2569","global","ridge","2","snowfence","X2SF","dweight",0.0322124166666667,8.0259609280303e-05,0.295107671753867,-0.206012848127838
"2570","global","ridge","2","snowfence","X2SF","fweight",0.0684212416666667,0.000341759321752175,0.546887785764258,-0.0252063770734869
"2571","global","ridge","2","snowfence","X2SF","height",3.93541666666667,7.69856674382716,2.04466458148034,4.61704123672382
"2572","global","ridge","2","snowfence","X2SF","leafa",3.38990916832833,1.12621406558431,-0.0498594595120642,-0.475958209616901
"2573","global","ridge","2","snowfence","X2SF","wC",51.2907,2.16515203030303,-0.551650528982526,-0.137763586576962
"2574","global","ridge","2","snowfence","X2SF","wN",1.1156,0.276121858585859,0.530747096151852,-1.43991889024699
"2575","global","ridge","3","control","X3C","CN_ratio",47.5812280334,439.85760481919,0.480710531107166,-1.48042849017652
"2576","global","ridge","3","control","X3C","LDMC",0.441900778342274,0.00136029193092973,0.13600668243811,-0.887922468353862
"2577","global","ridge","3","control","X3C","SLA",109.31993421575,297.86735987902,-0.19995101484186,-1.04159806940412
"2578","global","ridge","3","control","X3C","d13C",-29.6139,0.821688676767677,0.201445160559947,-1.23758134352875
"2579","global","ridge","3","control","X3C","d15N",-4.3267,3.7774991010101,1.0717850229958,1.28626082949201
"2580","global","ridge","3","control","X3C","dweight",0.03043825,0.000108194121906566,0.284081617217422,-0.237131385871083
"2581","global","ridge","3","control","X3C","fweight",0.0697173416666667,0.000456741042237584,0.415922316805459,-0.545488310379158
"2582","global","ridge","3","control","X3C","height",3.12516666666667,3.73010238496072,2.63495589659106,9.59601996515419
"2583","global","ridge","3","control","X3C","leafa",3.13094602043917,0.847617115095341,0.2039164346336,-0.384330391785097
"2584","global","ridge","3","control","X3C","wC",50.7335,1.55004116161616,0.455533401689719,-0.72093377137936
"2585","global","ridge","3","control","X3C","wN",1.3152,0.207071676767677,-0.323133039767317,-1.26139659120644
"2586","global","ridge","3","snowfence","X3SF","CN_ratio",61.8092027403,433.957904159909,-0.688046217452118,-0.995159085502989
"2587","global","ridge","3","snowfence","X3SF","LDMC",0.46138089020308,0.000645941598842102,-0.0326336461067047,-0.189510375097191
"2588","global","ridge","3","snowfence","X3SF","SLA",95.7255371671169,544.676277375564,-0.676291345941423,0.824216100908862
"2589","global","ridge","3","snowfence","X3SF","d13C",-29.1378,0.777795111111111,-0.578374974425254,-0.578908447207957
"2590","global","ridge","3","snowfence","X3SF","d15N",-4.8733,3.79074960606061,1.17798169007403,1.65242449336635
"2591","global","ridge","3","snowfence","X3SF","dweight",0.0340151666666667,9.40366040684624e-05,0.400679090834358,-0.268487865880531
"2592","global","ridge","3","snowfence","X3SF","fweight",0.077691925,0.000406426506715699,0.432147721028893,-0.390637804539674
"2593","global","ridge","3","snowfence","X3SF","height",3.2155,2.95173122895623,2.88875891454372,14.1433187896909
"2594","global","ridge","3","snowfence","X3SF","leafa",3.3123439660925,1.21366791935461,-0.100044197867562,-0.0212793269960128
"2595","global","ridge","3","snowfence","X3SF","wC",51.2757,2.49202071717172,-0.810955926473722,-0.147531929100427
"2596","global","ridge","3","snowfence","X3SF","wN",0.979,0.245829292929293,1.1525463652121,-0.480078592604741
"2597","global","ridge","4","control","X4C","CN_ratio",60.8856837022,486.732542349691,-0.653819866432014,-1.15310070837615
"2598","global","ridge","4","control","X4C","LDMC",0.463699959271691,0.00159967495495774,-2.8300262813063,14.397574348029
"2599","global","ridge","4","control","X4C","SLA",97.1164304197846,337.832680597741,1.80021263221359,3.80502787182618
"2600","global","ridge","4","control","X4C","d13C",-28.9874,0.777700242424242,-0.756158234723238,-0.474152066422413
"2601","global","ridge","4","control","X4C","d15N",-5.3086,2.07814953535354,0.719550511370202,-0.360150663351213
"2602","global","ridge","4","control","X4C","dweight",0.03391475,9.32368951388889e-05,0.34294344013061,-0.0489695469754547
"2603","global","ridge","4","control","X4C","fweight",0.0758095083333333,0.000440611045371703,0.25220675104492,-0.410504179659521
"2604","global","ridge","4","control","X4C","height",3.29675,5.68926332070707,3.73117736383076,13.7334526585382
"2605","global","ridge","4","control","X4C","leafa",3.2970705823275,0.835368532344214,0.880555689771209,1.68884920595979
"2606","global","ridge","4","control","X4C","wC",51.6171,1.73621675757576,-1.23474939918367,2.56315738674572
"2607","global","ridge","4","control","X4C","wN",0.9624,0.213321454545455,1.22917894881614,-0.124286956324959
"2608","global","ridge","4","snowfence","X4SF","CN_ratio",54.8514480756,561.442772972215,-0.068150146666104,-1.75705195112409
"2609","global","ridge","4","snowfence","X4SF","LDMC",0.461714048631024,0.00132713412103051,0.0449002905562106,0.0132813684964952
"2610","global","ridge","4","snowfence","X4SF","SLA",102.284227087912,333.618071682547,0.314625685556163,-1.22995692351701
"2611","global","ridge","4","snowfence","X4SF","d13C",-29.2523,0.865250212121212,-0.318308126565753,-1.14173470916479
"2612","global","ridge","4","snowfence","X4SF","d15N",-4.7654,3.65535438383838,0.889572427317377,0.673975875625489
"2613","global","ridge","4","snowfence","X4SF","dweight",0.0349416666666667,0.000122965122053872,0.403836356659782,-0.150703509824885
"2614","global","ridge","4","snowfence","X4SF","fweight",0.0751756,0.000395216527372054,0.39912294873746,-0.517844084899758
"2615","global","ridge","4","snowfence","X4SF","height",2.94216666666667,1.06561422558923,1.6698757269489,4.70390402468502
"2616","global","ridge","4","snowfence","X4SF","leafa",3.46287037916417,0.880008691649082,0.508545414598752,-0.145450909151297
"2617","global","ridge","4","snowfence","X4SF","wC",51.3719,1.73884382828283,-0.499159662932215,-0.903821303278975
"2618","global","ridge","4","snowfence","X4SF","wN",1.1289,0.296042212121212,0.550270045188538,-1.52676420133898
"2619","global","ridge","5","control","X5C","CN_ratio",56.8009947147,357.116801521727,-0.278874432450172,-1.34810002607789
"2620","global","ridge","5","control","X5C","LDMC",0.446748457633447,0.00180785523305212,-0.548590748501681,-0.0694937983153561
"2621","global","ridge","5","control","X5C","SLA",86.2286576375918,1108.46420046553,-0.146159803820651,-1.18592569942904
"2622","global","ridge","5","control","X5C","d13C",-29.0106,0.595743070707071,-0.777367528515893,-0.602291742942509
"2623","global","ridge","5","control","X5C","d15N",-5.0645,1.43117247474747,0.833482454373041,0.541042149074531
"2624","global","ridge","5","control","X5C","dweight",0.0284364166666667,0.000110075411973906,0.755415493253157,0.422059020886167
"2625","global","ridge","5","control","X5C","fweight",0.0695346666666667,0.000486249361279461,0.696622114555216,-0.31431418617814
"2626","global","ridge","5","control","X5C","height",2.25516666666667,1.10064503367003,0.202984465404432,-0.326191777540154
"2627","global","ridge","5","control","X5C","leafa",2.29633865445417,1.19268479901216,0.399033682703492,-1.03595788645772
"2628","global","ridge","5","control","X5C","wC",50.9434,4.40198226262627,-0.666028632188174,-1.05871958867503
"2629","global","ridge","5","control","X5C","wN",1.0166,0.177489333333333,0.815816121762858,-1.04792466412342
"2630","global","ridge","5","snowfence","X5SF","CN_ratio",58.9947291741,496.71376899004,-0.209976878890951,-1.62126606552587
"2631","global","ridge","5","snowfence","X5SF","LDMC",0.463506865373101,0.00153428058996616,-0.300852853929186,-0.87343580972511
"2632","global","ridge","5","snowfence","X5SF","SLA",97.9206848172609,310.234905489298,0.371298408404616,0.231325539145715
"2633","global","ridge","5","snowfence","X5SF","d13C",-29.1824,0.875687111111111,-0.0968535358448364,-0.717699337116251
"2634","global","ridge","5","snowfence","X5SF","d15N",-5.2639,3.37329473737374,1.36752902531058,1.73028063830738
"2635","global","ridge","5","snowfence","X5SF","dweight",0.03095775,0.000107408998674242,0.705633333719936,0.186055147074344
"2636","global","ridge","5","snowfence","X5SF","fweight",0.0679923916666667,0.000366621542180906,0.591061040277135,0.121266862267002
"2637","global","ridge","5","snowfence","X5SF","height",2.86616666666667,2.42519194725028,4.27247855567472,25.5358454204425
"2638","global","ridge","5","snowfence","X5SF","leafa",3.17133661530583,0.937745954487694,-0.101139743449986,0.00400959191686923
"2639","global","ridge","5","snowfence","X5SF","wC",51.2222,2.15649208080808,-0.683263295629694,0.065287628323857
"2640","global","ridge","5","snowfence","X5SF","wN",0.9897,0.175144353535354,0.985617842055848,-0.432862061475492
"2641","global","fen","1","control","D1C","CN_ratio",40.4412800069,261.847374829404,1.02796017069913,0.285781174107966
"2642","global","fen","1","control","D1C","LDMC",0.399625805484385,0.00333924017506643,-0.546806315489649,0.384112450573888
"2643","global","fen","1","control","D1C","SLA",104.321019614707,616.463227973459,1.01058554822109,1.70080807193182
"2644","global","fen","1","control","D1C","d13C",-28.5968,1.08972703030303,-0.345624055799629,-0.171059918567192
"2645","global","fen","1","control","D1C","d15N",-3.9683,9.81219001010101,0.0148328260798629,-1.27247892460959
"2646","global","fen","1","control","D1C","dweight",0.0468440833333333,0.00169097838705808,2.39734124690191,6.66161889462392
"2647","global","fen","1","control","D1C","fweight",0.138119966666667,0.0232920025987643,2.21211350817761,4.1894816342343
"2648","global","fen","1","control","D1C","height",7.53758333333333,47.5300511994949,2.65229040266225,8.44460106067887
"2649","global","fen","1","control","D1C","leafa",4.2353474928725,17.4650666065842,2.7599265250222,7.91384364450284
"2650","global","fen","1","control","D1C","wC",50.1634,7.46999438383838,-0.375854103938523,-1.1938036711006
"2651","global","fen","1","control","D1C","wN",1.4252,0.226411070707071,0.173477618972478,-1.08464817938935
"2652","global","fen","1","snowfence","D1SF","CN_ratio",33.9299274522,222.531124389069,1.63737851919169,1.80611484015946
"2653","global","fen","1","snowfence","D1SF","LDMC",0.390770116613802,0.00202531132945819,0.101464782799324,0.309894814392885
"2654","global","fen","1","snowfence","D1SF","SLA",104.261390006357,635.525576459187,1.11552786824153,1.11543915794667
"2655","global","fen","1","snowfence","D1SF","d13C",-28.8293,1.39273586868687,0.0175089726138306,-1.05111897885106
"2656","global","fen","1","snowfence","D1SF","d15N",-3.1843,8.90029142424243,-0.419289534496405,-0.983249053465977
"2657","global","fen","1","snowfence","D1SF","dweight",0.0520175833333333,0.00225126880316358,2.12452890558403,4.46961345731774
"2658","global","fen","1","snowfence","D1SF","fweight",0.127934441666667,0.00927282293075274,1.93359277910189,5.03825367428685
"2659","global","fen","1","snowfence","D1SF","height",8.11233333333333,33.4400511784512,1.91758222855198,7.10984570701156
"2660","global","fen","1","snowfence","D1SF","leafa",5.7036838504875,19.2088316191777,2.30360459700453,5.66504809662505
"2661","global","fen","1","snowfence","D1SF","wC",49.3534,7.81030347474748,-0.518154568381647,1.06946878968475
"2662","global","fen","1","snowfence","D1SF","wN",1.7121,0.211146050505051,-0.642020282170163,0.0165036190830037
"2663","global","fen","2","control","D2C","CN_ratio",29.5709733774,59.7463017405963,2.00692376230073,4.7997625271392
"2664","global","fen","2","control","D2C","LDMC",0.38601158366568,0.0018144482110283,-0.371520986930313,1.98474058691123
"2665","global","fen","2","control","D2C","SLA",100.379901824952,660.55697372778,1.05644097012369,1.25030649628198
"2666","global","fen","2","control","D2C","d13C",-27.955,0.899184848484848,-0.925344962106194,0.356065244961139
"2667","global","fen","2","control","D2C","d15N",-1.9997,8.16712617171717,-1.36644928424474,0.929420075329019
"2668","global","fen","2","control","D2C","dweight",0.0561766666666667,0.00156791616863075,1.01549978048732,1.70877301192414
"2669","global","fen","2","control","D2C","fweight",0.130368558333333,0.00701694425444522,0.505612269685164,-1.18998410453903
"2670","global","fen","2","control","D2C","height",9.10258333333333,23.0167784722222,0.994402931235106,3.9054643712002
"2671","global","fen","2","control","D2C","leafa",5.2748752317225,9.02738236415747,1.5557141451384,6.38160524682638
"2672","global","fen","2","control","D2C","wC",47.2718,5.63964319191919,-1.10397663937685,5.29297553132687
"2673","global","fen","2","control","D2C","wN",1.6898,0.0990201616161616,-0.411548665874406,-0.136552818479571
"2674","global","fen","2","snowfence","D2SF","CN_ratio",32.1513454713,128.150038809753,2.02611752933027,4.40204494012443
"2675","global","fen","2","snowfence","D2SF","LDMC",0.391652999205968,0.00316118783670508,-0.421168966329031,0.461617285043382
"2676","global","fen","2","snowfence","D2SF","SLA",112.754732743146,988.756324218045,0.638974614658842,-0.0578057058758992
"2677","global","fen","2","snowfence","D2SF","d13C",-28.173,1.07128181818182,-0.686875190661018,0.383941027172315
"2678","global","fen","2","snowfence","D2SF","d15N",-1.5863,7.01393263636364,-0.859844685580681,0.189434344789022
"2679","global","fen","2","snowfence","D2SF","dweight",0.04006925,0.000843209818595679,0.801509096615144,-0.790625109931492
"2680","global","fen","2","snowfence","D2SF","fweight",0.102192383333333,0.00678403738413328,1.39215200473189,1.78405737784585
"2681","global","fen","2","snowfence","D2SF","height",6.91891666666667,20.6974983936588,0.819457695987175,0.217954486690655
"2682","global","fen","2","snowfence","D2SF","leafa",3.67787112453583,4.23525254123147,0.390266494709277,-1.02887546625443
"2683","global","fen","2","snowfence","D2SF","wC",47.7236,7.17323135353535,-0.297771205638629,1.08712871727994
"2684","global","fen","2","snowfence","D2SF","wN",1.6233,0.164769808080808,0.0224475983947121,-0.344360445279174
"2685","global","fen","3","control","D3C","CN_ratio",28.3299694097,33.5144372036541,1.3490326980064,1.86897543064551
"2686","global","fen","3","control","D3C","LDMC",0.382334328790116,0.00152731255212675,-0.0180290879597108,2.31257535202704
"2687","global","fen","3","control","D3C","SLA",93.1809374749514,444.262755373151,0.58826643227245,-0.545100781833716
"2688","global","fen","3","control","D3C","d13C",-27.7602,0.470476727272728,-0.65276521217219,0.885732940081507
"2689","global","fen","3","control","D3C","d15N",-0.4889,2.66626443434343,-2.50687478653772,8.55600117873061
"2690","global","fen","3","control","D3C","dweight",0.047711,0.00104807186992144,0.233689107546315,-1.51884400528211
"2691","global","fen","3","control","D3C","fweight",0.13776775,0.00756435981713664,0.165487838867006,-1.4672071778494
"2692","global","fen","3","control","D3C","height",9.22358333333333,17.9730486181257,-0.377220371589238,-0.914314622462108
"2693","global","fen","3","control","D3C","leafa",4.89150334952333,6.46010521569915,-0.0789146235087456,-1.29285167687193
"2694","global","fen","3","control","D3C","wC",47.3824,2.83179822222222,1.95583024671415,3.72466379172795
"2695","global","fen","3","control","D3C","wN",1.7288,0.10124501010101,-0.132144604945238,-0.362551664536201
"2696","global","fen","3","snowfence","D3SF","CN_ratio",27.3265910141,37.2130317871535,2.77679236132727,11.7870628314345
"2697","global","fen","3","snowfence","D3SF","LDMC",0.391027409051294,0.00144799621530825,0.236803720625362,2.5975200732077
"2698","global","fen","3","snowfence","D3SF","SLA",97.0502868511565,524.532682842569,1.23557443348872,1.87441829821601
"2699","global","fen","3","snowfence","D3SF","d13C",-27.7582,0.568073494949495,-1.73306173875733,4.937047196042
"2700","global","fen","3","snowfence","D3SF","d15N",-1.2087,5.31335081818182,-1.47692300991117,1.2723852632188
"2701","global","fen","3","snowfence","D3SF","dweight",0.0579408333333333,0.00148684617915264,0.658411863540495,1.18274537518643
"2702","global","fen","3","snowfence","D3SF","fweight",0.150011833333333,0.0065549787951459,-0.157034690756838,-1.19405517352301
"2703","global","fen","3","snowfence","D3SF","height",9.65825,21.9540565305836,1.0681124571555,4.17776311655358
"2704","global","fen","3","snowfence","D3SF","leafa",4.9280670908875,10.3339037759144,1.54288593889703,5.38194820143972
"2705","global","fen","3","snowfence","D3SF","wC",47.4522,4.17935268686869,-0.0592465482499349,4.7956032237431
"2706","global","fen","3","snowfence","D3SF","wN",1.7134,0.0724529696969697,-0.428821173328614,-0.334355986468197
"2707","global","fen","4","control","D4C","CN_ratio",34.050791098,245.476284758092,1.6276229218061,1.36939297281156
"2708","global","fen","4","control","D4C","LDMC",0.380032464868439,0.00258062908929514,-0.0709207376204178,1.14303139182995
"2709","global","fen","4","control","D4C","SLA",113.301904571059,910.996348793473,0.418881495323899,-0.423625489101685
"2710","global","fen","4","control","D4C","d13C",-28.4763,1.27114677777778,-0.528385538026647,0.0486666411428569
"2711","global","fen","4","control","D4C","d15N",-1.2953,8.57427566666667,-0.973973865470703,-0.590511148523732
"2712","global","fen","4","control","D4C","dweight",0.0317975833333333,0.000462305968427329,1.33002361035173,1.74901708702376
"2713","global","fen","4","control","D4C","fweight",0.0957373166666667,0.00428639020341723,2.04959298360176,6.79961297844983
"2714","global","fen","4","control","D4C","height",6.65333333333333,11.4591947250281,1.66309522076541,4.79464467509854
"2715","global","fen","4","control","D4C","leafa",3.63612191868833,4.05616265721537,0.427474234307372,-0.569975128062951
"2716","global","fen","4","control","D4C","wC",48.3982,8.32384723232323,0.623421539468969,-1.21863088674174
"2717","global","fen","4","control","D4C","wN",1.5639,0.259254333333333,0.0483571645746443,1.00896689447075
"2718","global","fen","4","snowfence","D4SF","CN_ratio",40.6705067265,369.262251693327,0.845283384073211,-0.722685146006896
"2719","global","fen","4","snowfence","D4SF","LDMC",0.410182179458322,0.00274611967777309,0.143760810147592,-0.925861974054624
"2720","global","fen","4","snowfence","D4SF","SLA",111.406170110393,884.748322381994,0.943140237100065,0.168362807427711
"2721","global","fen","4","snowfence","D4SF","d13C",-28.3443,0.896467181818182,-0.473966785612069,-0.211458867010379
"2722","global","fen","4","snowfence","D4SF","d15N",-3.325,13.925598989899,-0.129802221813165,-1.50917324332266
"2723","global","fen","4","snowfence","D4SF","dweight",0.0338164166666667,0.000387691138404882,1.30771367526674,1.99195057557395
"2724","global","fen","4","snowfence","D4SF","fweight",0.08488255,0.00159618742219164,1.38700207831796,2.68982439312902
"2725","global","fen","4","snowfence","D4SF","height",6.36758333333333,15.5557672488777,1.47250867582507,2.8492470338625
"2726","global","fen","4","snowfence","D4SF","leafa",3.7560762750625,3.16382273773568,0.4755537665643,-0.526539548231961
"2727","global","fen","4","snowfence","D4SF","wC",49.1151,12.7846858484848,-0.420661381045186,-0.50714534889943
"2728","global","fen","4","snowfence","D4SF","wN",1.4183,0.312327383838384,0.491606164320744,0.691351563959314
"2729","global","fen","5","control","D5C","CN_ratio",28.2039984651,26.5897599304161,0.555354615803174,-0.260706533749113
"2730","global","fen","5","control","D5C","LDMC",0.373079996525213,0.00249122133484036,-1.01322243677293,0.873052214133209
"2731","global","fen","5","control","D5C","SLA",110.472424252328,1419.92214234029,1.23279215780153,2.06616829879194
"2732","global","fen","5","control","D5C","d13C",-28.78,1.42011111111111,-0.112092371848476,-1.00313463142899
"2733","global","fen","5","control","D5C","d15N",-2.3411,5.78117352525252,-0.581498761753676,-0.844648474246702
"2734","global","fen","5","control","D5C","dweight",0.0598415833333333,0.00250302979727132,1.59617059216931,2.32976744375258
"2735","global","fen","5","control","D5C","fweight",0.157652983333333,0.0159325131649997,1.37019900959961,1.23023250680626
"2736","global","fen","5","control","D5C","height",10.6523333333333,61.9631314253648,2.546075215364,9.6544011441118
"2737","global","fen","5","control","D5C","leafa",5.77429223278083,14.1044986074402,1.93222562424613,4.50796375212639
"2738","global","fen","5","control","D5C","wC",48.137,4.70689797979798,0.567553648161464,-0.914981587257574
"2739","global","fen","5","control","D5C","wN",1.8355,0.178544191919192,2.72936222815399,17.3068800389135
"2740","global","fen","5","snowfence","D5SF","CN_ratio",42.2484618837,399.690774797941,0.426170834904423,-1.22460659922357
"2741","global","fen","5","snowfence","D5SF","LDMC",0.42069466748831,0.00279704521128357,-1.27205109196444,2.92244438855339
"2742","global","fen","5","snowfence","D5SF","SLA",117.210655678098,2424.5117099626,1.89402839581834,2.57384501555166
"2743","global","fen","5","snowfence","D5SF","d13C",-28.7195,0.843946212121212,-0.431081887744273,-0.733038901262476
"2744","global","fen","5","snowfence","D5SF","d15N",-4.1444,8.79598044444444,-0.280664428337893,-0.943381567999425
"2745","global","fen","5","snowfence","D5SF","dweight",0.06325,0.00332876111391695,1.68105244270151,1.79957345149658
"2746","global","fen","5","snowfence","D5SF","fweight",0.151289583333333,0.0165287174387977,1.77485388075559,2.79635002391262
"2747","global","fen","5","snowfence","D5SF","height",7.5975,35.050302328844,2.04082125900892,4.3601136138111
"2748","global","fen","5","snowfence","D5SF","leafa",5.66371269189667,18.0872553884373,2.1909148034576,4.90366573522168
"2749","global","fen","5","snowfence","D5SF","wC",50.3683,6.2512991010101,-0.551242909795548,-0.569885318638612
"2750","global","fen","5","snowfence","D5SF","wN",1.6668,0.633345212121212,1.67668817072668,4.63941607021327
"2751","global","heath","1","control","E1C","CN_ratio",54.0387818231,259.358489057417,-0.281681068781293,-0.578316023679779
"2752","global","heath","1","control","E1C","LDMC",0.435034257096589,0.00147760159334635,-1.08596598794669,1.26427354539853
"2753","global","heath","1","control","E1C","SLA",99.5287620654211,368.623977494328,0.476084974222009,-0.213790524008884
"2754","global","heath","1","control","E1C","d13C",-28.4878,1.36462137373737,-0.531325322389995,-0.706716809884308
"2755","global","heath","1","control","E1C","d15N",-6.5889,3.72983211111111,0.10852050116407,0.555552352205121
"2756","global","heath","1","control","E1C","dweight",0.0388773333333333,0.00017531435617284,0.460479136987334,-0.681564289627707
"2757","global","heath","1","control","E1C","fweight",0.0966648333333333,0.000725034530836139,0.344081361377846,-1.18805152532303
"2758","global","heath","1","control","E1C","height",6.97566666666667,6.07691874298541,0.774337125112593,1.85906738975544
"2759","global","heath","1","control","E1C","leafa",3.960614656215,1.11255279179923,0.346336953690881,-0.822814944086559
"2760","global","heath","1","control","E1C","wC",51.8857,2.60225708080808,-0.916686103293926,1.66677838515634
"2761","global","heath","1","control","E1C","wN",1.0134,0.0921701414141414,1.94353929517956,3.12219320306444
"2762","global","heath","1","snowfence","E1SF","CN_ratio",50.1217328717,261.73003375754,-0.163769667265425,-0.96595434112754
"2763","global","heath","1","snowfence","E1SF","LDMC",0.435871116889486,0.000923473268508924,-0.674053956530553,1.4850410406146
"2764","global","heath","1","snowfence","E1SF","SLA",103.816140876303,418.86067535807,0.353371896762875,-0.664415451774653
"2765","global","heath","1","snowfence","E1SF","d13C",-28.8627,2.10605627272727,-0.369490844123679,-1.04501799244237
"2766","global","heath","1","snowfence","E1SF","d15N",-6.2026,6.08960327272727,0.636108949207447,-0.204876875866753
"2767","global","heath","1","snowfence","E1SF","dweight",0.0391248333333333,0.000121545011195286,0.675450776918189,-0.000617003163497998
"2768","global","heath","1","snowfence","E1SF","fweight",0.0931211666666667,0.000471655760970819,0.585675522453685,0.211669793335473
"2769","global","heath","1","snowfence","E1SF","height",9.00158333333333,23.5409844205948,1.51027395848928,1.72468492147283
"2770","global","heath","1","snowfence","E1SF","leafa",4.04915829322,1.587300108901,1.44929210814795,5.75066940102497
"2771","global","heath","1","snowfence","E1SF","wC",51.2408,3.01958117171717,-0.199486605052695,-0.516744760216652
"2772","global","heath","1","snowfence","E1SF","wN",1.1958,0.197608444444444,0.717626716179138,-1.06715127030496
"2773","global","heath","2","control","E2C","CN_ratio",57.8885569555,174.257570937081,-0.562236872687221,0.850725624320905
"2774","global","heath","2","control","E2C","LDMC",0.440477638053919,0.00114551518213837,-1.79415347932139,4.32533534590647
"2775","global","heath","2","control","E2C","SLA",95.9389446875938,334.188630212078,0.567871305286338,0.32415166563116
"2776","global","heath","2","control","E2C","d13C",-28.2911,1.25510281818182,-0.958801674495021,-0.173792597847322
"2777","global","heath","2","control","E2C","d15N",-6.736,4.19752727272727,0.0168747324604839,0.555195390228723
"2778","global","heath","2","control","E2C","dweight",0.0440060833333333,0.000501717502602413,6.22284788800913,50.7550063972267
"2779","global","heath","2","control","E2C","fweight",0.105263166666667,0.00395706155608867,5.58200207609106,38.3265474013304
"2780","global","heath","2","control","E2C","height",7.04275,8.97666618265993,1.61702588370077,4.24684274255443
"2781","global","heath","2","control","E2C","leafa",4.084250384685,2.15014756781461,2.79858841170055,16.9946157243982
"2782","global","heath","2","control","E2C","wC",51.9845,2.80825934343434,-0.472946124353512,-0.181217023326327
"2783","global","heath","2","control","E2C","wN",0.9428,0.0897092525252525,2.54672335837553,6.62526659622264
"2784","global","heath","2","snowfence","E2SF","CN_ratio",52.6216238695,262.898198479496,-0.358840515711433,-0.613384811621971
"2785","global","heath","2","snowfence","E2SF","LDMC",0.432740196220394,0.00100301636546242,-0.282087263625364,-0.486330527413196
"2786","global","heath","2","snowfence","E2SF","SLA",102.219866269323,432.206156267441,0.601298794374262,-0.282127079575106
"2787","global","heath","2","snowfence","E2SF","d13C",-28.4074,1.4270557979798,-0.536270491608445,-0.808281230655813
"2788","global","heath","2","snowfence","E2SF","d15N",-6.4455,5.30754217171717,0.453842829631499,0.0830068568465272
"2789","global","heath","2","snowfence","E2SF","dweight",0.0452550833333333,0.000787122766407127,3.9658489367037,21.6037110292748
"2790","global","heath","2","snowfence","E2SF","fweight",0.112301583333333,0.00968921953941498,4.05696072173065,16.5962515571887
"2791","global","heath","2","snowfence","E2SF","height",7.447,11.9357288439955,1.86083587735634,4.98423236807991
"2792","global","heath","2","snowfence","E2SF","leafa",4.42573700512667,8.10726491216876,4.50425045554717,23.3362699915386
"2793","global","heath","2","snowfence","E2SF","wC",52.0324,1.97590125252525,-0.314197574105669,-0.188537651467685
"2794","global","heath","2","snowfence","E2SF","wN",1.1412,0.195701575757576,1.16591018295708,-0.0812150773842935
"2795","global","heath","3","control","E3C","CN_ratio",57.6559560645,121.847775242235,-0.248838751723043,1.18572108749063
"2796","global","heath","3","control","E3C","LDMC",0.439692558203763,0.00108869448437378,-1.13782850834066,2.53696494459273
"2797","global","heath","3","control","E3C","SLA",91.2168264252228,222.564696529771,0.438637025017745,0.327635983731465
"2798","global","heath","3","control","E3C","d13C",-27.9855,0.760225,-1.33679968300223,1.92146589696734
"2799","global","heath","3","control","E3C","d15N",-7.084,2.85946868686869,0.670300162072701,1.82467685915528
"2800","global","heath","3","control","E3C","dweight",0.0442428333333333,0.000155177010409652,0.236939574979659,-1.08945984780421
"2801","global","heath","3","control","E3C","fweight",0.09757575,0.00061253849339927,0.210705178040891,-0.502877467876506
"2802","global","heath","3","control","E3C","height",7.18158333333333,4.72049143518519,1.16140822342258,6.61121065645169
"2803","global","heath","3","control","E3C","leafa",3.82237882799,0.842294400826836,0.524888817196318,-0.410515861368804
"2804","global","heath","3","control","E3C","wC",52.5157,0.983382333333333,-0.0823394793107882,1.32371493471095
"2805","global","heath","3","control","E3C","wN",0.9668,0.0709007676767677,2.38759369987479,5.81683699851707
"2806","global","heath","3","snowfence","E3SF","CN_ratio",56.6235286132,182.060115362747,-0.57243203864334,0.623635734523817
"2807","global","heath","3","snowfence","E3SF","LDMC",0.444993133006658,0.000776264089808346,-0.517378089295505,0.248579893261085
"2808","global","heath","3","snowfence","E3SF","SLA",97.7953419113014,275.377205472534,0.959947878727388,1.01392757980513
"2809","global","heath","3","snowfence","E3SF","d13C",-28.0511,1.29659574747475,-1.34900596543083,1.14211092451326
"2810","global","heath","3","snowfence","E3SF","d15N",-6.8646,3.45542105050505,0.691304942266656,1.11702959927657
"2811","global","heath","3","snowfence","E3SF","dweight",0.04101,0.000119481996352413,0.699113412717272,-0.292480394990975
"2812","global","heath","3","snowfence","E3SF","fweight",0.0945293333333333,0.000529468378900112,0.529965393232088,-0.356008638385677
"2813","global","heath","3","snowfence","E3SF","height",8.17775,15.5263496843434,1.76545160696709,3.4725790140889
"2814","global","heath","3","snowfence","E3SF","leafa",3.99111716544,1.10082875190487,0.396031661804196,-0.57783785615502
"2815","global","heath","3","snowfence","E3SF","wC",51.9076,3.04139014141414,-1.5338654610879,5.22839334223974
"2816","global","heath","3","snowfence","E3SF","wN",1.0289,0.124256353535354,1.73460257333049,1.83262785999508
"2817","global","heath","4","control","E4C","CN_ratio",54.64176781722,217.398738457544,-0.859359519856683,0.874149061057482
"2818","global","heath","4","control","E4C","LDMC",0.433580303335339,0.00234933660760346,-2.35649835729914,6.87834937529626
"2819","global","heath","4","control","E4C","SLA",96.6047847170918,211.894459085722,0.99570955011537,0.688290611202367
"2820","global","heath","4","control","E4C","d13C",-28.0477,0.919221929292929,-1.25170873522253,1.32257775600806
"2821","global","heath","4","control","E4C","d15N",-6.6076,4.75791539393939,1.40002156499498,1.78628820222789
"2822","global","heath","4","control","E4C","dweight",0.0414323333333333,0.00017179996952862,0.0850283548493555,-0.447901645979779
"2823","global","heath","4","control","E4C","fweight",0.0931888,0.000663778801800224,0.345788486920357,-0.398218024978703
"2824","global","heath","4","control","E4C","height",7.0315,8.10996994949495,2.04144588328769,9.12712675140657
"2825","global","heath","4","control","E4C","leafa",3.81561161716417,1.39641502340796,-0.043683497402258,-0.630966802091171
"2826","global","heath","4","control","E4C","wC",52.385,1.89780909090909,-1.02068939719742,3.00958010261091
"2827","global","heath","4","control","E4C","wN",1.1176,0.394184080808081,3.85802795717514,17.1756023684088
"2828","global","heath","4","snowfence","E4SF","CN_ratio",45.548253692,344.738642050128,0.303459885301907,-1.25361172190709
"2829","global","heath","4","snowfence","E4SF","LDMC",0.423029893259468,0.00102174470432829,-0.258072236424716,-0.319231380604172
"2830","global","heath","4","snowfence","E4SF","SLA",106.40773780806,308.194020903542,0.350808142496302,-0.918114554449417
"2831","global","heath","4","snowfence","E4SF","d13C",-28.899,1.70864545454545,-0.430822473663833,-0.732562102129142
"2832","global","heath","4","snowfence","E4SF","d15N",-5.8937,5.31737708080808,0.534775796205067,-0.879829665014814
"2833","global","heath","4","snowfence","E4SF","dweight",0.0454638333333333,0.00091831918801908,3.57973785741724,15.276139605607
"2834","global","heath","4","snowfence","E4SF","fweight",0.171115833333333,0.0282786785542929,1.74672630585783,1.55299836937342
"2835","global","heath","4","snowfence","E4SF","height",10.7690833333333,54.5669616933221,2.1947611717581,5.30796012063016
"2836","global","heath","4","snowfence","E4SF","leafa",5.25142011613167,15.7162508547302,3.10524749150625,9.41936711495133
"2837","global","heath","4","snowfence","E4SF","wC",50.9107,3.3260287979798,0.0104830559752619,-0.600215075607692
"2838","global","heath","4","snowfence","E4SF","wN",1.3846,0.240370545454545,0.162887579206981,-1.57871427081298
"2839","global","heath","5","control","E5C","CN_ratio",54.56110464,213.742926502033,-0.471615843482236,-0.131014745028877
"2840","global","heath","5","control","E5C","LDMC",0.441640492998868,0.00163836806644928,-1.27782809357469,1.94581987107356
"2841","global","heath","5","control","E5C","SLA",90.5194437469507,372.99698179181,0.893119326276587,0.430885960497883
"2842","global","heath","5","control","E5C","d13C",-28.6287,1.69225586868687,-0.51211589049271,-0.835902790282577
"2843","global","heath","5","control","E5C","d15N",-6.9882,3.64535834343434,0.488857343383888,1.49508087413713
"2844","global","heath","5","control","E5C","dweight",0.04098375,0.000116964600694444,0.429241131371108,-0.662673979113543
"2845","global","heath","5","control","E5C","fweight",0.0930581666666667,0.000526815037850729,0.392994637735834,-0.611116581850039
"2846","global","heath","5","control","E5C","height",7.05433333333333,10.7227952861953,1.31599464104853,2.08998133444203
"2847","global","heath","5","control","E5C","leafa",4.13316403374,1.02084176910694,-0.021379935857975,-0.70874546621917
"2848","global","heath","5","control","E5C","wC",51.8443,2.6480085959596,-0.221321813863864,-0.522983104468355
"2849","global","heath","5","control","E5C","wN",1.0119,0.088550898989899,1.90082924570303,3.51211625315654
"2850","global","heath","5","snowfence","E5SF","CN_ratio",50.0328199792,241.193649668008,-0.314118944627089,-0.852159357914761
"2851","global","heath","5","snowfence","E5SF","LDMC",0.427410990970321,0.00179968192818404,-1.51381071697478,4.84949076628715
"2852","global","heath","5","snowfence","E5SF","SLA",100.231735016344,462.6304240494,0.994497310552614,0.901155795151038
"2853","global","heath","5","snowfence","E5SF","d13C",-28.2183,0.95129102020202,-1.07856411228166,0.857317697130432
"2854","global","heath","5","snowfence","E5SF","d15N",-5.4353,8.85314233333333,0.922785491446077,0.343770345559748
"2855","global","heath","5","snowfence","E5SF","dweight",0.0527503333333333,0.00172602882283951,3.00457567519887,9.22306865333365
"2856","global","heath","5","snowfence","E5SF","fweight",0.17134475,0.0304680643639941,1.71415306849998,1.42118837818568
"2857","global","heath","5","snowfence","E5SF","height",11.4548333333333,91.7402317340067,1.66037366024041,1.9627032374146
"2858","global","heath","5","snowfence","E5SF","leafa",6.10886342928,26.0088354517392,2.01028431291079,2.91787924879324
"2859","global","heath","5","snowfence","E5SF","wC",51.3917,4.60827283838384,-2.00314532065163,8.58449998970119
"2860","global","heath","5","snowfence","E5SF","wN",1.1438,0.180702585858586,0.956830155430295,-0.493165764140164
"2861","global","ridge","1","control","X1C","CN_ratio",65.9810896539,359.143718795634,-1.12442846137125,-0.114317326714071
"2862","global","ridge","1","control","X1C","LDMC",0.469273331933199,0.000850903781401772,-0.523631028702525,0.404012229900605
"2863","global","ridge","1","control","X1C","SLA",99.8502047433382,246.417869567786,0.44816735289261,-1.15403190869685
"2864","global","ridge","1","control","X1C","d13C",-29.0504,0.677149333333333,-0.826810847440708,-0.315839104744486
"2865","global","ridge","1","control","X1C","d15N",-5.2106,3.4637955959596,1.21121246862983,1.74131105435757
"2866","global","ridge","1","control","X1C","dweight",0.0345088333333333,9.7092929040404e-05,0.557643985777031,-0.0271549173898604
"2867","global","ridge","1","control","X1C","fweight",0.0768158083333333,0.00039368267300021,0.311476383929728,-0.256372867536826
"2868","global","ridge","1","control","X1C","height",3.31625,2.98204317480359,2.95898043790631,13.5661642607942
"2869","global","ridge","1","control","X1C","leafa",3.35795518171583,0.788061940903439,0.256795422372879,-0.48509326109153
"2870","global","ridge","1","control","X1C","wC",51.8324,1.72187701010101,-0.982324460386607,0.849185095337642
"2871","global","ridge","1","control","X1C","wN",1.0081,0.240017565656566,1.06652832219726,-0.619996528088992
"2872","global","ridge","1","snowfence","X1SF","CN_ratio",48.4276067944,465.066376960799,0.448592883176131,-1.33011137377105
"2873","global","ridge","1","snowfence","X1SF","LDMC",0.453618698682542,0.00112624637737668,-1.29335890106499,4.41308907079002
"2874","global","ridge","1","snowfence","X1SF","SLA",99.1967229831564,457.397625892691,0.0507254781070707,-1.17140598833724
"2875","global","ridge","1","snowfence","X1SF","d13C",-29.6778,0.882514303030303,0.667024804920968,-0.681884534573836
"2876","global","ridge","1","snowfence","X1SF","d15N",-5.2024,10.1226002424242,-0.00461036121432632,-0.138407706631489
"2877","global","ridge","1","snowfence","X1SF","dweight",0.0352975,0.000126076817480359,0.528622227649103,-0.482798960924849
"2878","global","ridge","1","snowfence","X1SF","fweight",0.0794165416666667,0.000571823507595048,0.722293745065711,0.122532174544643
"2879","global","ridge","1","snowfence","X1SF","height",4.32466666666667,5.58687278338945,2.21781093546898,6.22946574920807
"2880","global","ridge","1","snowfence","X1SF","leafa",3.44212051182583,1.03114963314775,0.550709991888733,-0.642663594754266
"2881","global","ridge","1","snowfence","X1SF","wC",50.5811,2.25206443434343,-1.12491758543249,3.35607965913139
"2882","global","ridge","1","snowfence","X1SF","wN",1.188,0.245894949494949,0.495343388349322,-1.42496203832202
"2883","global","ridge","2","control","X2C","CN_ratio",64.7219298588,380.236391321943,-0.952415725316636,-0.470367172649836
"2884","global","ridge","2","control","X2C","LDMC",0.450350920010594,0.00412295053304577,-3.6430933441008,18.2380535679272
"2885","global","ridge","2","control","X2C","SLA",95.0843392335465,486.388083709508,1.18613736171826,6.45770852970564
"2886","global","ridge","2","control","X2C","d13C",-28.7381,0.461401404040404,-0.711955680424675,0.554783124058966
"2887","global","ridge","2","control","X2C","d15N",-5.299,2.0980898989899,0.885612446147371,0.957290566865358
"2888","global","ridge","2","control","X2C","dweight",0.0330603333333333,0.000108051628956229,0.202841041074859,-0.152953981578324
"2889","global","ridge","2","control","X2C","fweight",0.0746563916666667,0.000425174844178662,0.331725889667337,-0.227649974925493
"2890","global","ridge","2","control","X2C","height",2.80966666666667,1.00500662177329,1.7467657995371,6.50870147252003
"2891","global","ridge","2","control","X2C","leafa",3.17119663941333,0.568608822055045,-0.0621669847657226,-0.219622645630095
"2892","global","ridge","2","control","X2C","wC",51.5075,3.17456237373737,-1.73578300871144,3.15803037605581
"2893","global","ridge","2","control","X2C","wN",0.9476,0.173309333333333,1.13920177025963,-0.358740790951293
"2894","global","ridge","2","snowfence","X2SF","CN_ratio",54.3822793094,614.286963966745,0.0619211898572389,-1.70499188453026
"2895","global","ridge","2","snowfence","X2SF","LDMC",0.4564218890039,0.0010996168421595,-0.286803519561622,-0.343571262281155
"2896","global","ridge","2","snowfence","X2SF","SLA",102.689225020173,506.115246800916,-0.806361380829786,0.811142351761302
"2897","global","ridge","2","snowfence","X2SF","d13C",-29.5064,0.905108121212121,0.136801466756546,-1.20340725650898
"2898","global","ridge","2","snowfence","X2SF","d15N",-4.7572,3.10684662626263,0.597795568498757,0.107893615916277
"2899","global","ridge","2","snowfence","X2SF","dweight",0.0311859166666667,7.58522498526936e-05,0.0361020892014927,-1.03958113632696
"2900","global","ridge","2","snowfence","X2SF","fweight",0.07395395,0.000520126118204545,0.478956959688751,-0.496897878499269
"2901","global","ridge","2","snowfence","X2SF","height",3.52433333333333,8.98569259259259,2.6077534572365,6.31354731231253
"2902","global","ridge","2","snowfence","X2SF","leafa",3.02368578948833,1.1039699299014,0.390938332665161,0.118990231880693
"2903","global","ridge","2","snowfence","X2SF","wC",51.2979,2.05987736363636,-0.25068891938252,-0.923924727005032
"2904","global","ridge","2","snowfence","X2SF","wN",1.244,0.288294949494949,0.10773219342102,-1.75311287976936
"2905","global","ridge","3","control","X3C","CN_ratio",46.3495504422,462.527255952742,0.73870876871212,-1.17586386370399
"2906","global","ridge","3","control","X3C","LDMC",0.446019708206578,0.0013362776073996,0.124996184178961,-1.11262652561912
"2907","global","ridge","3","control","X3C","SLA",106.430306990166,337.699749743352,0.0186120506084035,-1.24771821449219
"2908","global","ridge","3","control","X3C","d13C",-29.4656,0.849121858585859,0.0143600368331822,-1.33926952359309
"2909","global","ridge","3","control","X3C","d15N",-4.5736,3.89789802020202,0.943445604317982,0.846627748625889
"2910","global","ridge","3","control","X3C","dweight",0.0295425,0.000120594513888889,0.38667189359201,-0.523020044798191
"2911","global","ridge","3","control","X3C","fweight",0.06724895,0.000431801605073232,0.456695800216207,-0.31355277785233
"2912","global","ridge","3","control","X3C","height",3.06033333333333,1.92393535353535,1.53917081477997,2.24639765551911
"2913","global","ridge","3","control","X3C","leafa",3.21719728825333,0.999391840779879,0.345948656284695,-0.239913538638385
"2914","global","ridge","3","control","X3C","wC",51.0189,1.31219978787879,0.141771396128527,-0.980669923632655
"2915","global","ridge","3","control","X3C","wN",1.3295,0.266909848484848,-0.230369537126406,-1.62033931085842
"2916","global","ridge","3","snowfence","X3SF","CN_ratio",62.5737539203,422.270124354935,-0.849686808131569,-0.809201477372479
"2917","global","ridge","3","snowfence","X3SF","LDMC",0.464329650751001,0.0010314118841731,-0.448811436432504,-0.0787739096437581
"2918","global","ridge","3","snowfence","X3SF","SLA",95.3682495050777,548.01592955736,-0.689025966541797,0.198649267234762
"2919","global","ridge","3","snowfence","X3SF","d13C",-28.9841,0.714737565656565,-0.698192074210118,-0.220445139345911
"2920","global","ridge","3","snowfence","X3SF","d15N",-4.8511,3.39565029292929,0.983502950557997,1.18658998719703
"2921","global","ridge","3","snowfence","X3SF","dweight",0.0347139166666667,8.94747293139731e-05,0.289043948646187,-0.167100587652601
"2922","global","ridge","3","snowfence","X3SF","fweight",0.0763556166666667,0.000298672037564815,-0.253739152682209,-0.445352788795427
"2923","global","ridge","3","snowfence","X3SF","height",3.39908333333333,6.36624003226712,3.02856482202117,9.962347119958
"2924","global","ridge","3","snowfence","X3SF","leafa",3.24094647231917,1.3859230815389,-0.364169299529255,-0.40518671081777
"2925","global","ridge","3","snowfence","X3SF","wC",51.503,1.96633636363636,-0.861869145736681,0.835444611253317
"2926","global","ridge","3","snowfence","X3SF","wN",1.0514,0.244349535353535,0.764194757558503,-1.09642519645747
"2927","global","ridge","4","control","X4C","CN_ratio",66.9235626883,352.899236780487,-1.0797301610765,-0.0977275189489286
"2928","global","ridge","4","control","X4C","LDMC",0.466872426192875,0.000954227296449461,-0.531152489007567,-0.279965245981095
"2929","global","ridge","4","control","X4C","SLA",98.9093984333862,534.244590607794,2.63035631302862,10.7042862369868
"2930","global","ridge","4","control","X4C","d13C",-28.948,0.701092929292929,-0.713872891885449,-0.3945076348772
"2931","global","ridge","4","control","X4C","d15N",-5.4126,2.67082953535354,1.36499482898025,2.33983344536966
"2932","global","ridge","4","control","X4C","dweight",0.03659275,0.000109813602209596,0.161694740642487,-0.0699141003353687
"2933","global","ridge","4","control","X4C","fweight",0.0774359166666667,0.000535091907540685,0.803195557835508,1.41546403565166
"2934","global","ridge","4","control","X4C","height",3.03925,2.80271926907969,3.70050960824998,18.3132377944602
"2935","global","ridge","4","control","X4C","leafa",3.40361816312333,1.08396355999957,0.762209027019565,1.54475828398034
"2936","global","ridge","4","control","X4C","wC",51.83,1.38016565656566,-1.56219462204408,4.26052663556591
"2937","global","ridge","4","control","X4C","wN",0.9825,0.442083585858586,3.44878075779557,15.0376911236109
"2938","global","ridge","4","snowfence","X4SF","CN_ratio",59.4126305553,527.500162840168,-0.512731820272965,-1.45907367171869
"2939","global","ridge","4","snowfence","X4SF","LDMC",0.457763552041445,0.00117284678080081,-0.317491590326145,-0.624779741513176
"2940","global","ridge","4","snowfence","X4SF","SLA",98.7754723139585,298.978802433491,0.287901709701102,-0.140331229053633
"2941","global","ridge","4","snowfence","X4SF","d13C",-29.2531,0.946880191919192,-0.431325780687294,-1.17865265490393
"2942","global","ridge","4","snowfence","X4SF","d15N",-4.9985,4.15709570707071,1.125590217708,1.20699216429187
"2943","global","ridge","4","snowfence","X4SF","dweight",0.03586075,0.000110803980492424,0.102654615270023,-0.234885213038047
"2944","global","ridge","4","snowfence","X4SF","fweight",0.0747925166666667,0.000489729688762346,0.538115934099655,0.408213970215727
"2945","global","ridge","4","snowfence","X4SF","height",3.54416666666667,5.57658880471381,2.78479384114977,9.29329969494748
"2946","global","ridge","4","snowfence","X4SF","leafa",3.24442359958417,0.883111187822827,0.233051729279279,0.0123281151991259
"2947","global","ridge","4","snowfence","X4SF","wC",51.5992,1.31187612121212,-0.227880905745804,-0.946780710402867
"2948","global","ridge","4","snowfence","X4SF","wN",1.1234,0.247743878787879,0.471108805873433,-1.46403960105765
"2949","global","ridge","5","control","X5C","CN_ratio",54.604408354,390.614180369042,0.00406250735520536,-1.53130392771674
"2950","global","ridge","5","control","X5C","LDMC",0.454221774044625,0.00208617274845487,-0.679977289743157,-0.200748397455015
"2951","global","ridge","5","control","X5C","SLA",90.7797420203899,1054.65361084642,-0.354999053264053,-0.975525163096447
"2952","global","ridge","5","control","X5C","d13C",-29.0606,0.829900646464647,-0.62786331219306,-0.762334470761272
"2953","global","ridge","5","control","X5C","d15N",-5.1249,1.82726160606061,1.08341994895031,0.951107769603702
"2954","global","ridge","5","control","X5C","dweight",0.030234,0.000114336113468013,0.617441148470927,0.13119777659507
"2955","global","ridge","5","control","X5C","fweight",0.0675270833333333,0.000409421047102974,0.702138522224173,0.0635689867063776
"2956","global","ridge","5","control","X5C","height",2.27816666666667,1.14748566217733,0.462385569521685,0.145673238787281
"2957","global","ridge","5","control","X5C","leafa",2.655096324555,1.32649109288531,0.148182926091075,-0.963973973345321
"2958","global","ridge","5","control","X5C","wC",50.5354,4.99260690909091,-0.310701690583045,-1.47197284098545
"2959","global","ridge","5","control","X5C","wN",1.0614,0.187404080808081,0.597740080108557,-1.34853383611831
"2960","global","ridge","5","snowfence","X5SF","CN_ratio",58.9788162753,556.291664890837,-0.193568512242447,-1.6674102628942
"2961","global","ridge","5","snowfence","X5SF","LDMC",0.464372422320468,0.0013131112858586,-0.349878187367198,-0.604457591097956
"2962","global","ridge","5","snowfence","X5SF","SLA",100.578377532209,395.894587361237,-0.144147585467491,0.12787005915422
"2963","global","ridge","5","snowfence","X5SF","d13C",-29.1501,0.717453525252525,-0.448922908513894,-1.00653073380246
"2964","global","ridge","5","snowfence","X5SF","d15N",-5.1822,3.57605773737374,0.90801291093265,-0.352921209063416
"2965","global","ridge","5","snowfence","X5SF","dweight",0.0312313333333333,0.000105947768125701,0.603342334856364,0.197215879819839
"2966","global","ridge","5","snowfence","X5SF","fweight",0.0672360083333333,0.000386990001238706,0.912523950144071,0.477331114202142
"2967","global","ridge","5","snowfence","X5SF","height",2.67258333333333,2.16249620510662,4.86277131287798,33.6829296328732
"2968","global","ridge","5","snowfence","X5SF","leafa",3.03923330387417,0.810805465390392,0.474852775690802,-0.292421039213481
"2969","global","ridge","5","snowfence","X5SF","wC",51.2533,1.97193748484849,-0.865344941501965,0.527075979342958
"2970","global","ridge","5","snowfence","X5SF","wN",1.0569,0.224506454545455,0.620219530585276,-1.18931000363787
"2971","global","fen","1","control","D1C","CN_ratio",43.0095279612,290.579935610569,0.75117494764165,-0.45922383288363
"2972","global","fen","1","control","D1C","LDMC",0.399003754482105,0.0033645699037267,-0.362915338968915,0.0249097565112697
"2973","global","fen","1","control","D1C","SLA",105.941205463976,603.877849485169,0.885350926220132,1.16968375311234
"2974","global","fen","1","control","D1C","d13C",-28.6587,1.13857506060606,-0.392983559876981,-0.472056212674588
"2975","global","fen","1","control","D1C","d15N",-3.1254,10.7251402424242,-0.207410393375444,-1.46148983298629
"2976","global","fen","1","control","D1C","dweight",0.04637625,0.00178986223537458,2.38534686926768,6.35652476943077
"2977","global","fen","1","control","D1C","fweight",0.112460316666667,0.0138099845404851,2.90698483149458,8.99869380147859
"2978","global","fen","1","control","D1C","height",7.0255,37.5637974466891,2.68863704555622,9.36508708380675
"2979","global","fen","1","control","D1C","leafa",4.541913632435,18.3619238697711,2.48635552730059,6.12817133960074
"2980","global","fen","1","control","D1C","wC",50.2184,7.10924791919192,-0.454742825647116,-1.20771748265476
"2981","global","fen","1","control","D1C","wN",1.435,0.226778787878788,0.1243038115841,-0.878359477118239
"2982","global","fen","1","snowfence","D1SF","CN_ratio",36.7841157913,273.628047460716,1.24479443588941,0.161200455446868
"2983","global","fen","1","snowfence","D1SF","LDMC",0.399951657691997,0.00213431780917987,-0.437330189343264,1.36946647046835
"2984","global","fen","1","snowfence","D1SF","SLA",104.005663256515,588.599325431207,0.374962116786079,0.256931991455466
"2985","global","fen","1","snowfence","D1SF","d13C",-28.8882,1.59104319191919,-0.34194828511005,-1.0473934670718
"2986","global","fen","1","snowfence","D1SF","d15N",-2.8954,7.12377054545455,-0.507084899795129,-0.721454166265958
"2987","global","fen","1","snowfence","D1SF","dweight",0.04972325,0.00133121111292789,2.4286280168655,8.27575788373365
"2988","global","fen","1","snowfence","D1SF","fweight",0.120547508333333,0.0114416069062499,2.73720551491219,8.51915570192882
"2989","global","fen","1","snowfence","D1SF","height",8.26991666666667,42.0523371141975,2.60738560382477,10.2538661332541
"2990","global","fen","1","snowfence","D1SF","leafa",4.85361589541917,13.011686654757,2.87387236051592,10.1958832495296
"2991","global","fen","1","snowfence","D1SF","wC",49.1873,5.71499566666667,0.24025286169152,-1.16074289135117
"2992","global","fen","1","snowfence","D1SF","wN",1.6534,0.185416606060606,-0.601597812566843,-0.363470733565864
"2993","global","fen","2","control","D2C","CN_ratio",30.2455319502,57.9052462987548,0.976575608195929,0.220580813675093
"2994","global","fen","2","control","D2C","LDMC",0.39062591449997,0.00122137427790969,0.303727567718972,0.868475822279941
"2995","global","fen","2","control","D2C","SLA",102.206950716234,908.32246895025,1.17291781358355,1.16305578224581
"2996","global","fen","2","control","D2C","d13C",-28.2123,1.5983795050505,-0.773116441808244,-0.311488916292092
"2997","global","fen","2","control","D2C","d15N",-1.4848,4.88982723232323,-1.2947641577193,0.955285238824003
"2998","global","fen","2","control","D2C","dweight",0.0555653333333333,0.00102095811829405,0.0439438648920673,-1.46991115286789
"2999","global","fen","2","control","D2C","fweight",0.152035316666667,0.0127651264194554,1.98683182426931,6.61214702807666
"3000","global","fen","2","control","D2C","height",8.19841666666667,21.0159409301347,0.0457070670308467,-1.35096555508086
"3001","global","fen","2","control","D2C","leafa",4.9061496177425,6.30436252322249,0.329477467327289,-0.877275118109696
"3002","global","fen","2","control","D2C","wC",47.5067,5.58429708080808,-0.0326804521711439,2.68714191700604
"3003","global","fen","2","control","D2C","wN",1.6902,0.151684808080808,-0.465841137191512,0.453918355727679
"3004","global","fen","2","snowfence","D2SF","CN_ratio",34.1438738346,205.666278773995,1.82342180961587,2.86021561155235
"3005","global","fen","2","snowfence","D2SF","LDMC",0.373231917394846,0.00201170476151695,-0.461767361902717,0.470968125806183
"3006","global","fen","2","snowfence","D2SF","SLA",103.403410504741,652.020673129744,0.720696513901293,0.841132476658263
"3007","global","fen","2","snowfence","D2SF","d13C",-28.183,1.26637676767677,-0.511549821695184,-0.490973539253458
"3008","global","fen","2","snowfence","D2SF","d15N",-1.674,6.98512323232323,-0.648975931302289,-0.495532108127116
"3009","global","fen","2","snowfence","D2SF","dweight",0.0401525833333333,0.000892107562703423,0.875633829076519,-0.431181091195943
"3010","global","fen","2","snowfence","D2SF","fweight",0.102761891666667,0.0055360939872735,0.758856802437361,-0.821272192314656
"3011","global","fen","2","snowfence","D2SF","height",6.8465,18.4085384118967,0.655764178159737,-0.7113295560038
"3012","global","fen","2","snowfence","D2SF","leafa",4.19524687084917,5.74012690218342,0.319492585727374,-1.08352037843761
"3013","global","fen","2","snowfence","D2SF","wC",47.5739,5.19827251515151,0.425572050816644,2.76616723991663
"3014","global","fen","2","snowfence","D2SF","wN",1.632,0.136379797979798,-0.247268385277161,-1.00208884044902
"3015","global","fen","3","control","D3C","CN_ratio",28.5353046968,32.3280078928291,1.25524629551456,1.63659026882582
"3016","global","fen","3","control","D3C","LDMC",0.38134001755374,0.0035649826651094,-2.49319959325589,12.0372798747355
"3017","global","fen","3","control","D3C","SLA",99.0955667657469,1284.21861269435,3.96487859414153,24.333021231271
"3018","global","fen","3","control","D3C","d13C",-27.9174,0.981736606060606,-1.27596075998929,1.96147074652832
"3019","global","fen","3","control","D3C","d15N",-1.2895,5.06967146464646,-1.64091347787108,2.05629271087498
"3020","global","fen","3","control","D3C","dweight",0.05195875,0.00103854808694585,0.0174702997049635,-1.42825646821081
"3021","global","fen","3","control","D3C","fweight",0.130699416666667,0.00735398648324214,0.144365693352094,-1.54574460010472
"3022","global","fen","3","control","D3C","height",9.52416666666667,17.5636033950617,-0.200620504583183,-0.591439176703266
"3023","global","fen","3","control","D3C","leafa",4.6885134979725,7.46170367828968,0.0962683182517608,-1.29092754311467
"3024","global","fen","3","control","D3C","wC",47.3315,2.42710378787879,1.98842538972281,3.81717650609007
"3025","global","fen","3","control","D3C","wN",1.7087,0.0778073838383838,-0.497810840384424,-0.497699343625461
"3026","global","fen","3","snowfence","D3SF","CN_ratio",28.1109740574,48.2154587835592,3.40495526688489,17.7102998537395
"3027","global","fen","3","snowfence","D3SF","LDMC",0.396225887520385,0.00174395723049569,-0.138236433714133,2.7592914072907
"3028","global","fen","3","snowfence","D3SF","SLA",94.740684961046,475.119816646161,0.822589687788615,0.769066222261182
"3029","global","fen","3","snowfence","D3SF","d13C",-27.8592,0.870142787878788,-0.93877371168305,0.538221804863865
"3030","global","fen","3","snowfence","D3SF","d15N",-0.6641,3.56744261616162,-1.95930756638122,7.01567278868113
"3031","global","fen","3","snowfence","D3SF","dweight",0.0554183333333333,0.00159001865179574,1.40268563622172,4.09791204673608
"3032","global","fen","3","snowfence","D3SF","fweight",0.1465999,0.00748653668169585,-0.166616438415483,-1.51091871477117
"3033","global","fen","3","snowfence","D3SF","height",10.1890833333333,28.8971095608866,2.03996156552064,8.50587156615863
"3034","global","fen","3","snowfence","D3SF","leafa",5.066024592845,12.6717063526965,1.66137805960352,5.92499719977229
"3035","global","fen","3","snowfence","D3SF","wC",47.4823,4.85858354545455,-0.281471985465701,4.17712261150454
"3036","global","fen","3","snowfence","D3SF","wN",1.769,0.0930575757575758,-0.479807793680807,0.444333992518945
"3037","global","fen","4","control","D4C","CN_ratio",33.4031835303,230.268049766678,1.86468932079674,2.8917622349025
"3038","global","fen","4","control","D4C","LDMC",0.394159922295394,0.00330681388690055,-0.201373884482253,0.599400576081558
"3039","global","fen","4","control","D4C","SLA",117.107325902369,1021.83837617644,0.20111726752777,-0.897242553334688
"3040","global","fen","4","control","D4C","d13C",-28.2781,0.848583222222222,-0.349909832665452,-0.253189992109428
"3041","global","fen","4","control","D4C","d15N",-1.6015,11.3724108585859,-1.00915506628893,-0.286443756609807
"3042","global","fen","4","control","D4C","dweight",0.0328003333333333,0.000538541920482604,1.18054042600303,0.544951043522007
"3043","global","fen","4","control","D4C","fweight",0.0831874416666667,0.0037748706808818,2.49444465744547,10.2956260456844
"3044","global","fen","4","control","D4C","height",6.504,10.3213965768799,1.8028839940068,6.02981356395217
"3045","global","fen","4","control","D4C","leafa",3.75262681174,4.8076655745048,0.728604913312826,0.652217535918009
"3046","global","fen","4","control","D4C","wC",47.6818,5.73482298989899,1.19488464262798,0.285343048112577
"3047","global","fen","4","control","D4C","wN",1.6709,0.160596151515151,-0.65943858556998,0.791763982356917
"3048","global","fen","4","snowfence","D4SF","CN_ratio",44.2141439628,408.339819628346,0.595878936952116,-0.916146930721346
"3049","global","fen","4","snowfence","D4SF","LDMC",0.412697717706543,0.00214383495631493,0.116995231937227,-0.553344470567349
"3050","global","fen","4","snowfence","D4SF","SLA",111.505897804083,779.883986613759,0.987173255431103,0.228552362581168
"3051","global","fen","4","snowfence","D4SF","d13C",-28.2479,0.652572313131313,-0.835895721729949,1.46777780256533
"3052","global","fen","4","snowfence","D4SF","d15N",-3.5558,10.8703155151515,0.318747853968896,-1.29080845218708
"3053","global","fen","4","snowfence","D4SF","dweight",0.034968,0.000432074275701459,1.4875478229547,2.71202592411218
"3054","global","fen","4","snowfence","D4SF","fweight",0.0900540833333333,0.00277048458963945,1.52391892281842,2.15033029767596
"3055","global","fen","4","snowfence","D4SF","height",6.64991666666667,13.3881951388889,1.02491500016244,1.18805493554581
"3056","global","fen","4","snowfence","D4SF","leafa",3.88833671850083,3.41251779668911,0.362250408379498,-0.555674037886426
"3057","global","fen","4","snowfence","D4SF","wC",49.6654,11.4068069090909,-0.287413183839439,-0.722519802262822
"3058","global","fen","4","snowfence","D4SF","wN",1.3907,0.249390414141414,0.0635697012427527,-1.19958538277341
"3059","global","fen","5","control","D5C","CN_ratio",28.11521347049,43.9701967509618,0.1945385676086,0.51983369516992
"3060","global","fen","5","control","D5C","LDMC",0.382392405334286,0.00222660849144582,-1.35495992654645,1.75964965757407
"3061","global","fen","5","control","D5C","SLA",113.815320477154,1386.67865323091,0.797469680093373,-0.079390843000144
"3062","global","fen","5","control","D5C","d13C",-28.7672,1.54608298989899,-0.294837901278776,-0.867916009123697
"3063","global","fen","5","control","D5C","d15N",-2.2609,5.64506685858586,-0.571458569395615,-0.381740681864533
"3064","global","fen","5","control","D5C","dweight",0.0675956666666667,0.00318833391902357,1.5399960082421,1.79574505157584
"3065","global","fen","5","control","D5C","fweight",0.152695475,0.013964865946833,1.65949289473656,2.86821911557296
"3066","global","fen","5","control","D5C","height",10.9470833333333,84.7962954194725,2.31420094659059,6.21520315283476
"3067","global","fen","5","control","D5C","leafa",6.63861554964167,23.7458288077363,2.08067383932608,4.07894549731954
"3068","global","fen","5","control","D5C","wC",48.1257,4.28069142424242,0.406854335575325,-1.22940591176029
"3069","global","fen","5","control","D5C","wN",1.8609,0.370598171717172,2.68724000747555,9.44736353178178
"3070","global","fen","5","snowfence","D5SF","CN_ratio",41.75614310367,419.663932369649,0.65170063379584,-0.792116647106217
"3071","global","fen","5","snowfence","D5SF","LDMC",0.405168933661929,0.00333463902616841,-1.50890048359386,2.42585296472607
"3072","global","fen","5","snowfence","D5SF","SLA",108.208589148675,778.696482257487,1.04323450215037,0.230073996461314
"3073","global","fen","5","snowfence","D5SF","d13C",-28.9712,1.19229955555555,-0.511063076440736,-0.173999901877548
"3074","global","fen","5","snowfence","D5SF","d15N",-4.1572,10.796586020202,-0.0611232314115601,-1.12497875455831
"3075","global","fen","5","snowfence","D5SF","dweight",0.05850775,0.00317378213840488,2.03051602984933,3.51386453084863
"3076","global","fen","5","snowfence","D5SF","fweight",0.1693135,0.0215225547106902,1.45206753399507,1.38980185509787
"3077","global","fen","5","snowfence","D5SF","height",9.00883333333333,93.2430146184063,3.01841992251473,9.62443512676056
"3078","global","fen","5","snowfence","D5SF","leafa",6.21716642718083,30.0694891870971,2.00026570635912,2.80876507550484
"3079","global","fen","5","snowfence","D5SF","wC",49.8928,7.30544258585858,-0.545208096750311,-0.803573383254172
"3080","global","fen","5","snowfence","D5SF","wN",1.5131,0.744995343434343,1.92701881623813,4.41754439508907
"3081","global","heath","1","control","E1C","CN_ratio",52.9529511385,221.110202062497,-0.559385826118866,-0.207100022329679
"3082","global","heath","1","control","E1C","LDMC",0.438501138993112,0.000850380160351445,-0.524303514254902,-0.386002643789788
"3083","global","heath","1","control","E1C","SLA",97.3258369347092,337.483128924326,0.442009909534584,-0.230503319541463
"3084","global","heath","1","control","E1C","d13C",-28.4555,1.41942702020202,-0.483613892899687,-0.857874492265187
"3085","global","heath","1","control","E1C","d15N",-6.921,2.56535858585859,0.506742814240316,-0.318441285409236
"3086","global","heath","1","control","E1C","dweight",0.0400094166666667,0.000166622433578844,0.50124969908341,-0.586519335625518
"3087","global","heath","1","control","E1C","fweight",0.0877821666666667,0.000614579753114478,0.402974053946622,-0.170854216326791
"3088","global","heath","1","control","E1C","height",7.09908333333333,9.31894064955107,2.33691204951476,8.64165648125097
"3089","global","heath","1","control","E1C","leafa",3.84954233901417,1.31045755272685,0.216533796223206,-0.744188797972497
"3090","global","heath","1","control","E1C","wC",51.7625,2.98263712121212,-0.87142071778255,2.2117375568597
"3091","global","heath","1","control","E1C","wN",1.046,0.130559595959596,1.55972599689959,1.30520253506451
"3092","global","heath","1","snowfence","E1SF","CN_ratio",47.3499892126,289.791822727734,0.0821074895451125,-1.13752162548364
"3093","global","heath","1","snowfence","E1SF","LDMC",0.431088675474087,0.00127195709656611,-0.989478386447755,1.87229897116048
"3094","global","heath","1","snowfence","E1SF","SLA",101.449364741063,295.22949113456,0.259022967436204,-0.68030337297188
"3095","global","heath","1","snowfence","E1SF","d13C",-28.71,2.00302828282828,-0.543512866714533,-0.854374932908608
"3096","global","heath","1","snowfence","E1SF","d15N",-5.9411,6.13447857575758,0.662559338537148,0.061225851029076
"3097","global","heath","1","snowfence","E1SF","dweight",0.0410589166666667,9.8815944521605e-05,0.820050094380712,0.23695373516492
"3098","global","heath","1","snowfence","E1SF","fweight",0.0934666666666667,0.000531540251122334,0.410286328273549,-0.0388009579892667
"3099","global","heath","1","snowfence","E1SF","height",8.69975,17.0863544542649,1.38117884790558,2.4463198137969
"3100","global","heath","1","snowfence","E1SF","leafa",4.11146326517417,1.28984187904216,-0.0749152728402091,-0.393796977656876
"3101","global","heath","1","snowfence","E1SF","wC",51.4102,3.92033935353536,-0.74616625397557,1.13950351115963
"3102","global","heath","1","snowfence","E1SF","wN",1.2827,0.328470414141414,2.16586708624325,9.33413439628166
"3103","global","heath","2","control","E2C","CN_ratio",59.4420643414,164.503072265503,-0.514783093740452,1.08719125791466
"3104","global","heath","2","control","E2C","LDMC",0.440648429846807,0.000985476593687569,-1.22710805859747,2.27542356730496
"3105","global","heath","2","control","E2C","SLA",93.6688386944981,222.70355119605,-0.0922807533100995,0.365999111545576
"3106","global","heath","2","control","E2C","d13C",-28.1911,1.10336342424242,-1.23064188423548,1.10808206909269
"3107","global","heath","2","control","E2C","d15N",-6.9652,3.22686763636364,0.721542243037825,0.00731888984486995
"3108","global","heath","2","control","E2C","dweight",0.0429601666666667,0.000156654578535354,0.461616617150391,-0.958908431142255
"3109","global","heath","2","control","E2C","fweight",0.0940945833333333,0.000669483231446408,0.450100944173777,-0.798652534152563
"3110","global","heath","2","control","E2C","height",7.13841666666667,10.0945579335017,1.83212579601927,4.79086734043946
"3111","global","heath","2","control","E2C","leafa",4.08827195201167,2.0892143525544,3.26494086546041,20.0203257612316
"3112","global","heath","2","control","E2C","wC",51.9489,3.05526847474748,-1.46693534113989,5.30042887485014
"3113","global","heath","2","control","E2C","wN",0.9531,0.0645832222222222,3.00814220785122,10.1057292242334
"3114","global","heath","2","snowfence","E2SF","CN_ratio",50.2009471925,194.237360940116,-0.59703005262957,-0.697465263368492
"3115","global","heath","2","snowfence","E2SF","LDMC",0.437489429652906,0.00119553007041315,-1.12932368540622,1.88319775440149
"3116","global","heath","2","snowfence","E2SF","SLA",98.8465032913384,380.893931456389,0.966839701521555,0.773145591350763
"3117","global","heath","2","snowfence","E2SF","d13C",-28.2825,0.993293686868687,-0.639679929008226,-0.642025865884801
"3118","global","heath","2","snowfence","E2SF","d15N",-6.9792,3.58916703030303,0.86520272175614,1.33652753218736
"3119","global","heath","2","snowfence","E2SF","dweight",0.047824,0.00126557144960718,4.36214415875236,20.3596203953872
"3120","global","heath","2","snowfence","E2SF","fweight",0.0966195,0.00218845468044332,4.05390785006711,21.3940507480997
"3121","global","heath","2","snowfence","E2SF","height",8.35466666666667,36.8057005050505,3.35197065622552,13.1149930226858
"3122","global","heath","2","snowfence","E2SF","leafa",4.2017971320775,5.55817479566934,4.72058540565824,28.8660452482979
"3123","global","heath","2","snowfence","E2SF","wC",51.8449,2.96345150505051,-1.10693123237571,3.15980636062879
"3124","global","heath","2","snowfence","E2SF","wN",1.1701,0.215647464646465,0.979647708133588,-0.526565791118757
"3125","global","heath","3","control","E3C","CN_ratio",56.9884553603,161.531421854378,-0.494230979254541,1.07878187533746
"3126","global","heath","3","control","E3C","LDMC",0.445422860694704,0.00113116924442532,-1.58994204443462,3.6210949610361
"3127","global","heath","3","control","E3C","SLA",95.3215037184673,229.71453637872,1.09040581672605,1.9225758313072
"3128","global","heath","3","control","E3C","d13C",-28.0187,0.938162939393939,-1.56135433921486,2.23833226437111
"3129","global","heath","3","control","E3C","d15N",-7.2434,2.04150347474748,1.27223258179649,2.88070042935382
"3130","global","heath","3","control","E3C","dweight",0.0427420833333333,0.000155717868090629,0.360850236391727,-1.09911532807151
"3131","global","heath","3","control","E3C","fweight",0.097754,0.000711813900785634,0.142550034336815,-0.919953241267746
"3132","global","heath","3","control","E3C","height",6.38441666666667,4.20300737233446,0.592207911298185,1.58151507798694
"3133","global","heath","3","control","E3C","leafa",4.13234956448917,2.28461936960775,3.64160437858961,24.4098606447223
"3134","global","heath","3","control","E3C","wC",52.5387,1.02832051515152,0.138089183479974,0.0157513442187596
"3135","global","heath","3","control","E3C","wN",0.9628,0.0503617777777778,2.45512187773834,7.56301414289703
"3136","global","heath","3","snowfence","E3SF","CN_ratio",55.1066673914,191.976248800814,-0.580878714338468,0.0909020597965799
"3137","global","heath","3","snowfence","E3SF","LDMC",0.446073309116666,0.000709413043035347,-0.238159860329392,-0.228865726827864
"3138","global","heath","3","snowfence","E3SF","SLA",102.621762400697,361.752039902222,1.09468128456579,0.682402206720052
"3139","global","heath","3","snowfence","E3SF","d13C",-28.0985,1.32928762626263,-1.21487241974163,1.1055680402078
"3140","global","heath","3","snowfence","E3SF","d15N",-7.079,2.41040909090909,0.476076983380944,1.79929722713321
"3141","global","heath","3","snowfence","E3SF","dweight",0.0410635,0.000109888466301908,0.632545521713103,-0.228595275716478
"3142","global","heath","3","snowfence","E3SF","fweight",0.092339,0.000465397394612795,0.600260727033922,-0.0612038203694381
"3143","global","heath","3","snowfence","E3SF","height",8.0525,14.0338362794613,1.99569655467902,4.96284100069874
"3144","global","heath","3","snowfence","E3SF","leafa",4.05448567442917,1.09542203672468,0.190471604798829,-0.881150053863855
"3145","global","heath","3","snowfence","E3SF","wC",52.4084,2.72504387878788,-1.39013369894718,5.17199188321504
"3146","global","heath","3","snowfence","E3SF","wN",1.0639,0.146601808080808,1.49182171121861,0.967286645287446
"3147","global","heath","4","control","E4C","CN_ratio",54.93555394752,199.455366574057,-1.00774374387397,0.999162288183921
"3148","global","heath","4","control","E4C","LDMC",0.432801736494614,0.00143572336668154,-2.2421431698479,10.2521797852714
"3149","global","heath","4","control","E4C","SLA",103.00633718786,1125.46510564715,2.9414397307638,9.48271978973746
"3150","global","heath","4","control","E4C","d13C",-28.0437,0.824037686868687,-1.41209607628848,2.24706797231015
"3151","global","heath","4","control","E4C","d15N",-6.4046,4.32999478787879,1.16191981109477,0.964844647742594
"3152","global","heath","4","control","E4C","dweight",0.03986825,0.000175751381446409,0.149800096237361,-0.298676238402593
"3153","global","heath","4","control","E4C","fweight",0.0868584,0.00066309985257688,0.539732607247751,-0.298814020892699
"3154","global","heath","4","control","E4C","height",6.80366666666667,4.46604983164983,1.6045247019492,8.15991649023209
"3155","global","heath","4","control","E4C","leafa",4.03164126633417,1.49439269217075,-0.236150077461584,-0.601722329112224
"3156","global","heath","4","control","E4C","wC",52.1748,4.40018682828283,-3.44329509184863,18.2966982399112
"3157","global","heath","4","control","E4C","wN",1.1852,0.584285818181818,3.42539303095104,12.1310013696812
"3158","global","heath","4","snowfence","E4SF","CN_ratio",43.5922223808,306.974141601014,0.408012413067723,-1.17693271232453
"3159","global","heath","4","snowfence","E4SF","LDMC",0.424077206151195,0.00136345484110941,-0.169851661179204,-0.848183923637422
"3160","global","heath","4","snowfence","E4SF","SLA",108.605373286122,295.427448680336,0.305594147417184,-0.836445433909542
"3161","global","heath","4","snowfence","E4SF","d13C",-28.8144,1.6043764040404,-0.287393466167746,-0.892343788819372
"3162","global","heath","4","snowfence","E4SF","d15N",-5.4655,6.00485934343434,0.30095682615006,-1.08077990223226
"3163","global","heath","4","snowfence","E4SF","dweight",0.0461975,0.00127458306748036,3.59380545490354,14.0851254568025
"3164","global","heath","4","snowfence","E4SF","fweight",0.129783583333333,0.0135843858830738,3.12503925096585,9.34754713135604
"3165","global","heath","4","snowfence","E4SF","height",11.7524166666667,64.2584936798541,2.00902674367679,4.09402891906621
"3166","global","heath","4","snowfence","E4SF","leafa",5.4674388509275,16.5259519126772,2.58704548297877,6.27546270935785
"3167","global","heath","4","snowfence","E4SF","wC",50.8257,3.30840455555555,0.00302316063389006,-0.485062434927217
"3168","global","heath","4","snowfence","E4SF","wN",1.3695,0.266717929292929,0.100483120557016,-1.72052527984181
"3169","global","heath","5","control","E5C","CN_ratio",55.4442081504,211.338506318758,-0.551727772405231,0.00985739414908204
"3170","global","heath","5","control","E5C","LDMC",0.439706915608863,0.00133073372144411,-1.21481315887876,2.42501158571946
"3171","global","heath","5","control","E5C","SLA",96.5539970241266,399.199512847358,0.592441766631409,-0.152786097212622
"3172","global","heath","5","control","E5C","d13C",-28.6051,1.49753029292929,-0.529621249267397,-0.643400944487669
"3173","global","heath","5","control","E5C","d15N",-7.2044,3.65853195959596,-0.0828440742297329,0.823364560064961
"3174","global","heath","5","control","E5C","dweight",0.0411728333333333,0.000149423374887767,0.478236336671713,-0.859250231588441
"3175","global","heath","5","control","E5C","fweight",0.0923343333333333,0.000693237277328844,0.508731655424234,-0.691747844262229
"3176","global","heath","5","control","E5C","height",7.15941666666667,9.52054525112233,1.35406825297749,3.11475118921211
"3177","global","heath","5","control","E5C","leafa",3.86697707052333,0.979094050849748,0.310624930856767,-0.330351823897077
"3178","global","heath","5","control","E5C","wC",51.7374,2.31635882828283,-0.308271399058659,-0.228205372932671
"3179","global","heath","5","control","E5C","wN",1.0547,0.129049404040404,1.35396219522017,0.8760142928671
"3180","global","heath","5","snowfence","E5SF","CN_ratio",50.303422576,262.178865158193,-0.322196227242354,-0.907380862968632
"3181","global","heath","5","snowfence","E5SF","LDMC",0.433534079542217,0.00107087959378166,-0.133375589583927,-1.02559954219357
"3182","global","heath","5","snowfence","E5SF","SLA",98.0983473971156,244.171801117225,0.820052219697483,0.991045922523696
"3183","global","heath","5","snowfence","E5SF","d13C",-28.4043,1.8051984949495,-0.901726766662057,-0.128945206429678
"3184","global","heath","5","snowfence","E5SF","d15N",-5.8099,7.70801514141414,1.26943703106393,1.32095757644861
"3185","global","heath","5","snowfence","E5SF","dweight",0.061476,0.00219619845858586,2.02589591511163,3.56913655487419
"3186","global","heath","5","snowfence","E5SF","fweight",0.1309425,0.0148077268216891,3.14473743413752,8.97802540086701
"3187","global","heath","5","snowfence","E5SF","height",8.62,30.5416021324355,1.75507724831912,3.04181032194173
"3188","global","heath","5","snowfence","E5SF","leafa",4.96815324385167,14.3542850124653,3.17065092477546,10.588819245421
"3189","global","heath","5","snowfence","E5SF","wC",51.215,8.11154242424242,-2.17009605194126,7.03620083268338
"3190","global","heath","5","snowfence","E5SF","wN",1.1795,0.222073484848485,0.911032294703189,-0.622143597729685
"3191","global","ridge","1","control","X1C","CN_ratio",65.9312695644,355.705768688739,-1.19455688968922,0.142635093080292
"3192","global","ridge","1","control","X1C","LDMC",0.466496760121778,0.000793234798916864,-0.318508344875017,-0.2847416480488
"3193","global","ridge","1","control","X1C","SLA",95.7892600532753,259.585877800169,0.241268532285046,0.831824833410618
"3194","global","ridge","1","control","X1C","d13C",-29.0008,0.593579151515152,-0.691623030874638,-0.463982484320751
"3195","global","ridge","1","control","X1C","d15N",-5.0526,3.8916557979798,1.34556813880892,1.80949541423848
"3196","global","ridge","1","control","X1C","dweight",0.0352359166666667,0.000102174382288159,0.128284743282053,-0.273989464560058
"3197","global","ridge","1","control","X1C","fweight",0.0759285833333333,0.000363670244465488,0.571589428645724,0.0299711902021391
"3198","global","ridge","1","control","X1C","height",3.42533333333333,6.16909079685746,3.19808599377074,10.6388194109337
"3199","global","ridge","1","control","X1C","leafa",3.45277660991,0.75140384353992,-0.336082369457989,0.135003635178516
"3200","global","ridge","1","control","X1C","wC",51.8107,1.49041667676768,-0.583746871114576,-0.544238379411345
"3201","global","ridge","1","control","X1C","wN",1.0801,0.262875747474747,0.713292499670766,-1.30741651624789
"3202","global","ridge","1","snowfence","X1SF","CN_ratio",54.7294537543,406.721759588241,-0.0643952117890421,-1.42291435886694
"3203","global","ridge","1","snowfence","X1SF","LDMC",0.453565847202548,0.00131633846924949,-1.19972030849202,2.93333605882814
"3204","global","ridge","1","snowfence","X1SF","SLA",98.2459508785497,526.62236697439,0.0370129541069425,-1.28349627399749
"3205","global","ridge","1","snowfence","X1SF","d13C",-29.7244,0.824727919191919,0.498768860869462,-1.04336681477179
"3206","global","ridge","1","snowfence","X1SF","d15N",-5.3652,7.74564743434343,0.00711952741482683,0.289476824990551
"3207","global","ridge","1","snowfence","X1SF","dweight",0.035151,0.000121667738888889,0.822913659606948,-0.475048771312669
"3208","global","ridge","1","snowfence","X1SF","fweight",0.0807554833333333,0.000672870859472222,0.634010709375124,-0.226689012102286
"3209","global","ridge","1","snowfence","X1SF","height",4.50525,8.73851242283951,2.02047445509433,3.84248129763805
"3210","global","ridge","1","snowfence","X1SF","leafa",3.51822423423,0.708460112633469,0.444562245286998,-0.167498469709723
"3211","global","ridge","1","snowfence","X1SF","wC",50.8134,1.9615256969697,-0.661856111611136,2.47551904125479
"3212","global","ridge","1","snowfence","X1SF","wN",1.2584,0.258625696969697,0.213046378900521,-1.58904351100159
"3213","global","ridge","2","control","X2C","CN_ratio",63.9618895616,344.666490586634,-0.980838794120199,-0.397075469042215
"3214","global","ridge","2","control","X2C","LDMC",0.465490087926061,0.000970787691710836,-0.585607075345744,-0.0492040574235695
"3215","global","ridge","2","control","X2C","SLA",92.1804432416398,423.076821852026,-0.674198361392347,1.32020379435378
"3216","global","ridge","2","control","X2C","d13C",-28.985,0.748815151515151,-0.692220138861769,-0.314420495748879
"3217","global","ridge","2","control","X2C","d15N",-4.9841,3.12218605050505,0.946797442087489,0.65243222706649
"3218","global","ridge","2","control","X2C","dweight",0.034849,9.43604563411897e-05,0.0818695940888353,0.664156486009582
"3219","global","ridge","2","control","X2C","fweight",0.07473025,0.000451009171794332,0.205183873846389,-0.315778100009531
"3220","global","ridge","2","control","X2C","height",2.65583333333333,1.2751774691358,0.809641746448452,1.03423357441121
"3221","global","ridge","2","control","X2C","leafa",3.2940189829075,0.584239587928944,-0.0250691013632019,-0.176488167776609
"3222","global","ridge","2","control","X2C","wC",51.3541,3.96408302020202,-1.66025456507786,2.59125228916415
"3223","global","ridge","2","control","X2C","wN",0.8977,0.142197686868687,1.46144034807353,0.67693829691971
"3224","global","ridge","2","snowfence","X2SF","CN_ratio",48.8592546785,568.532083992643,0.520572340295314,-1.46025576521313
"3225","global","ridge","2","snowfence","X2SF","LDMC",0.45585740848128,0.00101219397704591,0.191455632141244,-0.776410558255771
"3226","global","ridge","2","snowfence","X2SF","SLA",102.761625936377,367.943990220889,-0.00565390766594303,-0.369391797012352
"3227","global","ridge","2","snowfence","X2SF","d13C",-29.426,0.783721212121212,0.146608776711534,-1.23239991012632
"3228","global","ridge","2","snowfence","X2SF","d15N",-4.76,4.21710101010101,1.23981525292176,1.49036379610359
"3229","global","ridge","2","snowfence","X2SF","dweight",0.0335565833333333,0.000108123234140011,0.388972723286963,-0.242217315870081
"3230","global","ridge","2","snowfence","X2SF","fweight",0.071166375,0.000438191462070356,0.4651131807229,-0.214013593667197
"3231","global","ridge","2","snowfence","X2SF","height",3.47575,5.26951752946128,2.19141916943161,7.10985779956678
"3232","global","ridge","2","snowfence","X2SF","leafa",3.108957743135,1.40835647708035,0.0461686713934148,-0.473680336445613
"3233","global","ridge","2","snowfence","X2SF","wC",51.0194,1.78867034343434,0.0415809442848258,-0.439415707692543
"3234","global","ridge","2","snowfence","X2SF","wN",1.0671,0.247279383838384,0.745449824719258,-1.10802486335251
"3235","global","ridge","3","control","X3C","CN_ratio",50.2964534325,527.846356502909,0.356705608852629,-1.62693675184643
"3236","global","ridge","3","control","X3C","LDMC",0.445416264287756,0.00150764492614509,-0.0106036598071169,-1.01480181514264
"3237","global","ridge","3","control","X3C","SLA",110.268594979541,293.74452475604,-0.0793637149766181,-0.875014382782617
"3238","global","ridge","3","control","X3C","d13C",-29.4163,0.890564959595959,0.28864678305242,-1.05253708918749
"3239","global","ridge","3","control","X3C","d15N",-4.6666,3.14756004040404,1.00290178928781,1.36888887537674
"3240","global","ridge","3","control","X3C","dweight",0.030751,0.00013626462020202,0.483153394061619,-0.360157417035113
"3241","global","ridge","3","control","X3C","fweight",0.0694943083333333,0.000555288322279111,0.345069287101552,-0.586834760942304
"3242","global","ridge","3","control","X3C","height",3.35008333333333,4.55522375841751,2.91479986291492,10.7724301624204
"3243","global","ridge","3","control","X3C","leafa",2.94314956697333,0.809771539688906,0.64259241716932,0.326969837979419
"3244","global","ridge","3","control","X3C","wC",50.9405,1.62072398989899,0.294505102498297,-1.03920157131153
"3245","global","ridge","3","control","X3C","wN",1.2644,0.262790545454545,0.0275761386909454,-1.62830605999835
"3246","global","ridge","3","snowfence","X3SF","CN_ratio",60.6080988168,437.775932552133,-0.547650481079504,-1.19350534526359
"3247","global","ridge","3","snowfence","X3SF","LDMC",0.460977556422978,0.000879231096042255,-0.524877774930219,0.159811697389928
"3248","global","ridge","3","snowfence","X3SF","SLA",91.9335205825218,384.692421078915,-0.904820251712413,1.36808558736718
"3249","global","ridge","3","snowfence","X3SF","d13C",-28.9992,0.666928646464647,-1.12149432281151,0.140225353970237
"3250","global","ridge","3","snowfence","X3SF","d15N",-5.0882,2.48601490909091,0.55004967087097,-0.706714359813129
"3251","global","ridge","3","snowfence","X3SF","dweight",0.03630475,9.32692469907407e-05,0.00673137880056454,-0.176690355203608
"3252","global","ridge","3","snowfence","X3SF","fweight",0.0735726166666667,0.00034667713271633,-0.153860182855694,-0.0897839512402521
"3253","global","ridge","3","snowfence","X3SF","height",3.402,6.20262502805836,3.10480813132197,10.5407688812903
"3254","global","ridge","3","snowfence","X3SF","leafa",3.06847933125083,1.16205531388077,-0.139369265595918,-0.399762843177343
"3255","global","ridge","3","snowfence","X3SF","wC",51.5424,1.94092953535354,-0.429262251884849,-0.570160699798429
"3256","global","ridge","3","snowfence","X3SF","wN",1.0795,0.267315909090909,0.787928227744516,-1.12239273197428
"3257","global","ridge","4","control","X4C","CN_ratio",62.3295041845,395.225929083695,-0.746965844063502,-0.964322141611177
"3258","global","ridge","4","control","X4C","LDMC",0.464505677465275,0.00157645362459292,-1.92269772094503,8.10011736851374
"3259","global","ridge","4","control","X4C","SLA",98.923760982404,611.576831020352,3.25284264849361,14.6540779069802
"3260","global","ridge","4","control","X4C","d13C",-28.9274,0.733768929292929,-0.883351416143666,-0.0197893209716611
"3261","global","ridge","4","control","X4C","d15N",-5.6012,3.28157834343434,1.86310464845711,3.90939694688915
"3262","global","ridge","4","control","X4C","dweight",0.035636,0.000108481531818182,-0.136162007313796,-0.163177853904272
"3263","global","ridge","4","control","X4C","fweight",0.0758996416666667,0.000358461882368897,0.675072453726337,-0.106714948917304
"3264","global","ridge","4","control","X4C","height",2.99725,1.41344564393939,1.47877600188797,2.2753382440815
"3265","global","ridge","4","control","X4C","leafa",3.34511054389417,0.653862723202099,0.657856625716543,1.70904292005376
"3266","global","ridge","4","control","X4C","wC",51.6945,1.78703308080808,-1.29683969705514,2.48860195114751
"3267","global","ridge","4","control","X4C","wN",0.8934,0.176691353535354,1.6901855250273,1.19220047306585
"3268","global","ridge","4","snowfence","X4SF","CN_ratio",54.1270596671,527.952380103082,-0.0350001391377111,-1.73664184579812
"3269","global","ridge","4","snowfence","X4SF","LDMC",0.456576656047128,0.000859502348662994,-0.285437394896426,-0.0189496921337406
"3270","global","ridge","4","snowfence","X4SF","SLA",102.092789902845,360.819317288477,0.287017579823793,-0.256097879335495
"3271","global","ridge","4","snowfence","X4SF","d13C",-29.1296,0.794529131313131,-0.58044704403587,-0.874177603827002
"3272","global","ridge","4","snowfence","X4SF","d15N",-4.9497,3.46718273737374,1.16635576639541,1.33605657458672
"3273","global","ridge","4","snowfence","X4SF","dweight",0.0343825,0.000107846508838384,0.381004142560649,-0.311018775161249
"3274","global","ridge","4","snowfence","X4SF","fweight",0.074952175,0.000344338312330177,-0.157680366684858,0.0115705092859972
"3275","global","ridge","4","snowfence","X4SF","height",3.60416666666667,4.3343609708193,2.84230248195029,10.6461340062444
"3276","global","ridge","4","snowfence","X4SF","leafa",3.3758752502375,1.01623559068107,0.324270671571703,-0.340258720876226
"3277","global","ridge","4","snowfence","X4SF","wC",51.6038,1.7600541010101,-0.422276883866979,-1.05800615020911
"3278","global","ridge","4","snowfence","X4SF","wN",1.0234,0.246582262626263,0.94841291945155,-0.805900760865225
"3279","global","ridge","5","control","X5C","CN_ratio",55.6207914283,406.388957766148,-0.0492332269587621,-1.61248750396014
"3280","global","ridge","5","control","X5C","LDMC",0.450859763194594,0.00155230513653505,-0.517689458821015,-0.343668466331738
"3281","global","ridge","5","control","X5C","SLA",88.5264693002685,1090.69140287642,-0.258644509280446,-1.08444624658138
"3282","global","ridge","5","control","X5C","d13C",-29.1721,0.824711707070707,-0.322987680204696,-1.18661524945066
"3283","global","ridge","5","control","X5C","d15N",-5.3047,1.85188576767677,1.0034131309062,1.61353302462068
"3284","global","ridge","5","control","X5C","dweight",0.0288548333333333,0.000113857919725028,0.869558836656646,0.521091968170524
"3285","global","ridge","5","control","X5C","fweight",0.06675775,0.000474971909729237,0.842804054202635,0.0652102967851933
"3286","global","ridge","5","control","X5C","height",2.13841666666667,1.22139856200898,0.316370482750553,-0.873882861869513
"3287","global","ridge","5","control","X5C","leafa",2.48270486330083,1.3697426935231,0.330187681354885,-0.822629781355568
"3288","global","ridge","5","control","X5C","wC",50.8001,4.65284544444445,-0.586117030077673,-1.16865495786121
"3289","global","ridge","5","control","X5C","wN",1.0225,0.166905808080808,0.763294596835989,-1.13925248336731
"3290","global","ridge","5","snowfence","X5SF","CN_ratio",56.8349101986,571.478335022309,-0.13541824845564,-1.69501787425973
"3291","global","ridge","5","snowfence","X5SF","LDMC",0.459507150683809,0.00168984385754507,-0.371354625915956,-0.505224652466914
"3292","global","ridge","5","snowfence","X5SF","SLA",102.524252739623,362.602121471544,-0.414677960233625,0.32259926067912
"3293","global","ridge","5","snowfence","X5SF","d13C",-29.2172,0.772262787878788,-0.301845142377448,-1.11267903932156
"3294","global","ridge","5","snowfence","X5SF","d15N",-4.8637,3.35407001010101,1.07326650551589,1.31333508098809
"3295","global","ridge","5","snowfence","X5SF","dweight",0.0332394166666667,0.000113063528135522,0.567904380105169,0.0776558454455047
"3296","global","ridge","5","snowfence","X5SF","fweight",0.0690056166666667,0.000524183883524411,0.522619817854728,-0.206476292157319
"3297","global","ridge","5","snowfence","X5SF","height",3.02375,2.3393074845679,4.04754488859207,24.8566729653761
"3298","global","ridge","5","snowfence","X5SF","leafa",3.08704639787417,0.792895650306439,0.0673441061173245,-0.371326695705885
"3299","global","ridge","5","snowfence","X5SF","wC",51.025,1.8278696969697,-0.413908119742211,0.0586458270060302
"3300","global","ridge","5","snowfence","X5SF","wN",1.02,0.173472727272727,0.75376465970265,-0.770808893157682
